5
* SHG parameters using sampling weights  30JAN23
* Initiation parameters for SHG                                                                     
* Estimates for all race by gender [M(1) F(2)]                                                      
1,2,237,0,99
* Race,Sex,Age,1864-1864,1865-1865,1866-1866,1867-1867,1868-1868,1869-1869,1870-1870,1871-1871,1872-1872,1873-1873,1874-1874,1875-1875,1876-1876,1877-1877,1878-1878,1879-1879,1880-1880,1881-1881,1882-1882,1883-1883,1884-1884,1885-1885,1886-1886,1887-1887,1888-1888,1889-1889,1890-1890,1891-1891,1892-1892,1893-1893,1894-1894,1895-1895,1896-1896,1897-1897,1898-1898,1899-1899,1900-1900,1901-1901,1902-1902,1903-1903,1904-1904,1905-1905,1906-1906,1907-1907,1908-1908,1909-1909,1910-1910,1911-1911,1912-1912,1913-1913,1914-1914,1915-1915,1916-1916,1917-1917,1918-1918,1919-1919,1920-1920,1921-1921,1922-1922,1923-1923,1924-1924,1925-1925,1926-1926,1927-1927,1928-1928,1929-1929,1930-1930,1931-1931,1932-1932,1933-1933,1934-1934,1935-1935,1936-1936,1937-1937,1938-1938,1939-1939,1940-1940,1941-1941,1942-1942,1943-1943,1944-1944,1945-1945,1946-1946,1947-1947,1948-1948,1949-1949,1950-1950,1951-1951,1952-1952,1953-1953,1954-1954,1955-1955,1956-1956,1957-1957,1958-1958,1959-1959,1960-1960,1961-1961,1962-1962,1963-1963,1964-1964,1965-1965,1966-1966,1967-1967,1968-1968,1969-1969,1970-1970,1971-1971,1972-1972,1973-1973,1974-1974,1975-1975,1976-1976,1977-1977,1978-1978,1979-1979,1980-1980,1981-1981,1982-1982,1983-1983,1984-1984,1985-1985,1986-1986,1987-1987,1988-1988,1989-1989,1990-1990,1991-1991,1992-1992,1993-1993,1994-1994,1995-1995,1996-1996,1997-1997,1998-1998,1999-1999,2000-2000,2001-2001,2002-2002,2003-2003,2004-2004,2005-2005,2006-2006,2007-2007,2008-2008,2009-2009,2010-2010,2011-2011,2012-2012,2013-2013,2014-2014,2015-2015,2016-2016,2017-2017,2018-2018,2019-2019,2020-2020,2021-2021,2022-2022,2023-2023,2024-2024,2025-2025,2026-2026,2027-2027,2028-2028,2029-2029,2030-2030,2031-2031,2032-2032,2033-2033,2034-2034,2035-2035,2036-2036,2037-2037,2038-2038,2039-2039,2040-2040,2041-2041,2042-2042,2043-2043,2044-2044,2045-2045,2046-2046,2047-2047,2048-2048,2049-2049,2050-2050,2051-2051,2052-2052,2053-2053,2054-2054,2055-2055,2056-2056,2057-2057,2058-2058,2059-2059,2060-2060,2061-2061,2062-2062,2063-2063,2064-2064,2065-2065,2066-2066,2067-2067,2068-2068,2069-2069,2070-2070,2071-2071,2072-2072,2073-2073,2074-2074,2075-2075,2076-2076,2077-2077,2078-2078,2079-2079,2080-2080,2081-2081,2082-2082,2083-2083,2084-2084,2085-2085,2086-2086,2087-2087,2088-2088,2089-2089,2090-2090,2091-2091,2092-2092,2093-2093,2094-2094,2095-2095,2096-2096,2097-2097,2098-2098,2099-2099,2100-2100
0,0,0,0.000000000,0.000000000,0.000000000,0.000000000,0.000000000,0.000000000,0.000000000,0.000000000,0.000000000,0.000000000,0.000000000,0.000000000,0.000000000,0.000000000,0.000000000,0.000000000,0.000000000,0.000000000,0.000000000,0.000000000,0.000000000,0.000000000,0.000000000,0.000000000,0.000000000,0.000000000,0.000000000,0.000000000,0.000000000,0.000000000,0.000000000,0.000000000,0.000000000,0.000000000,0.000000000,0.000000000,0.000000000,0.000000000,0.000000000,0.000000000,0.000000000,0.000000000,0.000000000,0.000000000,0.000000000,0.000000000,0.000000000,0.000000000,0.000000000,0.000000000,0.000000000,0.000000000,0.000000000,0.000000000,0.000000000,0.000000000,0.000000000,0.000000000,0.000000000,0.000000000,0.000000000,0.000000000,0.000000000,0.000000000,0.000000000,0.000000000,0.000000000,0.000000000,0.000000000,0.000000000,0.000000000,0.000000000,0.000000000,0.000000000,0.000000000,0.000000000,0.000000000,0.000000000,0.000000000,0.000000000,0.000000000,0.000000000,0.000000000,0.000000000,0.000000000,0.000000000,0.000000000,0.000000000,0.000000000,0.000000000,0.000000000,0.000000000,0.000000000,0.000000000,0.000000000,0.000000000,0.000000000,0.000000000,0.000000000,0.000000000,0.000000000,0.000000000,0.000000000,0.000000000,0.000000000,0.000000000,0.000000000,0.000000000,0.000000000,0.000000000,0.000000000,0.000000000,0.000000000,0.000000000,0.000000000,0.000000000,0.000000000,0.000000000,0.000000000,0.000000000,0.000000000,0.000000000,0.000000000,0.000000000,0.000000000,0.000000000,0.000000000,0.000000000,0.000000000,0.000000000,0.000000000,0.000000000,0.000000000,0.000000000,0.000000000,0.000000000,0.000000000,0.000000000,0.000000000,0.000000000,0.000000000,0.000000000,0.000000000,0.000000000,0.000000000,0.000000000,0.000000000,0.000000000,0.000000000,0.000000000,0.000000000,0.000000000,0.000000000,0.000000000,0.000000000,0.000000000,0.000000000,0.000000000,0.000000000,0.000000000,0.000000000,0.000000000,0.000000000,0.000000000,0.000000000,0.000000000,0.000000000,0.000000000,0.000000000,0.000000000,0.000000000,0.000000000,0.000000000,0.000000000,0.000000000,0.000000000,0.000000000,0.000000000,0.000000000,0.000000000,0.000000000,0.000000000,0.000000000,0.000000000,0.000000000,0.000000000,0.000000000,0.000000000,0.000000000,0.000000000,0.000000000,0.000000000,0.000000000,0.000000000,0.000000000,0.000000000,0.000000000,0.000000000,0.000000000,0.000000000,0.000000000,0.000000000,0.000000000,0.000000000,0.000000000,0.000000000,0.000000000,0.000000000,0.000000000,0.000000000,0.000000000,0.000000000,0.000000000,0.000000000,0.000000000,0.000000000,0.000000000,0.000000000,0.000000000,0.000000000,0.000000000,0.000000000,0.000000000,0.000000000,0.000000000,0.000000000,0.000000000,0.000000000,0.000000000,0.000000000,0.000000000,0.000000000,0.000000000,0.000000000,0.000000000,0.000000000,0.000000000
0,0,1,0.000000000,0.000000000,0.000000000,0.000000000,0.000000000,0.000000000,0.000000000,0.000000000,0.000000000,0.000000000,0.000000000,0.000000000,0.000000000,0.000000000,0.000000000,0.000000000,0.000000000,0.000000000,0.000000000,0.000000000,0.000000000,0.000000000,0.000000000,0.000000000,0.000000000,0.000000000,0.000000000,0.000000000,0.000000000,0.000000000,0.000000000,0.000000000,0.000000000,0.000000000,0.000000000,0.000000000,0.000000000,0.000000000,0.000000000,0.000000000,0.000000000,0.000000000,0.000000000,0.000000000,0.000000000,0.000000000,0.000000000,0.000000000,0.000000000,0.000000000,0.000000000,0.000000000,0.000000000,0.000000000,0.000000000,0.000000000,0.000000000,0.000000000,0.000000000,0.000000000,0.000000000,0.000000000,0.000000000,0.000000000,0.000000000,0.000000000,0.000000000,0.000000000,0.000000000,0.000000000,0.000000000,0.000000000,0.000000000,0.000000000,0.000000000,0.000000000,0.000000000,0.000000000,0.000000000,0.000000000,0.000000000,0.000000000,0.000000000,0.000000000,0.000000000,0.000000000,0.000000000,0.000000000,0.000000000,0.000000000,0.000000000,0.000000000,0.000000000,0.000000000,0.000000000,0.000000000,0.000000000,0.000000000,0.000000000,0.000000000,0.000000000,0.000000000,0.000000000,0.000000000,0.000000000,0.000000000,0.000000000,0.000000000,0.000000000,0.000000000,0.000000000,0.000000000,0.000000000,0.000000000,0.000000000,0.000000000,0.000000000,0.000000000,0.000000000,0.000000000,0.000000000,0.000000000,0.000000000,0.000000000,0.000000000,0.000000000,0.000000000,0.000000000,0.000000000,0.000000000,0.000000000,0.000000000,0.000000000,0.000000000,0.000000000,0.000000000,0.000000000,0.000000000,0.000000000,0.000000000,0.000000000,0.000000000,0.000000000,0.000000000,0.000000000,0.000000000,0.000000000,0.000000000,0.000000000,0.000000000,0.000000000,0.000000000,0.000000000,0.000000000,0.000000000,0.000000000,0.000000000,0.000000000,0.000000000,0.000000000,0.000000000,0.000000000,0.000000000,0.000000000,0.000000000,0.000000000,0.000000000,0.000000000,0.000000000,0.000000000,0.000000000,0.000000000,0.000000000,0.000000000,0.000000000,0.000000000,0.000000000,0.000000000,0.000000000,0.000000000,0.000000000,0.000000000,0.000000000,0.000000000,0.000000000,0.000000000,0.000000000,0.000000000,0.000000000,0.000000000,0.000000000,0.000000000,0.000000000,0.000000000,0.000000000,0.000000000,0.000000000,0.000000000,0.000000000,0.000000000,0.000000000,0.000000000,0.000000000,0.000000000,0.000000000,0.000000000,0.000000000,0.000000000,0.000000000,0.000000000,0.000000000,0.000000000,0.000000000,0.000000000,0.000000000,0.000000000,0.000000000,0.000000000,0.000000000,0.000000000,0.000000000,0.000000000,0.000000000,0.000000000,0.000000000,0.000000000,0.000000000,0.000000000,0.000000000,0.000000000,0.000000000,0.000000000,0.000000000,0.000000000,0.000000000,0.000000000,0.000000000
0,0,2,0.000000000,0.000000000,0.000000000,0.000000000,0.000000000,0.000000000,0.000000000,0.000000000,0.000000000,0.000000000,0.000000000,0.000000000,0.000000000,0.000000000,0.000000000,0.000000000,0.000000000,0.000000000,0.000000000,0.000000000,0.000000000,0.000000000,0.000000000,0.000000000,0.000000000,0.000000000,0.000000000,0.000000000,0.000000000,0.000000000,0.000000000,0.000000000,0.000000000,0.000000000,0.000000000,0.000000000,0.000000000,0.000000000,0.000000000,0.000000000,0.000000000,0.000000000,0.000000000,0.000000000,0.000000000,0.000000000,0.000000000,0.000000000,0.000000000,0.000000000,0.000000000,0.000000000,0.000000000,0.000000000,0.000000000,0.000000000,0.000000000,0.000000000,0.000000000,0.000000000,0.000000000,0.000000000,0.000000000,0.000000000,0.000000000,0.000000000,0.000000000,0.000000000,0.000000000,0.000000000,0.000000000,0.000000000,0.000000000,0.000000000,0.000000000,0.000000000,0.000000000,0.000000000,0.000000000,0.000000000,0.000000000,0.000000000,0.000000000,0.000000000,0.000000000,0.000000000,0.000000000,0.000000000,0.000000000,0.000000000,0.000000000,0.000000000,0.000000000,0.000000000,0.000000000,0.000000000,0.000000000,0.000000000,0.000000000,0.000000000,0.000000000,0.000000000,0.000000000,0.000000000,0.000000000,0.000000000,0.000000000,0.000000000,0.000000000,0.000000000,0.000000000,0.000000000,0.000000000,0.000000000,0.000000000,0.000000000,0.000000000,0.000000000,0.000000000,0.000000000,0.000000000,0.000000000,0.000000000,0.000000000,0.000000000,0.000000000,0.000000000,0.000000000,0.000000000,0.000000000,0.000000000,0.000000000,0.000000000,0.000000000,0.000000000,0.000000000,0.000000000,0.000000000,0.000000000,0.000000000,0.000000000,0.000000000,0.000000000,0.000000000,0.000000000,0.000000000,0.000000000,0.000000000,0.000000000,0.000000000,0.000000000,0.000000000,0.000000000,0.000000000,0.000000000,0.000000000,0.000000000,0.000000000,0.000000000,0.000000000,0.000000000,0.000000000,0.000000000,0.000000000,0.000000000,0.000000000,0.000000000,0.000000000,0.000000000,0.000000000,0.000000000,0.000000000,0.000000000,0.000000000,0.000000000,0.000000000,0.000000000,0.000000000,0.000000000,0.000000000,0.000000000,0.000000000,0.000000000,0.000000000,0.000000000,0.000000000,0.000000000,0.000000000,0.000000000,0.000000000,0.000000000,0.000000000,0.000000000,0.000000000,0.000000000,0.000000000,0.000000000,0.000000000,0.000000000,0.000000000,0.000000000,0.000000000,0.000000000,0.000000000,0.000000000,0.000000000,0.000000000,0.000000000,0.000000000,0.000000000,0.000000000,0.000000000,0.000000000,0.000000000,0.000000000,0.000000000,0.000000000,0.000000000,0.000000000,0.000000000,0.000000000,0.000000000,0.000000000,0.000000000,0.000000000,0.000000000,0.000000000,0.000000000,0.000000000,0.000000000,0.000000000,0.000000000,0.000000000,0.000000000,0.000000000,0.000000000,0.000000000
0,0,3,0.000000000,0.000000000,0.000000000,0.000000000,0.000000000,0.000000000,0.000000000,0.000000000,0.000000000,0.000000000,0.000000000,0.000000000,0.000000000,0.000000000,0.000000000,0.000000000,0.000000000,0.000000000,0.000000000,0.000000000,0.000000000,0.000000000,0.000000000,0.000000000,0.000000000,0.000000000,0.000000000,0.000000000,0.000000000,0.000000000,0.000000000,0.000000000,0.000000000,0.000000000,0.000000000,0.000000000,0.000000000,0.000000000,0.000000000,0.000000000,0.000000000,0.000000000,0.000000000,0.000000000,0.000000000,0.000000000,0.000000000,0.000000000,0.000000000,0.000000000,0.000000000,0.000000000,0.000000000,0.000000000,0.000000000,0.000000000,0.000000000,0.000000000,0.000000000,0.000000000,0.000000000,0.000000000,0.000000000,0.000000000,0.000000000,0.000000000,0.000000000,0.000000000,0.000000000,0.000000000,0.000000000,0.000000000,0.000000000,0.000000000,0.000000000,0.000000000,0.000000000,0.000000000,0.000000000,0.000000000,0.000000000,0.000000000,0.000000000,0.000000000,0.000000000,0.000000000,0.000000000,0.000000000,0.000000000,0.000000000,0.000000000,0.000000000,0.000000000,0.000000000,0.000000000,0.000000000,0.000000000,0.000000000,0.000000000,0.000000000,0.000000000,0.000000000,0.000000000,0.000000000,0.000000000,0.000000000,0.000000000,0.000000000,0.000000000,0.000000000,0.000000000,0.000000000,0.000000000,0.000000000,0.000000000,0.000000000,0.000000000,0.000000000,0.000000000,0.000000000,0.000000000,0.000000000,0.000000000,0.000000000,0.000000000,0.000000000,0.000000000,0.000000000,0.000000000,0.000000000,0.000000000,0.000000000,0.000000000,0.000000000,0.000000000,0.000000000,0.000000000,0.000000000,0.000000000,0.000000000,0.000000000,0.000000000,0.000000000,0.000000000,0.000000000,0.000000000,0.000000000,0.000000000,0.000000000,0.000000000,0.000000000,0.000000000,0.000000000,0.000000000,0.000000000,0.000000000,0.000000000,0.000000000,0.000000000,0.000000000,0.000000000,0.000000000,0.000000000,0.000000000,0.000000000,0.000000000,0.000000000,0.000000000,0.000000000,0.000000000,0.000000000,0.000000000,0.000000000,0.000000000,0.000000000,0.000000000,0.000000000,0.000000000,0.000000000,0.000000000,0.000000000,0.000000000,0.000000000,0.000000000,0.000000000,0.000000000,0.000000000,0.000000000,0.000000000,0.000000000,0.000000000,0.000000000,0.000000000,0.000000000,0.000000000,0.000000000,0.000000000,0.000000000,0.000000000,0.000000000,0.000000000,0.000000000,0.000000000,0.000000000,0.000000000,0.000000000,0.000000000,0.000000000,0.000000000,0.000000000,0.000000000,0.000000000,0.000000000,0.000000000,0.000000000,0.000000000,0.000000000,0.000000000,0.000000000,0.000000000,0.000000000,0.000000000,0.000000000,0.000000000,0.000000000,0.000000000,0.000000000,0.000000000,0.000000000,0.000000000,0.000000000,0.000000000,0.000000000,0.000000000,0.000000000,0.000000000,0.000000000
0,0,4,0.000000000,0.000000000,0.000000000,0.000000000,0.000000000,0.000000000,0.000000000,0.000000000,0.000000000,0.000000000,0.000000000,0.000000000,0.000000000,0.000000000,0.000000000,0.000000000,0.000000000,0.000000000,0.000000000,0.000000000,0.000000000,0.000000000,0.000000000,0.000000000,0.000000000,0.000000000,0.000000000,0.000000000,0.000000000,0.000000000,0.000000000,0.000000000,0.000000000,0.000000000,0.000000000,0.000000000,0.000000000,0.000000000,0.000000000,0.000000000,0.000000000,0.000000000,0.000000000,0.000000000,0.000000000,0.000000000,0.000000000,0.000000000,0.000000000,0.000000000,0.000000000,0.000000000,0.000000000,0.000000000,0.000000000,0.000000000,0.000000000,0.000000000,0.000000000,0.000000000,0.000000000,0.000000000,0.000000000,0.000000000,0.000000000,0.000000000,0.000000000,0.000000000,0.000000000,0.000000000,0.000000000,0.000000000,0.000000000,0.000000000,0.000000000,0.000000000,0.000000000,0.000000000,0.000000000,0.000000000,0.000000000,0.000000000,0.000000000,0.000000000,0.000000000,0.000000000,0.000000000,0.000000000,0.000000000,0.000000000,0.000000000,0.000000000,0.000000000,0.000000000,0.000000000,0.000000000,0.000000000,0.000000000,0.000000000,0.000000000,0.000000000,0.000000000,0.000000000,0.000000000,0.000000000,0.000000000,0.000000000,0.000000000,0.000000000,0.000000000,0.000000000,0.000000000,0.000000000,0.000000000,0.000000000,0.000000000,0.000000000,0.000000000,0.000000000,0.000000000,0.000000000,0.000000000,0.000000000,0.000000000,0.000000000,0.000000000,0.000000000,0.000000000,0.000000000,0.000000000,0.000000000,0.000000000,0.000000000,0.000000000,0.000000000,0.000000000,0.000000000,0.000000000,0.000000000,0.000000000,0.000000000,0.000000000,0.000000000,0.000000000,0.000000000,0.000000000,0.000000000,0.000000000,0.000000000,0.000000000,0.000000000,0.000000000,0.000000000,0.000000000,0.000000000,0.000000000,0.000000000,0.000000000,0.000000000,0.000000000,0.000000000,0.000000000,0.000000000,0.000000000,0.000000000,0.000000000,0.000000000,0.000000000,0.000000000,0.000000000,0.000000000,0.000000000,0.000000000,0.000000000,0.000000000,0.000000000,0.000000000,0.000000000,0.000000000,0.000000000,0.000000000,0.000000000,0.000000000,0.000000000,0.000000000,0.000000000,0.000000000,0.000000000,0.000000000,0.000000000,0.000000000,0.000000000,0.000000000,0.000000000,0.000000000,0.000000000,0.000000000,0.000000000,0.000000000,0.000000000,0.000000000,0.000000000,0.000000000,0.000000000,0.000000000,0.000000000,0.000000000,0.000000000,0.000000000,0.000000000,0.000000000,0.000000000,0.000000000,0.000000000,0.000000000,0.000000000,0.000000000,0.000000000,0.000000000,0.000000000,0.000000000,0.000000000,0.000000000,0.000000000,0.000000000,0.000000000,0.000000000,0.000000000,0.000000000,0.000000000,0.000000000,0.000000000,0.000000000,0.000000000,0.000000000,0.000000000,0.000000000
0,0,5,0.000000000,0.000000000,0.000000000,0.000000000,0.000000000,0.000000000,0.000000000,0.000000000,0.000000000,0.000000000,0.000000000,0.000000000,0.000000000,0.000000000,0.000000000,0.000000000,0.000000000,0.000000000,0.000000000,0.000000000,0.000000000,0.000000000,0.000000000,0.000000000,0.000000000,0.000000000,0.000000000,0.000000000,0.000000000,0.000000000,0.000000000,0.000000000,0.000000000,0.000000000,0.000000000,0.000000000,0.000000000,0.000000000,0.000000000,0.000000000,0.000000000,0.000000000,0.000000000,0.000000000,0.000000000,0.000000000,0.000000000,0.000000000,0.000000000,0.000000000,0.000000000,0.000000000,0.000000000,0.000000000,0.000000000,0.000000000,0.000000000,0.000000000,0.000000000,0.000000000,0.000000000,0.000000000,0.000000000,0.000000000,0.000000000,0.000000000,0.000000000,0.000000000,0.000000000,0.000000000,0.000000000,0.000000000,0.000000000,0.000000000,0.000000000,0.000000000,0.000000000,0.000000000,0.000000000,0.000000000,0.000000000,0.000000000,0.000000000,0.000000000,0.000000000,0.000000000,0.000000000,0.000000000,0.000000000,0.000000000,0.000000000,0.000000000,0.000000000,0.000000000,0.000000000,0.000000000,0.000000000,0.000000000,0.000000000,0.000000000,0.000000000,0.000000000,0.000000000,0.000000000,0.000000000,0.000000000,0.000000000,0.000000000,0.000000000,0.000000000,0.000000000,0.000000000,0.000000000,0.000000000,0.000000000,0.000000000,0.000000000,0.000000000,0.000000000,0.000000000,0.000000000,0.000000000,0.000000000,0.000000000,0.000000000,0.000000000,0.000000000,0.000000000,0.000000000,0.000000000,0.000000000,0.000000000,0.000000000,0.000000000,0.000000000,0.000000000,0.000000000,0.000000000,0.000000000,0.000000000,0.000000000,0.000000000,0.000000000,0.000000000,0.000000000,0.000000000,0.000000000,0.000000000,0.000000000,0.000000000,0.000000000,0.000000000,0.000000000,0.000000000,0.000000000,0.000000000,0.000000000,0.000000000,0.000000000,0.000000000,0.000000000,0.000000000,0.000000000,0.000000000,0.000000000,0.000000000,0.000000000,0.000000000,0.000000000,0.000000000,0.000000000,0.000000000,0.000000000,0.000000000,0.000000000,0.000000000,0.000000000,0.000000000,0.000000000,0.000000000,0.000000000,0.000000000,0.000000000,0.000000000,0.000000000,0.000000000,0.000000000,0.000000000,0.000000000,0.000000000,0.000000000,0.000000000,0.000000000,0.000000000,0.000000000,0.000000000,0.000000000,0.000000000,0.000000000,0.000000000,0.000000000,0.000000000,0.000000000,0.000000000,0.000000000,0.000000000,0.000000000,0.000000000,0.000000000,0.000000000,0.000000000,0.000000000,0.000000000,0.000000000,0.000000000,0.000000000,0.000000000,0.000000000,0.000000000,0.000000000,0.000000000,0.000000000,0.000000000,0.000000000,0.000000000,0.000000000,0.000000000,0.000000000,0.000000000,0.000000000,0.000000000,0.000000000,0.000000000,0.000000000,0.000000000,0.000000000,0.000000000
0,0,6,0.000000000,0.000000000,0.000000000,0.000000000,0.000000000,0.000000000,0.000000000,0.000000000,0.000000000,0.000000000,0.000000000,0.000000000,0.000000000,0.000000000,0.000000000,0.000000000,0.000000000,0.000000000,0.000000000,0.000000000,0.000000000,0.000000000,0.000000000,0.000000000,0.000000000,0.000000000,0.000000000,0.000000000,0.000000000,0.000000000,0.000000000,0.000000000,0.000000000,0.000000000,0.000000000,0.000000000,0.000000000,0.000000000,0.000000000,0.000000000,0.000000000,0.000000000,0.000000000,0.000000000,0.000000000,0.000000000,0.000000000,0.000000000,0.000000000,0.000000000,0.000000000,0.000000000,0.000000000,0.000000000,0.000000000,0.000000000,0.000000000,0.000000000,0.000000000,0.000000000,0.000000000,0.000000000,0.000000000,0.000000000,0.000000000,0.000000000,0.000000000,0.000000000,0.000000000,0.000000000,0.000000000,0.000000000,0.000000000,0.000000000,0.000000000,0.000000000,0.000000000,0.000000000,0.000000000,0.000000000,0.000000000,0.000000000,0.000000000,0.000000000,0.000000000,0.000000000,0.000000000,0.000000000,0.000000000,0.000000000,0.000000000,0.000000000,0.000000000,0.000000000,0.000000000,0.000000000,0.000000000,0.000000000,0.000000000,0.000000000,0.000000000,0.000000000,0.000000000,0.000000000,0.000000000,0.000000000,0.000000000,0.000000000,0.000000000,0.000000000,0.000000000,0.000000000,0.000000000,0.000000000,0.000000000,0.000000000,0.000000000,0.000000000,0.000000000,0.000000000,0.000000000,0.000000000,0.000000000,0.000000000,0.000000000,0.000000000,0.000000000,0.000000000,0.000000000,0.000000000,0.000000000,0.000000000,0.000000000,0.000000000,0.000000000,0.000000000,0.000000000,0.000000000,0.000000000,0.000000000,0.000000000,0.000000000,0.000000000,0.000000000,0.000000000,0.000000000,0.000000000,0.000000000,0.000000000,0.000000000,0.000000000,0.000000000,0.000000000,0.000000000,0.000000000,0.000000000,0.000000000,0.000000000,0.000000000,0.000000000,0.000000000,0.000000000,0.000000000,0.000000000,0.000000000,0.000000000,0.000000000,0.000000000,0.000000000,0.000000000,0.000000000,0.000000000,0.000000000,0.000000000,0.000000000,0.000000000,0.000000000,0.000000000,0.000000000,0.000000000,0.000000000,0.000000000,0.000000000,0.000000000,0.000000000,0.000000000,0.000000000,0.000000000,0.000000000,0.000000000,0.000000000,0.000000000,0.000000000,0.000000000,0.000000000,0.000000000,0.000000000,0.000000000,0.000000000,0.000000000,0.000000000,0.000000000,0.000000000,0.000000000,0.000000000,0.000000000,0.000000000,0.000000000,0.000000000,0.000000000,0.000000000,0.000000000,0.000000000,0.000000000,0.000000000,0.000000000,0.000000000,0.000000000,0.000000000,0.000000000,0.000000000,0.000000000,0.000000000,0.000000000,0.000000000,0.000000000,0.000000000,0.000000000,0.000000000,0.000000000,0.000000000,0.000000000,0.000000000,0.000000000,0.000000000,0.000000000,0.000000000
0,0,7,0.000000000,0.000000000,0.000000000,0.000000000,0.000000000,0.000000000,0.000000000,0.000000000,0.000000000,0.000000000,0.000000000,0.000000000,0.000000000,0.000000000,0.000000000,0.000000000,0.000000000,0.000000000,0.000000000,0.000000000,0.000000000,0.000000000,0.000000000,0.000000000,0.000000000,0.000000000,0.000000000,0.000000000,0.000000000,0.000000000,0.000000000,0.000000000,0.000000000,0.000000000,0.000000000,0.000000000,0.000000000,0.000000000,0.000000000,0.000000000,0.000000000,0.000000000,0.000000000,0.000000000,0.000000000,0.000000000,0.000000000,0.000000000,0.000000000,0.000000000,0.000000000,0.000000000,0.000000000,0.000000000,0.000000000,0.000000000,0.000000000,0.000000000,0.000000000,0.000000000,0.000000000,0.000000000,0.000000000,0.000000000,0.000000000,0.000000000,0.000000000,0.000000000,0.000000000,0.000000000,0.000000000,0.000000000,0.000000000,0.000000000,0.000000000,0.000000000,0.000000000,0.000000000,0.000000000,0.000000000,0.000000000,0.000000000,0.000000000,0.000000000,0.000000000,0.000000000,0.000000000,0.000000000,0.000000000,0.000000000,0.000000000,0.000000000,0.000000000,0.000000000,0.000000000,0.000000000,0.000000000,0.000000000,0.000000000,0.000000000,0.000000000,0.000000000,0.000000000,0.000000000,0.000000000,0.000000000,0.000000000,0.000000000,0.000000000,0.000000000,0.000000000,0.000000000,0.000000000,0.000000000,0.000000000,0.000000000,0.000000000,0.000000000,0.000000000,0.000000000,0.000000000,0.000000000,0.000000000,0.000000000,0.000000000,0.000000000,0.000000000,0.000000000,0.000000000,0.000000000,0.000000000,0.000000000,0.000000000,0.000000000,0.000000000,0.000000000,0.000000000,0.000000000,0.000000000,0.000000000,0.000000000,0.000000000,0.000000000,0.000000000,0.000000000,0.000000000,0.000000000,0.000000000,0.000000000,0.000000000,0.000000000,0.000000000,0.000000000,0.000000000,0.000000000,0.000000000,0.000000000,0.000000000,0.000000000,0.000000000,0.000000000,0.000000000,0.000000000,0.000000000,0.000000000,0.000000000,0.000000000,0.000000000,0.000000000,0.000000000,0.000000000,0.000000000,0.000000000,0.000000000,0.000000000,0.000000000,0.000000000,0.000000000,0.000000000,0.000000000,0.000000000,0.000000000,0.000000000,0.000000000,0.000000000,0.000000000,0.000000000,0.000000000,0.000000000,0.000000000,0.000000000,0.000000000,0.000000000,0.000000000,0.000000000,0.000000000,0.000000000,0.000000000,0.000000000,0.000000000,0.000000000,0.000000000,0.000000000,0.000000000,0.000000000,0.000000000,0.000000000,0.000000000,0.000000000,0.000000000,0.000000000,0.000000000,0.000000000,0.000000000,0.000000000,0.000000000,0.000000000,0.000000000,0.000000000,0.000000000,0.000000000,0.000000000,0.000000000,0.000000000,0.000000000,0.000000000,0.000000000,0.000000000,0.000000000,0.000000000,0.000000000,0.000000000,0.000000000,0.000000000,0.000000000,0.000000000,0.000000000
0,0,8,0.001326522,0.001326522,0.001326522,0.001326522,0.001326522,0.001326522,0.001326522,0.001326522,0.001326522,0.001326522,0.001326522,0.001326522,0.001326522,0.001326522,0.001326522,0.001326522,0.001326522,0.001326522,0.001326522,0.001326522,0.001326522,0.001326522,0.001326522,0.001326522,0.001326522,0.001326522,0.001326522,0.001379673,0.001435384,0.001494083,0.001556331,0.001622841,0.001694461,0.001772099,0.001856763,0.001949575,0.002051744,0.002164516,0.002289104,0.002426326,0.002575587,0.002735263,0.002902828,0.003074943,0.003247315,0.003414732,0.003571234,0.003710268,0.003824607,0.003908536,0.003962143,0.003988368,0.003991605,0.003977187,0.003950929,0.003918744,0.003886380,0.003859686,0.003845791,0.003850698,0.003875328,0.003919348,0.003982421,0.004064180,0.004164278,0.004282379,0.004418082,0.004570226,0.004734778,0.004906586,0.005081605,0.005255272,0.005354084,0.005429920,0.005474630,0.005480232,0.005439666,0.005348080,0.005204974,0.005014380,0.004787124,0.004536294,0.004275629,0.004019958,0.003782014,0.003571596,0.003395981,0.003259658,0.003162453,0.003101884,0.003070249,0.003058566,0.003057523,0.003057365,0.003047856,0.003018620,0.002959850,0.002864989,0.002736463,0.002581863,0.002415046,0.002249968,0.002097060,0.001959725,0.001839325,0.001736718,0.001652399,0.001587017,0.001542496,0.001520450,0.001520181,0.001540929,0.001581004,0.001632926,0.001687006,0.001732419,0.001757338,0.001752879,0.001723825,0.001679340,0.001630131,0.001586689,0.001556592,0.001538395,0.001528705,0.001422542,0.001311611,0.001198608,0.001087429,0.000981346,0.000893947,0.000812985,0.000739189,0.000672128,0.000611178,0.000555775,0.000505407,0.000505407,0.000505407,0.000505407,0.000505407,0.000505407,0.000505407,0.000505407,0.000505407,0.000505407,0.000505407,0.000505407,0.000505407,0.000505407,0.000505407,0.000505407,0.000505407,0.000505407,0.000505407,0.000505407,0.000505407,0.000505407,0.000505407,0.000505407,0.000505407,0.000505407,0.000505407,0.000505407,0.000505407,0.000505407,0.000505407,0.000505407,0.000505407,0.000505407,0.000505407,0.000505407,0.000505407,0.000505407,0.000505407,0.000505407,0.000505407,0.000505407,0.000505407,0.000505407,0.000505407,0.000505407,0.000505407,0.000505407,0.000505407,0.000505407,0.000505407,0.000505407,0.000505407,0.000505407,0.000505407,0.000505407,0.000505407,0.000505407,0.000505407,0.000505407,0.000505407,0.000505407,0.000505407,0.000505407,0.000505407,0.000505407,0.000505407,0.000505407,0.000505407,0.000505407,0.000505407,0.000505407,0.000505407,0.000505407,0.000505407,0.000505407,0.000505407,0.000505407,0.000505407,0.000505407,0.000505407,0.000505407,0.000505407,0.000505407,0.000505407,0.000505407,0.000505407,0.000505407,0.000505407,0.000505407,0.000505407,0.000505407,0.000505407,0.000505407,0.000505407,0.000505407,0.000505407,0.000505407,0.000505407,0.000505407,0.000505407
0,0,9,0.002312397,0.002312397,0.002312397,0.002312397,0.002312397,0.002312397,0.002312397,0.002312397,0.002312397,0.002312397,0.002312397,0.002312397,0.002312397,0.002312397,0.002312397,0.002312397,0.002312397,0.002312397,0.002312397,0.002312397,0.002312397,0.002312397,0.002312397,0.002312397,0.002312397,0.002312397,0.002312397,0.002404968,0.002501991,0.002604209,0.002712601,0.002828409,0.002953109,0.003088277,0.003235672,0.003397246,0.003575098,0.003771399,0.003987838,0.004223984,0.004477915,0.004746259,0.005024041,0.005304880,0.005580817,0.005842428,0.006079221,0.006279973,0.006434539,0.006541506,0.006603977,0.006627663,0.006620330,0.006591001,0.006549276,0.006504808,0.006466964,0.006445370,0.006449912,0.006482575,0.006543104,0.006631074,0.006745898,0.006886784,0.007052822,0.007242978,0.007455978,0.007689141,0.007935847,0.008190733,0.008447797,0.008699344,0.008824193,0.008909054,0.008941106,0.008908079,0.008799464,0.008608587,0.008337749,0.008001271,0.007617934,0.007207692,0.006791077,0.006390105,0.006023571,0.005705961,0.005448211,0.005257349,0.005131214,0.005057785,0.005023392,0.005013985,0.005014554,0.005009167,0.004981143,0.004913857,0.004792128,0.004606725,0.004365755,0.004091593,0.003807901,0.003535466,0.003289265,0.003073321,0.002888705,0.002735980,0.002615437,0.002527918,0.002475538,0.002457045,0.002470980,0.002516676,0.002591716,0.002683926,0.002777222,0.002853506,0.002893050,0.002881188,0.002826654,0.002747284,0.002661308,0.002585793,0.002532956,0.002500303,0.002482223,0.002308314,0.002127489,0.001943976,0.001763858,0.001592024,0.001450435,0.001319233,0.001199612,0.001090881,0.000992036,0.000902167,0.000820448,0.000820448,0.000820448,0.000820448,0.000820448,0.000820448,0.000820448,0.000820448,0.000820448,0.000820448,0.000820448,0.000820448,0.000820448,0.000820448,0.000820448,0.000820448,0.000820448,0.000820448,0.000820448,0.000820448,0.000820448,0.000820448,0.000820448,0.000820448,0.000820448,0.000820448,0.000820448,0.000820448,0.000820448,0.000820448,0.000820448,0.000820448,0.000820448,0.000820448,0.000820448,0.000820448,0.000820448,0.000820448,0.000820448,0.000820448,0.000820448,0.000820448,0.000820448,0.000820448,0.000820448,0.000820448,0.000820448,0.000820448,0.000820448,0.000820448,0.000820448,0.000820448,0.000820448,0.000820448,0.000820448,0.000820448,0.000820448,0.000820448,0.000820448,0.000820448,0.000820448,0.000820448,0.000820448,0.000820448,0.000820448,0.000820448,0.000820448,0.000820448,0.000820448,0.000820448,0.000820448,0.000820448,0.000820448,0.000820448,0.000820448,0.000820448,0.000820448,0.000820448,0.000820448,0.000820448,0.000820448,0.000820448,0.000820448,0.000820448,0.000820448,0.000820448,0.000820448,0.000820448,0.000820448,0.000820448,0.000820448,0.000820448,0.000820448,0.000820448,0.000820448,0.000820448,0.000820448,0.000820448,0.000820448,0.000820448,0.000820448
0,0,10,0.004028670,0.004028670,0.004028670,0.004028670,0.004028670,0.004028670,0.004028670,0.004028670,0.004028670,0.004028670,0.004028670,0.004028670,0.004028670,0.004028670,0.004028670,0.004028670,0.004028670,0.004028670,0.004028670,0.004028670,0.004028670,0.004028670,0.004028670,0.004028670,0.004028670,0.004028670,0.004028670,0.004189697,0.004358448,0.004536215,0.004724699,0.004926057,0.005142855,0.005377833,0.005634045,0.005914880,0.006223984,0.006564433,0.006936130,0.007336901,0.007762535,0.008206238,0.008658436,0.009107208,0.009538098,0.009934448,0.010278218,0.010553726,0.010757227,0.010891194,0.010962176,0.010980505,0.010959433,0.010913923,0.010859684,0.010812465,0.010787671,0.010797941,0.010846235,0.010932788,0.011057371,0.011219254,0.011417206,0.011649444,0.011913792,0.012207680,0.012527981,0.012870643,0.013229973,0.013598222,0.013965201,0.014318102,0.014458402,0.014530300,0.014513879,0.014390545,0.014144979,0.013771299,0.013286239,0.012715450,0.012087687,0.011432803,0.010781091,0.010164961,0.009612141,0.009144270,0.008778231,0.008521915,0.008358657,0.008267355,0.008227003,0.008215218,0.008207634,0.008178298,0.008100360,0.007947772,0.007697887,0.007342668,0.006912480,0.006446048,0.005978921,0.005541478,0.005154936,0.004823708,0.004548083,0.004328058,0.004163727,0.004054771,0.003998222,0.003991533,0.004033304,0.004123078,0.004257189,0.004415576,0.004571417,0.004694465,0.004751996,0.004721151,0.004620973,0.004482014,0.004334085,0.004204868,0.004114015,0.004057262,0.004025367,0.003742009,0.003448602,0.003151603,0.002860128,0.002581945,0.002352690,0.002140177,0.001946362,0.001770138,0.001609893,0.001464163,0.001331621,0.001331621,0.001331621,0.001331621,0.001331621,0.001331621,0.001331621,0.001331621,0.001331621,0.001331621,0.001331621,0.001331621,0.001331621,0.001331621,0.001331621,0.001331621,0.001331621,0.001331621,0.001331621,0.001331621,0.001331621,0.001331621,0.001331621,0.001331621,0.001331621,0.001331621,0.001331621,0.001331621,0.001331621,0.001331621,0.001331621,0.001331621,0.001331621,0.001331621,0.001331621,0.001331621,0.001331621,0.001331621,0.001331621,0.001331621,0.001331621,0.001331621,0.001331621,0.001331621,0.001331621,0.001331621,0.001331621,0.001331621,0.001331621,0.001331621,0.001331621,0.001331621,0.001331621,0.001331621,0.001331621,0.001331621,0.001331621,0.001331621,0.001331621,0.001331621,0.001331621,0.001331621,0.001331621,0.001331621,0.001331621,0.001331621,0.001331621,0.001331621,0.001331621,0.001331621,0.001331621,0.001331621,0.001331621,0.001331621,0.001331621,0.001331621,0.001331621,0.001331621,0.001331621,0.001331621,0.001331621,0.001331621,0.001331621,0.001331621,0.001331621,0.001331621,0.001331621,0.001331621,0.001331621,0.001331621,0.001331621,0.001331621,0.001331621,0.001331621,0.001331621,0.001331621,0.001331621,0.001331621,0.001331621,0.001331621,0.001331621
0,0,11,0.007012987,0.007012987,0.007012987,0.007012987,0.007012987,0.007012987,0.007012987,0.007012987,0.007012987,0.007012987,0.007012987,0.007012987,0.007012987,0.007012987,0.007012987,0.007012987,0.007012987,0.007012987,0.007012987,0.007012987,0.007012987,0.007012987,0.007012987,0.007012987,0.007012987,0.007012987,0.007012987,0.007292539,0.007585439,0.007893928,0.008220953,0.008570254,0.008946279,0.009353772,0.009798025,0.010284904,0.010819585,0.011402435,0.012031005,0.012700160,0.013401119,0.014120610,0.014840666,0.015539549,0.016191634,0.016768213,0.017244033,0.017614275,0.017880486,0.018049042,0.018132279,0.018148052,0.018118440,0.018067972,0.018022302,0.018007311,0.018042941,0.018127579,0.018260866,0.018443448,0.018674902,0.018953668,0.019277067,0.019641223,0.020041378,0.020471926,0.020928718,0.021413955,0.021920114,0.022433946,0.022938406,0.023412467,0.023533209,0.023539018,0.023399370,0.023086549,0.022583431,0.021901616,0.021072774,0.020136414,0.019135676,0.018114608,0.017117495,0.016191741,0.015378347,0.014710160,0.014207933,0.013862162,0.013643677,0.013520783,0.013460595,0.013427157,0.013380988,0.013280304,0.013082778,0.012748896,0.012252895,0.011610889,0.010877024,0.010109883,0.009361746,0.008676438,0.008083848,0.007588427,0.007189054,0.006885026,0.006673677,0.006544003,0.006490366,0.006510281,0.006602575,0.006767107,0.006997976,0.007261837,0.007513876,0.007703729,0.007779275,0.007710646,0.007531541,0.007292205,0.007041182,0.006823223,0.006669880,0.006573930,0.006520205,0.006061041,0.005586933,0.005107029,0.004635798,0.004185836,0.003814944,0.003470985,0.003157160,0.002871713,0.002612060,0.002375852,0.002160962,0.002160962,0.002160962,0.002160962,0.002160962,0.002160962,0.002160962,0.002160962,0.002160962,0.002160962,0.002160962,0.002160962,0.002160962,0.002160962,0.002160962,0.002160962,0.002160962,0.002160962,0.002160962,0.002160962,0.002160962,0.002160962,0.002160962,0.002160962,0.002160962,0.002160962,0.002160962,0.002160962,0.002160962,0.002160962,0.002160962,0.002160962,0.002160962,0.002160962,0.002160962,0.002160962,0.002160962,0.002160962,0.002160962,0.002160962,0.002160962,0.002160962,0.002160962,0.002160962,0.002160962,0.002160962,0.002160962,0.002160962,0.002160962,0.002160962,0.002160962,0.002160962,0.002160962,0.002160962,0.002160962,0.002160962,0.002160962,0.002160962,0.002160962,0.002160962,0.002160962,0.002160962,0.002160962,0.002160962,0.002160962,0.002160962,0.002160962,0.002160962,0.002160962,0.002160962,0.002160962,0.002160962,0.002160962,0.002160962,0.002160962,0.002160962,0.002160962,0.002160962,0.002160962,0.002160962,0.002160962,0.002160962,0.002160962,0.002160962,0.002160962,0.002160962,0.002160962,0.002160962,0.002160962,0.002160962,0.002160962,0.002160962,0.002160962,0.002160962,0.002160962,0.002160962,0.002160962,0.002160962,0.002160962,0.002160962,0.002160962
0,0,12,0.012199420,0.012199420,0.012199420,0.012199420,0.012199420,0.012199420,0.012199420,0.012199420,0.012199420,0.012199420,0.012199420,0.012199420,0.012199420,0.012199420,0.012199420,0.012199420,0.012199420,0.012199420,0.012199420,0.012199420,0.012199420,0.012199420,0.012199420,0.012199420,0.012199420,0.012199420,0.012199420,0.012683418,0.013190348,0.013724073,0.014289683,0.014893638,0.015543617,0.016247806,0.017015328,0.017854434,0.018765948,0.019746866,0.020790846,0.021886727,0.023016995,0.024156533,0.025272543,0.026326452,0.027274064,0.028075254,0.028722279,0.029219537,0.029573164,0.029796147,0.029910224,0.029945317,0.029937680,0.029927369,0.029956487,0.030058556,0.030229055,0.030456272,0.030739834,0.031080706,0.031477708,0.031927413,0.032424195,0.032960165,0.033525762,0.034113991,0.034732970,0.035389689,0.036071048,0.036754771,0.037412773,0.038011007,0.038028236,0.037855922,0.037447943,0.036771280,0.035831980,0.034656284,0.033293229,0.031802433,0.030247751,0.028693697,0.027204742,0.025849848,0.024689923,0.023765590,0.023072281,0.022590693,0.022278671,0.022087803,0.021966166,0.021856117,0.021694448,0.021415244,0.020953746,0.020262946,0.019348709,0.018247142,0.017040226,0.015814475,0.014645591,0.013596402,0.012709249,0.011988334,0.011430625,0.011030279,0.010765768,0.010618083,0.010580863,0.010651984,0.010830683,0.011117153,0.011501416,0.011927750,0.012321368,0.012601692,0.012695079,0.012557071,0.012243792,0.011837453,0.011416800,0.011053990,0.010799612,0.010641540,0.010554966,0.009814407,0.009049693,0.008275078,0.007513943,0.006786686,0.006187086,0.005630689,0.005122754,0.004660519,0.004239857,0.003857024,0.003508636,0.003508636,0.003508636,0.003508636,0.003508636,0.003508636,0.003508636,0.003508636,0.003508636,0.003508636,0.003508636,0.003508636,0.003508636,0.003508636,0.003508636,0.003508636,0.003508636,0.003508636,0.003508636,0.003508636,0.003508636,0.003508636,0.003508636,0.003508636,0.003508636,0.003508636,0.003508636,0.003508636,0.003508636,0.003508636,0.003508636,0.003508636,0.003508636,0.003508636,0.003508636,0.003508636,0.003508636,0.003508636,0.003508636,0.003508636,0.003508636,0.003508636,0.003508636,0.003508636,0.003508636,0.003508636,0.003508636,0.003508636,0.003508636,0.003508636,0.003508636,0.003508636,0.003508636,0.003508636,0.003508636,0.003508636,0.003508636,0.003508636,0.003508636,0.003508636,0.003508636,0.003508636,0.003508636,0.003508636,0.003508636,0.003508636,0.003508636,0.003508636,0.003508636,0.003508636,0.003508636,0.003508636,0.003508636,0.003508636,0.003508636,0.003508636,0.003508636,0.003508636,0.003508636,0.003508636,0.003508636,0.003508636,0.003508636,0.003508636,0.003508636,0.003508636,0.003508636,0.003508636,0.003508636,0.003508636,0.003508636,0.003508636,0.003508636,0.003508636,0.003508636,0.003508636,0.003508636,0.003508636,0.003508636,0.003508636,0.003508636
0,0,13,0.021200962,0.021200962,0.021200962,0.021200962,0.021200962,0.021200962,0.021200962,0.021200962,0.021200962,0.021200962,0.021200962,0.021200962,0.021200962,0.021200962,0.021200962,0.021200962,0.021200962,0.021200962,0.021200962,0.021200962,0.021200962,0.021200962,0.021200962,0.021200962,0.021200962,0.021200962,0.021200962,0.022035165,0.022908358,0.023827159,0.024800299,0.025838869,0.026956046,0.028165857,0.029480878,0.030902056,0.032425045,0.034041497,0.035737073,0.037489077,0.039264083,0.041016191,0.042687395,0.044211370,0.045527009,0.046622412,0.047504244,0.048185194,0.048679128,0.049009663,0.049213460,0.049339649,0.049447322,0.049602009,0.049857780,0.050208102,0.050630375,0.051105204,0.051631646,0.052210649,0.052839237,0.053510366,0.054213085,0.054932529,0.055657635,0.056401895,0.057184593,0.058016363,0.058874929,0.059723484,0.060516465,0.061199548,0.060938750,0.060371686,0.059441746,0.058148750,0.056514077,0.054576492,0.052410249,0.050104370,0.047752954,0.045450587,0.043291346,0.041374904,0.039775174,0.038491879,0.037509658,0.036804740,0.036315376,0.035967322,0.035678998,0.035359342,0.034909460,0.034228457,0.033237993,0.031938265,0.030355745,0.028543047,0.026620421,0.024713153,0.022929801,0.021360596,0.020066633,0.019052273,0.018304852,0.017786703,0.017461451,0.017303097,0.017304603,0.017464636,0.017782975,0.018259923,0.018878068,0.019544173,0.020138381,0.020546652,0.020655354,0.020394435,0.019856687,0.019175972,0.018479558,0.017883502,0.017468852,0.017215420,0.017081998,0.015890707,0.014659405,0.013410982,0.012183131,0.011008864,0.010040411,0.009140951,0.008319178,0.007570795,0.006889279,0.006268725,0.005703747,0.005703747,0.005703747,0.005703747,0.005703747,0.005703747,0.005703747,0.005703747,0.005703747,0.005703747,0.005703747,0.005703747,0.005703747,0.005703747,0.005703747,0.005703747,0.005703747,0.005703747,0.005703747,0.005703747,0.005703747,0.005703747,0.005703747,0.005703747,0.005703747,0.005703747,0.005703747,0.005703747,0.005703747,0.005703747,0.005703747,0.005703747,0.005703747,0.005703747,0.005703747,0.005703747,0.005703747,0.005703747,0.005703747,0.005703747,0.005703747,0.005703747,0.005703747,0.005703747,0.005703747,0.005703747,0.005703747,0.005703747,0.005703747,0.005703747,0.005703747,0.005703747,0.005703747,0.005703747,0.005703747,0.005703747,0.005703747,0.005703747,0.005703747,0.005703747,0.005703747,0.005703747,0.005703747,0.005703747,0.005703747,0.005703747,0.005703747,0.005703747,0.005703747,0.005703747,0.005703747,0.005703747,0.005703747,0.005703747,0.005703747,0.005703747,0.005703747,0.005703747,0.005703747,0.005703747,0.005703747,0.005703747,0.005703747,0.005703747,0.005703747,0.005703747,0.005703747,0.005703747,0.005703747,0.005703747,0.005703747,0.005703747,0.005703747,0.005703747,0.005703747,0.005703747,0.005703747,0.005703747,0.005703747,0.005703747,0.005703747
0,0,14,0.036376153,0.036376153,0.036376153,0.036376153,0.036376153,0.036376153,0.036376153,0.036376153,0.036376153,0.036376153,0.036376153,0.036376153,0.036376153,0.036376153,0.036376153,0.036376153,0.036376153,0.036376153,0.036376153,0.036376153,0.036376153,0.036376153,0.036376153,0.036376153,0.036376153,0.036376153,0.036376153,0.037787460,0.039263206,0.040814484,0.042455954,0.044206269,0.046087566,0.048118474,0.050299002,0.052621831,0.055075028,0.057639646,0.060286593,0.062972976,0.065638619,0.068203820,0.070570785,0.072650644,0.074428938,0.075915910,0.077130090,0.078097394,0.078843472,0.079407930,0.079850084,0.080248675,0.080698686,0.081281545,0.081985437,0.082775078,0.083613434,0.084468103,0.085336679,0.086219710,0.087111173,0.087998293,0.088861961,0.089687259,0.090497218,0.091323830,0.092197535,0.093134374,0.094097703,0.095028421,0.095854574,0.096491707,0.095633394,0.094315191,0.092528069,0.090288898,0.087625513,0.084590968,0.081295571,0.077871066,0.074455596,0.071188123,0.068206021,0.065623122,0.063443250,0.061648414,0.060222978,0.059136100,0.058298544,0.057599215,0.056914008,0.056104642,0.055023296,0.053549913,0.051678807,0.049436593,0.046858196,0.044013934,0.041073485,0.038213629,0.035587827,0.033325627,0.031517039,0.030155931,0.029176541,0.028516999,0.028127559,0.027972097,0.028043076,0.028340541,0.028864809,0.029615575,0.030562467,0.031558490,0.032436575,0.033022229,0.033136098,0.032669038,0.031771693,0.030658567,0.029532304,0.028577076,0.027921229,0.027530568,0.027333983,0.025444283,0.023488669,0.021503279,0.019548015,0.017675621,0.016130740,0.014694076,0.013379952,0.012181920,0.011089953,0.010094868,0.009188241,0.009188241,0.009188241,0.009188241,0.009188241,0.009188241,0.009188241,0.009188241,0.009188241,0.009188241,0.009188241,0.009188241,0.009188241,0.009188241,0.009188241,0.009188241,0.009188241,0.009188241,0.009188241,0.009188241,0.009188241,0.009188241,0.009188241,0.009188241,0.009188241,0.009188241,0.009188241,0.009188241,0.009188241,0.009188241,0.009188241,0.009188241,0.009188241,0.009188241,0.009188241,0.009188241,0.009188241,0.009188241,0.009188241,0.009188241,0.009188241,0.009188241,0.009188241,0.009188241,0.009188241,0.009188241,0.009188241,0.009188241,0.009188241,0.009188241,0.009188241,0.009188241,0.009188241,0.009188241,0.009188241,0.009188241,0.009188241,0.009188241,0.009188241,0.009188241,0.009188241,0.009188241,0.009188241,0.009188241,0.009188241,0.009188241,0.009188241,0.009188241,0.009188241,0.009188241,0.009188241,0.009188241,0.009188241,0.009188241,0.009188241,0.009188241,0.009188241,0.009188241,0.009188241,0.009188241,0.009188241,0.009188241,0.009188241,0.009188241,0.009188241,0.009188241,0.009188241,0.009188241,0.009188241,0.009188241,0.009188241,0.009188241,0.009188241,0.009188241,0.009188241,0.009188241,0.009188241,0.009188241,0.009188241,0.009188241,0.009188241
0,0,15,0.058369937,0.058369937,0.058369937,0.058369937,0.058369937,0.058369937,0.058369937,0.058369937,0.058369937,0.058369937,0.058369937,0.058369937,0.058369937,0.058369937,0.058369937,0.058369937,0.058369937,0.058369937,0.058369937,0.058369937,0.058369937,0.058369937,0.058369937,0.058369937,0.058369937,0.058369937,0.058369937,0.060588094,0.062904076,0.065335100,0.067903998,0.070639855,0.073569866,0.076691669,0.079992547,0.083455029,0.087054271,0.090754545,0.094504708,0.098233036,0.101842559,0.105208564,0.108210752,0.110836990,0.113106700,0.115045110,0.116686973,0.118075523,0.119251289,0.120274137,0.121232648,0.122244678,0.123416741,0.124723842,0.126110754,0.127523232,0.128903808,0.130202027,0.131413595,0.132539108,0.133569476,0.134485763,0.135275105,0.135976995,0.136642094,0.137318374,0.138050615,0.138861418,0.139695190,0.140464138,0.141063011,0.141370060,0.139510308,0.137120368,0.134209710,0.130794169,0.126902203,0.122598211,0.118036217,0.113401199,0.108886817,0.104689538,0.100961713,0.097696161,0.094862116,0.092438881,0.090407594,0.088727363,0.087279098,0.085910965,0.084451429,0.082710619,0.080528767,0.077900403,0.074854213,0.071419579,0.067632795,0.063576024,0.059469569,0.055545832,0.052009380,0.049038114,0.046741438,0.045040419,0.043835370,0.043047597,0.042611651,0.042479003,0.042642210,0.043103336,0.043862897,0.044918633,0.046230895,0.047614595,0.048829425,0.049616406,0.049710567,0.048952330,0.047569516,0.045883023,0.044194447,0.042777374,0.041820548,0.041264827,0.041001999,0.038199085,0.035293950,0.032339789,0.029425553,0.026630128,0.024322465,0.022172878,0.020203656,0.018406032,0.016765616,0.015269126,0.013904323,0.013904323,0.013904323,0.013904323,0.013904323,0.013904323,0.013904323,0.013904323,0.013904323,0.013904323,0.013904323,0.013904323,0.013904323,0.013904323,0.013904323,0.013904323,0.013904323,0.013904323,0.013904323,0.013904323,0.013904323,0.013904323,0.013904323,0.013904323,0.013904323,0.013904323,0.013904323,0.013904323,0.013904323,0.013904323,0.013904323,0.013904323,0.013904323,0.013904323,0.013904323,0.013904323,0.013904323,0.013904323,0.013904323,0.013904323,0.013904323,0.013904323,0.013904323,0.013904323,0.013904323,0.013904323,0.013904323,0.013904323,0.013904323,0.013904323,0.013904323,0.013904323,0.013904323,0.013904323,0.013904323,0.013904323,0.013904323,0.013904323,0.013904323,0.013904323,0.013904323,0.013904323,0.013904323,0.013904323,0.013904323,0.013904323,0.013904323,0.013904323,0.013904323,0.013904323,0.013904323,0.013904323,0.013904323,0.013904323,0.013904323,0.013904323,0.013904323,0.013904323,0.013904323,0.013904323,0.013904323,0.013904323,0.013904323,0.013904323,0.013904323,0.013904323,0.013904323,0.013904323,0.013904323,0.013904323,0.013904323,0.013904323,0.013904323,0.013904323,0.013904323,0.013904323,0.013904323,0.013904323,0.013904323,0.013904323,0.013904323
0,0,16,0.082433601,0.082433601,0.082433601,0.082433601,0.082433601,0.082433601,0.082433601,0.082433601,0.082433601,0.082433601,0.082433601,0.082433601,0.082433601,0.082433601,0.082433601,0.082433601,0.082433601,0.082433601,0.082433601,0.082433601,0.082433601,0.082433601,0.082433601,0.082433601,0.082433601,0.082433601,0.082433601,0.085494553,0.088685311,0.092029354,0.095557926,0.099301252,0.103255539,0.107401549,0.111714928,0.116164809,0.120710447,0.125296729,0.129848426,0.134263795,0.138409159,0.142153474,0.145491060,0.148456513,0.151086700,0.153423114,0.155517264,0.157429722,0.159215650,0.160954803,0.162764901,0.164755547,0.166875845,0.169042404,0.171179256,0.173211522,0.175060353,0.176657260,0.177997092,0.179082328,0.179903388,0.180457975,0.180810914,0.181036301,0.181201994,0.181371158,0.181601658,0.181921442,0.182256478,0.182492159,0.182493112,0.182139027,0.179161292,0.175704696,0.171770586,0.167365552,0.162509396,0.157267994,0.151830984,0.146429567,0.141307879,0.136664806,0.132493333,0.128735868,0.125352543,0.122316280,0.119602287,0.117160245,0.114851419,0.112496317,0.109890995,0.106863086,0.103425978,0.099618808,0.095466285,0.090989542,0.086214502,0.081221181,0.076261544,0.071607149,0.067502639,0.064142331,0.061569944,0.059679277,0.058358309,0.057516136,0.057074375,0.056973529,0.057206992,0.057778795,0.058688766,0.059943521,0.061537619,0.063237398,0.064726184,0.065664915,0.065707917,0.064648603,0.062789573,0.060553448,0.058335908,0.056493129,0.055263278,0.054566067,0.054258837,0.050589969,0.046781726,0.042903180,0.039070841,0.035388752,0.032347642,0.029510300,0.026907357,0.024528203,0.022354582,0.020369558,0.018557453,0.018557453,0.018557453,0.018557453,0.018557453,0.018557453,0.018557453,0.018557453,0.018557453,0.018557453,0.018557453,0.018557453,0.018557453,0.018557453,0.018557453,0.018557453,0.018557453,0.018557453,0.018557453,0.018557453,0.018557453,0.018557453,0.018557453,0.018557453,0.018557453,0.018557453,0.018557453,0.018557453,0.018557453,0.018557453,0.018557453,0.018557453,0.018557453,0.018557453,0.018557453,0.018557453,0.018557453,0.018557453,0.018557453,0.018557453,0.018557453,0.018557453,0.018557453,0.018557453,0.018557453,0.018557453,0.018557453,0.018557453,0.018557453,0.018557453,0.018557453,0.018557453,0.018557453,0.018557453,0.018557453,0.018557453,0.018557453,0.018557453,0.018557453,0.018557453,0.018557453,0.018557453,0.018557453,0.018557453,0.018557453,0.018557453,0.018557453,0.018557453,0.018557453,0.018557453,0.018557453,0.018557453,0.018557453,0.018557453,0.018557453,0.018557453,0.018557453,0.018557453,0.018557453,0.018557453,0.018557453,0.018557453,0.018557453,0.018557453,0.018557453,0.018557453,0.018557453,0.018557453,0.018557453,0.018557453,0.018557453,0.018557453,0.018557453,0.018557453,0.018557453,0.018557453,0.018557453,0.018557453,0.018557453,0.018557453,0.018557453
0,0,17,0.098379021,0.098379021,0.098379021,0.098379021,0.098379021,0.098379021,0.098379021,0.098379021,0.098379021,0.098379021,0.098379021,0.098379021,0.098379021,0.098379021,0.098379021,0.098379021,0.098379021,0.098379021,0.098379021,0.098379021,0.098379021,0.098379021,0.098379021,0.098379021,0.098379021,0.098379021,0.098379021,0.101975469,0.105720411,0.109641249,0.113763621,0.118076670,0.122558532,0.127179545,0.131904050,0.136688969,0.141480119,0.146207316,0.150778193,0.155071545,0.158972598,0.162500041,0.165701632,0.168628442,0.171331688,0.173865828,0.176295060,0.178692647,0.181124937,0.183685958,0.186460037,0.189358340,0.192265105,0.195080309,0.197712389,0.200071663,0.202065100,0.203613285,0.204711393,0.205364895,0.205588646,0.205471884,0.205112991,0.204597471,0.204002536,0.203398949,0.202850431,0.202386447,0.201923243,0.201333643,0.200506729,0.199460142,0.195751404,0.191727906,0.187379852,0.182700692,0.177695598,0.172418814,0.167064158,0.161874243,0.157050524,0.152582338,0.148429489,0.144539080,0.140871128,0.137398934,0.134098545,0.130920484,0.127726142,0.124334817,0.120599260,0.116570031,0.112311375,0.107852435,0.103203647,0.098369092,0.093355681,0.088226406,0.083229398,0.078638972,0.074677887,0.071440365,0.068966810,0.067159695,0.065908590,0.065121403,0.064715991,0.064628535,0.064853263,0.065394558,0.066263779,0.067520698,0.069171559,0.070953584,0.072513295,0.073474167,0.073453332,0.072223131,0.070122752,0.067623079,0.065160953,0.063121342,0.061767529,0.061010136,0.060689960,0.056609224,0.052370003,0.048048884,0.043775584,0.039666335,0.036271515,0.033101768,0.030191897,0.027530539,0.025097704,0.022874799,0.020844566,0.020844566,0.020844566,0.020844566,0.020844566,0.020844566,0.020844566,0.020844566,0.020844566,0.020844566,0.020844566,0.020844566,0.020844566,0.020844566,0.020844566,0.020844566,0.020844566,0.020844566,0.020844566,0.020844566,0.020844566,0.020844566,0.020844566,0.020844566,0.020844566,0.020844566,0.020844566,0.020844566,0.020844566,0.020844566,0.020844566,0.020844566,0.020844566,0.020844566,0.020844566,0.020844566,0.020844566,0.020844566,0.020844566,0.020844566,0.020844566,0.020844566,0.020844566,0.020844566,0.020844566,0.020844566,0.020844566,0.020844566,0.020844566,0.020844566,0.020844566,0.020844566,0.020844566,0.020844566,0.020844566,0.020844566,0.020844566,0.020844566,0.020844566,0.020844566,0.020844566,0.020844566,0.020844566,0.020844566,0.020844566,0.020844566,0.020844566,0.020844566,0.020844566,0.020844566,0.020844566,0.020844566,0.020844566,0.020844566,0.020844566,0.020844566,0.020844566,0.020844566,0.020844566,0.020844566,0.020844566,0.020844566,0.020844566,0.020844566,0.020844566,0.020844566,0.020844566,0.020844566,0.020844566,0.020844566,0.020844566,0.020844566,0.020844566,0.020844566,0.020844566,0.020844566,0.020844566,0.020844566,0.020844566,0.020844566,0.020844566
0,0,18,0.100849673,0.100849673,0.100849673,0.100849673,0.100849673,0.100849673,0.100849673,0.100849673,0.100849673,0.100849673,0.100849673,0.100849673,0.100849673,0.100849673,0.100849673,0.100849673,0.100849673,0.100849673,0.100849673,0.100849673,0.100849673,0.100849673,0.100849673,0.100849673,0.100849673,0.100849673,0.100849673,0.104527457,0.108356459,0.112353879,0.116500247,0.120767391,0.125126048,0.129538831,0.133962258,0.138345509,0.142626952,0.146729598,0.150555473,0.154019132,0.157167621,0.160071096,0.162788363,0.165379972,0.167905456,0.170426719,0.173014753,0.175749431,0.178704308,0.181928838,0.185300734,0.188674049,0.191926515,0.194951222,0.197650173,0.199928354,0.201689069,0.202851380,0.203411041,0.203397644,0.202916202,0.202079989,0.200988524,0.199727492,0.198373381,0.196995352,0.195654737,0.194378939,0.193086481,0.191691442,0.190230957,0.188757618,0.184963393,0.181067876,0.177052690,0.172900583,0.168603198,0.164195875,0.159843759,0.155701642,0.151720971,0.147847861,0.144061079,0.140327822,0.136625468,0.132942491,0.129269566,0.125572645,0.121730802,0.117641600,0.113393501,0.109078010,0.104739915,0.100390145,0.096021458,0.091619921,0.087173319,0.082721237,0.078478528,0.074658286,0.071347913,0.068624037,0.066543203,0.065025588,0.063974359,0.063306677,0.062946473,0.062833329,0.062961558,0.063346925,0.064050680,0.065141899,0.066625091,0.068246510,0.069666968,0.070526540,0.070459866,0.069250275,0.067223519,0.064827283,0.062468123,0.060512358,0.059212563,0.058483156,0.058171573,0.054254652,0.050185669,0.046038429,0.041937665,0.037995077,0.034738116,0.031697965,0.028907808,0.026356564,0.024024909,0.021894887,0.019949850,0.019949850,0.019949850,0.019949850,0.019949850,0.019949850,0.019949850,0.019949850,0.019949850,0.019949850,0.019949850,0.019949850,0.019949850,0.019949850,0.019949850,0.019949850,0.019949850,0.019949850,0.019949850,0.019949850,0.019949850,0.019949850,0.019949850,0.019949850,0.019949850,0.019949850,0.019949850,0.019949850,0.019949850,0.019949850,0.019949850,0.019949850,0.019949850,0.019949850,0.019949850,0.019949850,0.019949850,0.019949850,0.019949850,0.019949850,0.019949850,0.019949850,0.019949850,0.019949850,0.019949850,0.019949850,0.019949850,0.019949850,0.019949850,0.019949850,0.019949850,0.019949850,0.019949850,0.019949850,0.019949850,0.019949850,0.019949850,0.019949850,0.019949850,0.019949850,0.019949850,0.019949850,0.019949850,0.019949850,0.019949850,0.019949850,0.019949850,0.019949850,0.019949850,0.019949850,0.019949850,0.019949850,0.019949850,0.019949850,0.019949850,0.019949850,0.019949850,0.019949850,0.019949850,0.019949850,0.019949850,0.019949850,0.019949850,0.019949850,0.019949850,0.019949850,0.019949850,0.019949850,0.019949850,0.019949850,0.019949850,0.019949850,0.019949850,0.019949850,0.019949850,0.019949850,0.019949850,0.019949850,0.019949850,0.019949850,0.019949850
0,0,19,0.091112371,0.091112371,0.091112371,0.091112371,0.091112371,0.091112371,0.091112371,0.091112371,0.091112371,0.091112371,0.091112371,0.091112371,0.091112371,0.091112371,0.091112371,0.091112371,0.091112371,0.091112371,0.091112371,0.091112371,0.091112371,0.091112371,0.091112371,0.091112371,0.091112371,0.091112371,0.091112371,0.094467051,0.097952420,0.101543917,0.105208680,0.108914754,0.112628929,0.116310532,0.119913444,0.123385210,0.126664258,0.129676310,0.132364416,0.134792542,0.137046649,0.139198475,0.141308882,0.143439691,0.145651628,0.148007639,0.150579149,0.153446468,0.156640351,0.160027469,0.163449050,0.166768194,0.169868093,0.172645590,0.175006201,0.176859455,0.178115333,0.178700286,0.178630752,0.178013137,0.176962977,0.175583029,0.173963036,0.172179764,0.170301108,0.168387760,0.166492819,0.164639666,0.162789883,0.160993619,0.159312785,0.157791493,0.154501745,0.151296264,0.148152793,0.145049022,0.141968919,0.138930332,0.136000566,0.133086514,0.130094360,0.126980547,0.123734438,0.120350766,0.116834939,0.113200130,0.109460227,0.105605252,0.101592329,0.097530226,0.093526032,0.089637709,0.085884490,0.082259326,0.078741084,0.075303521,0.071921882,0.068614791,0.065522029,0.062710968,0.060240222,0.058187697,0.056612976,0.055456771,0.054642226,0.054102052,0.053772963,0.053603694,0.053599607,0.053817250,0.054318134,0.055159199,0.056342836,0.057653662,0.058805272,0.059494564,0.059414114,0.058381673,0.056669313,0.054644200,0.052646922,0.050986604,0.049876226,0.049243629,0.048960242,0.045641499,0.042196131,0.038687250,0.035220838,0.031891525,0.029141916,0.026578038,0.024227277,0.022079719,0.020118600,0.018328403,0.016694788,0.016694788,0.016694788,0.016694788,0.016694788,0.016694788,0.016694788,0.016694788,0.016694788,0.016694788,0.016694788,0.016694788,0.016694788,0.016694788,0.016694788,0.016694788,0.016694788,0.016694788,0.016694788,0.016694788,0.016694788,0.016694788,0.016694788,0.016694788,0.016694788,0.016694788,0.016694788,0.016694788,0.016694788,0.016694788,0.016694788,0.016694788,0.016694788,0.016694788,0.016694788,0.016694788,0.016694788,0.016694788,0.016694788,0.016694788,0.016694788,0.016694788,0.016694788,0.016694788,0.016694788,0.016694788,0.016694788,0.016694788,0.016694788,0.016694788,0.016694788,0.016694788,0.016694788,0.016694788,0.016694788,0.016694788,0.016694788,0.016694788,0.016694788,0.016694788,0.016694788,0.016694788,0.016694788,0.016694788,0.016694788,0.016694788,0.016694788,0.016694788,0.016694788,0.016694788,0.016694788,0.016694788,0.016694788,0.016694788,0.016694788,0.016694788,0.016694788,0.016694788,0.016694788,0.016694788,0.016694788,0.016694788,0.016694788,0.016694788,0.016694788,0.016694788,0.016694788,0.016694788,0.016694788,0.016694788,0.016694788,0.016694788,0.016694788,0.016694788,0.016694788,0.016694788,0.016694788,0.016694788,0.016694788,0.016694788,0.016694788
0,0,20,0.074409464,0.074409464,0.074409464,0.074409464,0.074409464,0.074409464,0.074409464,0.074409464,0.074409464,0.074409464,0.074409464,0.074409464,0.074409464,0.074409464,0.074409464,0.074409464,0.074409464,0.074409464,0.074409464,0.074409464,0.074409464,0.074409464,0.074409464,0.074409464,0.074409464,0.074409464,0.074409464,0.077186376,0.080034970,0.082922727,0.085817293,0.088686826,0.091498349,0.094212855,0.096787169,0.099173502,0.101317578,0.103183654,0.104837234,0.106364574,0.107841770,0.109332841,0.110892935,0.112578042,0.114443789,0.116548472,0.118958525,0.121713061,0.124698105,0.127766858,0.130785203,0.133635298,0.136215075,0.138433854,0.140208986,0.141462690,0.142119758,0.142136817,0.141592802,0.140592545,0.139231938,0.137595935,0.135758412,0.133782278,0.131722748,0.129628680,0.127542322,0.125506771,0.123588906,0.121849418,0.120333696,0.119073795,0.116613840,0.114348327,0.112255733,0.110314553,0.108507997,0.106800019,0.105060462,0.103168674,0.101046978,0.098658243,0.095997959,0.093084320,0.089947676,0.086623197,0.083145136,0.079564781,0.076004757,0.072569331,0.069320525,0.066284019,0.063458369,0.060825220,0.058357344,0.056024684,0.053798869,0.051662782,0.049632905,0.047746826,0.046058164,0.044634870,0.043529902,0.042702603,0.042096820,0.041662369,0.041351176,0.041132486,0.041044339,0.041137411,0.041457381,0.042046442,0.042905363,0.043869523,0.044720952,0.045229365,0.045161165,0.044375599,0.043071371,0.041525871,0.039998379,0.038724129,0.037865015,0.037366166,0.037129900,0.034591009,0.031957631,0.029278624,0.026635409,0.024100101,0.022006978,0.020057857,0.018272964,0.016644206,0.015158386,0.013803342,0.012567883,0.012567883,0.012567883,0.012567883,0.012567883,0.012567883,0.012567883,0.012567883,0.012567883,0.012567883,0.012567883,0.012567883,0.012567883,0.012567883,0.012567883,0.012567883,0.012567883,0.012567883,0.012567883,0.012567883,0.012567883,0.012567883,0.012567883,0.012567883,0.012567883,0.012567883,0.012567883,0.012567883,0.012567883,0.012567883,0.012567883,0.012567883,0.012567883,0.012567883,0.012567883,0.012567883,0.012567883,0.012567883,0.012567883,0.012567883,0.012567883,0.012567883,0.012567883,0.012567883,0.012567883,0.012567883,0.012567883,0.012567883,0.012567883,0.012567883,0.012567883,0.012567883,0.012567883,0.012567883,0.012567883,0.012567883,0.012567883,0.012567883,0.012567883,0.012567883,0.012567883,0.012567883,0.012567883,0.012567883,0.012567883,0.012567883,0.012567883,0.012567883,0.012567883,0.012567883,0.012567883,0.012567883,0.012567883,0.012567883,0.012567883,0.012567883,0.012567883,0.012567883,0.012567883,0.012567883,0.012567883,0.012567883,0.012567883,0.012567883,0.012567883,0.012567883,0.012567883,0.012567883,0.012567883,0.012567883,0.012567883,0.012567883,0.012567883,0.012567883,0.012567883,0.012567883,0.012567883,0.012567883,0.012567883,0.012567883,0.012567883
0,0,21,0.057035351,0.057035351,0.057035351,0.057035351,0.057035351,0.057035351,0.057035351,0.057035351,0.057035351,0.057035351,0.057035351,0.057035351,0.057035351,0.057035351,0.057035351,0.057035351,0.057035351,0.057035351,0.057035351,0.057035351,0.057035351,0.057035351,0.057035351,0.057035351,0.057035351,0.057035351,0.057035351,0.059163900,0.061311532,0.063449105,0.065547502,0.067578014,0.069511220,0.071313432,0.072948348,0.074377003,0.075577217,0.076605878,0.077538134,0.078443490,0.079383084,0.080408850,0.081566365,0.082902414,0.084464509,0.086303598,0.088451574,0.090835537,0.093340589,0.095851317,0.098260484,0.100472540,0.102403997,0.103980767,0.105136178,0.105809106,0.105954846,0.105591573,0.104794536,0.103645993,0.102220877,0.100585326,0.098796630,0.096903378,0.094947908,0.092967320,0.091011425,0.089182249,0.087542111,0.086130774,0.084977555,0.084103196,0.082477274,0.081081294,0.079897638,0.078909453,0.078071444,0.077228132,0.076249275,0.075041942,0.073545127,0.071729571,0.069596135,0.067176554,0.064515007,0.061658557,0.058681492,0.055744764,0.052950696,0.050355947,0.047988360,0.045852194,0.043935075,0.042215361,0.040666847,0.039262422,0.037960304,0.036681280,0.035425461,0.034225153,0.033124120,0.032176273,0.031424104,0.030841037,0.030388119,0.030029954,0.029738637,0.029517410,0.029399116,0.029419101,0.029609102,0.029998432,0.030587006,0.031257155,0.031853598,0.032212420,0.032165697,0.031606983,0.030676302,0.029571436,0.028477328,0.027561709,0.026939903,0.026572819,0.026390921,0.024571940,0.022686872,0.020771186,0.018883307,0.017074669,0.015581971,0.014193643,0.012923708,0.011766041,0.010710949,0.009749536,0.008873710,0.008873710,0.008873710,0.008873710,0.008873710,0.008873710,0.008873710,0.008873710,0.008873710,0.008873710,0.008873710,0.008873710,0.008873710,0.008873710,0.008873710,0.008873710,0.008873710,0.008873710,0.008873710,0.008873710,0.008873710,0.008873710,0.008873710,0.008873710,0.008873710,0.008873710,0.008873710,0.008873710,0.008873710,0.008873710,0.008873710,0.008873710,0.008873710,0.008873710,0.008873710,0.008873710,0.008873710,0.008873710,0.008873710,0.008873710,0.008873710,0.008873710,0.008873710,0.008873710,0.008873710,0.008873710,0.008873710,0.008873710,0.008873710,0.008873710,0.008873710,0.008873710,0.008873710,0.008873710,0.008873710,0.008873710,0.008873710,0.008873710,0.008873710,0.008873710,0.008873710,0.008873710,0.008873710,0.008873710,0.008873710,0.008873710,0.008873710,0.008873710,0.008873710,0.008873710,0.008873710,0.008873710,0.008873710,0.008873710,0.008873710,0.008873710,0.008873710,0.008873710,0.008873710,0.008873710,0.008873710,0.008873710,0.008873710,0.008873710,0.008873710,0.008873710,0.008873710,0.008873710,0.008873710,0.008873710,0.008873710,0.008873710,0.008873710,0.008873710,0.008873710,0.008873710,0.008873710,0.008873710,0.008873710,0.008873710,0.008873710
0,0,22,0.042821499,0.042821499,0.042821499,0.042821499,0.042821499,0.042821499,0.042821499,0.042821499,0.042821499,0.042821499,0.042821499,0.042821499,0.042821499,0.042821499,0.042821499,0.042821499,0.042821499,0.042821499,0.042821499,0.042821499,0.042821499,0.042821499,0.042821499,0.042821499,0.042821499,0.042821499,0.042821499,0.044386993,0.045936827,0.047446062,0.048889898,0.050244093,0.051484256,0.052583370,0.053513240,0.054259671,0.054868132,0.055399152,0.055910761,0.056456084,0.057081897,0.057828503,0.058732187,0.059831017,0.061164892,0.062758385,0.064561365,0.066499394,0.068484557,0.070427329,0.072243585,0.073857839,0.075204103,0.076224436,0.076867921,0.077098663,0.076921987,0.076363827,0.075482815,0.074342153,0.072999122,0.071504057,0.069900357,0.068224653,0.066508616,0.064792819,0.063163450,0.061700706,0.060443615,0.059416058,0.058635638,0.058115265,0.057141053,0.056388887,0.055846318,0.055478962,0.055163270,0.054766815,0.054194483,0.053377101,0.052269538,0.050851707,0.049129800,0.047140951,0.044933638,0.042579505,0.040224090,0.037993386,0.035944768,0.034104120,0.032479369,0.031064412,0.029843887,0.028798078,0.027905496,0.027133023,0.026404090,0.025654074,0.024885790,0.024124878,0.023405226,0.022767883,0.022245436,0.021820668,0.021466942,0.021164397,0.020911759,0.020715445,0.020597905,0.020583262,0.020693130,0.020947511,0.021346022,0.021806452,0.022220572,0.022473099,0.022442598,0.022053500,0.021403466,0.020630603,0.019864104,0.019221108,0.018782102,0.018519811,0.018385742,0.017110944,0.015790762,0.014450224,0.013130297,0.011866899,0.010824460,0.009855774,0.008970426,0.008163953,0.007429441,0.006760613,0.006151622,0.006151622,0.006151622,0.006151622,0.006151622,0.006151622,0.006151622,0.006151622,0.006151622,0.006151622,0.006151622,0.006151622,0.006151622,0.006151622,0.006151622,0.006151622,0.006151622,0.006151622,0.006151622,0.006151622,0.006151622,0.006151622,0.006151622,0.006151622,0.006151622,0.006151622,0.006151622,0.006151622,0.006151622,0.006151622,0.006151622,0.006151622,0.006151622,0.006151622,0.006151622,0.006151622,0.006151622,0.006151622,0.006151622,0.006151622,0.006151622,0.006151622,0.006151622,0.006151622,0.006151622,0.006151622,0.006151622,0.006151622,0.006151622,0.006151622,0.006151622,0.006151622,0.006151622,0.006151622,0.006151622,0.006151622,0.006151622,0.006151622,0.006151622,0.006151622,0.006151622,0.006151622,0.006151622,0.006151622,0.006151622,0.006151622,0.006151622,0.006151622,0.006151622,0.006151622,0.006151622,0.006151622,0.006151622,0.006151622,0.006151622,0.006151622,0.006151622,0.006151622,0.006151622,0.006151622,0.006151622,0.006151622,0.006151622,0.006151622,0.006151622,0.006151622,0.006151622,0.006151622,0.006151622,0.006151622,0.006151622,0.006151622,0.006151622,0.006151622,0.006151622,0.006151622,0.006151622,0.006151622,0.006151622,0.006151622,0.006151622
0,0,23,0.032680332,0.032680332,0.032680332,0.032680332,0.032680332,0.032680332,0.032680332,0.032680332,0.032680332,0.032680332,0.032680332,0.032680332,0.032680332,0.032680332,0.032680332,0.032680332,0.032680332,0.032680332,0.032680332,0.032680332,0.032680332,0.032680332,0.032680332,0.032680332,0.032680332,0.032680332,0.032680332,0.033823966,0.034930706,0.035979501,0.036949699,0.037821468,0.038575383,0.039190696,0.039657676,0.040011858,0.040300891,0.040571607,0.040868244,0.041231132,0.041696064,0.042294579,0.043056075,0.044012366,0.045183824,0.046535332,0.048014508,0.049563394,0.051112981,0.052592464,0.053934994,0.055080629,0.055977428,0.056580756,0.056859550,0.056815919,0.056463643,0.055825220,0.054947004,0.053878205,0.052663146,0.051340557,0.049943636,0.048500238,0.047043860,0.045640861,0.044357931,0.043247342,0.042332745,0.041628042,0.041143876,0.040888905,0.040359895,0.040031383,0.039878937,0.039812102,0.039726525,0.039526636,0.039142236,0.038522381,0.037635208,0.036469329,0.035035840,0.033373315,0.031545980,0.029675441,0.027875337,0.026225331,0.024755291,0.023474232,0.022380538,0.021464699,0.020712448,0.020107947,0.019626489,0.019210934,0.018800426,0.018350241,0.017863698,0.017360793,0.016867688,0.016415760,0.016030039,0.015699106,0.015407809,0.015155470,0.014944163,0.014778090,0.014672839,0.014645171,0.014710097,0.014881566,0.015159170,0.015484552,0.015780263,0.015961524,0.015941187,0.015665424,0.015203578,0.014653805,0.014107949,0.013649282,0.013334992,0.013145712,0.013047031,0.012138805,0.011198704,0.010244625,0.009305760,0.008407637,0.007666716,0.006978625,0.006350075,0.005777807,0.005256878,0.004782690,0.004351088,0.004351088,0.004351088,0.004351088,0.004351088,0.004351088,0.004351088,0.004351088,0.004351088,0.004351088,0.004351088,0.004351088,0.004351088,0.004351088,0.004351088,0.004351088,0.004351088,0.004351088,0.004351088,0.004351088,0.004351088,0.004351088,0.004351088,0.004351088,0.004351088,0.004351088,0.004351088,0.004351088,0.004351088,0.004351088,0.004351088,0.004351088,0.004351088,0.004351088,0.004351088,0.004351088,0.004351088,0.004351088,0.004351088,0.004351088,0.004351088,0.004351088,0.004351088,0.004351088,0.004351088,0.004351088,0.004351088,0.004351088,0.004351088,0.004351088,0.004351088,0.004351088,0.004351088,0.004351088,0.004351088,0.004351088,0.004351088,0.004351088,0.004351088,0.004351088,0.004351088,0.004351088,0.004351088,0.004351088,0.004351088,0.004351088,0.004351088,0.004351088,0.004351088,0.004351088,0.004351088,0.004351088,0.004351088,0.004351088,0.004351088,0.004351088,0.004351088,0.004351088,0.004351088,0.004351088,0.004351088,0.004351088,0.004351088,0.004351088,0.004351088,0.004351088,0.004351088,0.004351088,0.004351088,0.004351088,0.004351088,0.004351088,0.004351088,0.004351088,0.004351088,0.004351088,0.004351088,0.004351088,0.004351088,0.004351088,0.004351088
0,0,24,0.025525628,0.025525628,0.025525628,0.025525628,0.025525628,0.025525628,0.025525628,0.025525628,0.025525628,0.025525628,0.025525628,0.025525628,0.025525628,0.025525628,0.025525628,0.025525628,0.025525628,0.025525628,0.025525628,0.025525628,0.025525628,0.025525628,0.025525628,0.025525628,0.025525628,0.025525628,0.025525628,0.026359491,0.027143910,0.027861268,0.028494640,0.029028217,0.029447061,0.029744271,0.029947573,0.030094423,0.030222243,0.030367171,0.030563098,0.030841044,0.031229023,0.031752537,0.032436423,0.033297958,0.034313101,0.035444093,0.036649254,0.037881799,0.039085965,0.040204460,0.041183303,0.041974492,0.042537200,0.042842619,0.042889169,0.042686159,0.042246785,0.041590785,0.040755540,0.039780101,0.038699395,0.037543733,0.036338916,0.035113685,0.033920544,0.032811276,0.031830136,0.031011215,0.030368743,0.029910954,0.029644878,0.029577358,0.029344393,0.029276816,0.029308571,0.029361862,0.029359780,0.029231232,0.028923756,0.028400242,0.027639517,0.026637700,0.025410056,0.024007301,0.022530861,0.021077204,0.019721423,0.018513116,0.017466379,0.016581836,0.015854160,0.015273889,0.014829466,0.014502852,0.014251735,0.014030149,0.013794748,0.013513253,0.013188741,0.012836902,0.012478217,0.012137084,0.011833034,0.011560875,0.011319761,0.011111392,0.010936950,0.010799208,0.010709252,0.010679032,0.010719269,0.010839984,0.011040849,0.011278919,0.011495745,0.011628967,0.011614994,0.011414528,0.011078073,0.010677177,0.010278803,0.009943661,0.009713435,0.009574033,0.009500450,0.008837371,0.008151242,0.007455162,0.006770445,0.006115700,0.005575620,0.005074246,0.004616422,0.004199761,0.003820562,0.003475482,0.003161471,0.003161471,0.003161471,0.003161471,0.003161471,0.003161471,0.003161471,0.003161471,0.003161471,0.003161471,0.003161471,0.003161471,0.003161471,0.003161471,0.003161471,0.003161471,0.003161471,0.003161471,0.003161471,0.003161471,0.003161471,0.003161471,0.003161471,0.003161471,0.003161471,0.003161471,0.003161471,0.003161471,0.003161471,0.003161471,0.003161471,0.003161471,0.003161471,0.003161471,0.003161471,0.003161471,0.003161471,0.003161471,0.003161471,0.003161471,0.003161471,0.003161471,0.003161471,0.003161471,0.003161471,0.003161471,0.003161471,0.003161471,0.003161471,0.003161471,0.003161471,0.003161471,0.003161471,0.003161471,0.003161471,0.003161471,0.003161471,0.003161471,0.003161471,0.003161471,0.003161471,0.003161471,0.003161471,0.003161471,0.003161471,0.003161471,0.003161471,0.003161471,0.003161471,0.003161471,0.003161471,0.003161471,0.003161471,0.003161471,0.003161471,0.003161471,0.003161471,0.003161471,0.003161471,0.003161471,0.003161471,0.003161471,0.003161471,0.003161471,0.003161471,0.003161471,0.003161471,0.003161471,0.003161471,0.003161471,0.003161471,0.003161471,0.003161471,0.003161471,0.003161471,0.003161471,0.003161471,0.003161471,0.003161471,0.003161471,0.003161471
0,0,25,0.020378646,0.020378646,0.020378646,0.020378646,0.020378646,0.020378646,0.020378646,0.020378646,0.020378646,0.020378646,0.020378646,0.020378646,0.020378646,0.020378646,0.020378646,0.020378646,0.020378646,0.020378646,0.020378646,0.020378646,0.020378646,0.020378646,0.020378646,0.020378646,0.020378646,0.020378646,0.020378646,0.020982221,0.021529320,0.022005370,0.022396770,0.022691298,0.022884457,0.022998236,0.023062269,0.023106505,0.023160283,0.023251672,0.023407038,0.023650848,0.024005820,0.024493538,0.025128053,0.025892893,0.026761124,0.027702075,0.028681289,0.029659840,0.030591574,0.031429288,0.032128882,0.032651781,0.032970078,0.033078466,0.032981836,0.032689704,0.032214583,0.031573932,0.030798436,0.029919635,0.028965511,0.027960163,0.026929527,0.025916673,0.024963056,0.024103538,0.023367580,0.022777710,0.022342694,0.022067857,0.021958693,0.022021683,0.021977150,0.022034061,0.022134459,0.022219695,0.022231168,0.022114800,0.021831230,0.021354090,0.020670832,0.019783815,0.018721250,0.017563966,0.016394128,0.015277734,0.014264027,0.013383662,0.012642156,0.012036507,0.011560685,0.011206811,0.010961581,0.010793513,0.010668115,0.010552070,0.010413235,0.010227442,0.009997370,0.009735544,0.009458325,0.009185096,0.008933380,0.008707341,0.008508007,0.008336350,0.008192986,0.008079758,0.008004743,0.007976682,0.008003448,0.008092461,0.008243117,0.008421869,0.008584662,0.008684884,0.008674989,0.008525579,0.008274366,0.007974800,0.007676923,0.007426100,0.007253486,0.007148605,0.007092795,0.006596877,0.006083832,0.005563474,0.005051745,0.004562545,0.004159051,0.003784574,0.003442733,0.003131672,0.002848635,0.002591113,0.002356816,0.002356816,0.002356816,0.002356816,0.002356816,0.002356816,0.002356816,0.002356816,0.002356816,0.002356816,0.002356816,0.002356816,0.002356816,0.002356816,0.002356816,0.002356816,0.002356816,0.002356816,0.002356816,0.002356816,0.002356816,0.002356816,0.002356816,0.002356816,0.002356816,0.002356816,0.002356816,0.002356816,0.002356816,0.002356816,0.002356816,0.002356816,0.002356816,0.002356816,0.002356816,0.002356816,0.002356816,0.002356816,0.002356816,0.002356816,0.002356816,0.002356816,0.002356816,0.002356816,0.002356816,0.002356816,0.002356816,0.002356816,0.002356816,0.002356816,0.002356816,0.002356816,0.002356816,0.002356816,0.002356816,0.002356816,0.002356816,0.002356816,0.002356816,0.002356816,0.002356816,0.002356816,0.002356816,0.002356816,0.002356816,0.002356816,0.002356816,0.002356816,0.002356816,0.002356816,0.002356816,0.002356816,0.002356816,0.002356816,0.002356816,0.002356816,0.002356816,0.002356816,0.002356816,0.002356816,0.002356816,0.002356816,0.002356816,0.002356816,0.002356816,0.002356816,0.002356816,0.002356816,0.002356816,0.002356816,0.002356816,0.002356816,0.002356816,0.002356816,0.002356816,0.002356816,0.002356816,0.002356816,0.002356816,0.002356816,0.002356816
0,0,26,0.016603454,0.016603454,0.016603454,0.016603454,0.016603454,0.016603454,0.016603454,0.016603454,0.016603454,0.016603454,0.016603454,0.016603454,0.016603454,0.016603454,0.016603454,0.016603454,0.016603454,0.016603454,0.016603454,0.016603454,0.016603454,0.016603454,0.016603454,0.016603454,0.016603454,0.016603454,0.016603454,0.017033072,0.017402712,0.017700506,0.017915817,0.018044726,0.018105448,0.018121862,0.018118125,0.018118133,0.018145040,0.018220994,0.018367035,0.018603165,0.018948670,0.019416572,0.019994905,0.020664316,0.021402475,0.022183461,0.022977893,0.023752588,0.024468625,0.025086593,0.025570228,0.025891716,0.026042309,0.026022708,0.025838727,0.025499840,0.025017839,0.024408275,0.023696741,0.022909118,0.022068167,0.021197737,0.020334727,0.019513601,0.018762758,0.018105720,0.017562361,0.017148011,0.016868476,0.016727869,0.016731376,0.016878635,0.016927093,0.017029504,0.017141279,0.017216635,0.017209812,0.017079135,0.016795311,0.016340526,0.015709239,0.014916563,0.014018240,0.013081498,0.012164495,0.011312172,0.010556815,0.009917421,0.009395181,0.008986039,0.008684721,0.008481700,0.008353102,0.008272926,0.008215820,0.008156621,0.008070637,0.007939207,0.007764672,0.007557283,0.007330440,0.007101484,0.006890557,0.006702191,0.006536901,0.006395187,0.006277310,0.006184502,0.006122789,0.006098733,0.006118275,0.006186787,0.006302676,0.006439999,0.006565054,0.006642167,0.006634944,0.006520872,0.006328790,0.006099588,0.005871556,0.005679415,0.005547035,0.005466414,0.005423277,0.005043622,0.004650916,0.004252680,0.003861119,0.003486865,0.003178197,0.002891799,0.002630385,0.002392546,0.002176165,0.001979315,0.001800239,0.001800239,0.001800239,0.001800239,0.001800239,0.001800239,0.001800239,0.001800239,0.001800239,0.001800239,0.001800239,0.001800239,0.001800239,0.001800239,0.001800239,0.001800239,0.001800239,0.001800239,0.001800239,0.001800239,0.001800239,0.001800239,0.001800239,0.001800239,0.001800239,0.001800239,0.001800239,0.001800239,0.001800239,0.001800239,0.001800239,0.001800239,0.001800239,0.001800239,0.001800239,0.001800239,0.001800239,0.001800239,0.001800239,0.001800239,0.001800239,0.001800239,0.001800239,0.001800239,0.001800239,0.001800239,0.001800239,0.001800239,0.001800239,0.001800239,0.001800239,0.001800239,0.001800239,0.001800239,0.001800239,0.001800239,0.001800239,0.001800239,0.001800239,0.001800239,0.001800239,0.001800239,0.001800239,0.001800239,0.001800239,0.001800239,0.001800239,0.001800239,0.001800239,0.001800239,0.001800239,0.001800239,0.001800239,0.001800239,0.001800239,0.001800239,0.001800239,0.001800239,0.001800239,0.001800239,0.001800239,0.001800239,0.001800239,0.001800239,0.001800239,0.001800239,0.001800239,0.001800239,0.001800239,0.001800239,0.001800239,0.001800239,0.001800239,0.001800239,0.001800239,0.001800239,0.001800239,0.001800239,0.001800239,0.001800239,0.001800239
0,0,27,0.013781033,0.013781033,0.013781033,0.013781033,0.013781033,0.013781033,0.013781033,0.013781033,0.013781033,0.013781033,0.013781033,0.013781033,0.013781033,0.013781033,0.013781033,0.013781033,0.013781033,0.013781033,0.013781033,0.013781033,0.013781033,0.013781033,0.013781033,0.013781033,0.013781033,0.013781033,0.013781033,0.014076812,0.014311399,0.014475360,0.014564852,0.014594425,0.014584071,0.014553642,0.014522764,0.014510614,0.014535742,0.014616062,0.014768957,0.015011524,0.015356065,0.015794836,0.016313272,0.016895025,0.017520804,0.018167996,0.018810930,0.019420807,0.019964353,0.020408391,0.020725570,0.020904001,0.020940573,0.020837490,0.020601119,0.020240749,0.019767453,0.019195173,0.018545554,0.017840142,0.017101274,0.016361440,0.015650597,0.014992840,0.014407639,0.013911034,0.013516789,0.013235869,0.013072680,0.013031136,0.013111143,0.013291424,0.013375485,0.013483057,0.013578571,0.013625357,0.013587134,0.013431710,0.013137815,0.012694609,0.012108518,0.011419335,0.010675290,0.009925382,0.009210646,0.008561732,0.007999993,0.007537411,0.007173300,0.006903885,0.006722284,0.006610344,0.006548116,0.006516286,0.006495424,0.006465823,0.006407932,0.006306990,0.006165130,0.005990995,0.005797150,0.005602816,0.005425045,0.005267166,0.005129358,0.005011816,0.004914579,0.004838477,0.004788113,0.004768539,0.004784141,0.004838227,0.004929330,0.005037159,0.005135344,0.005195964,0.005190528,0.005101411,0.004951169,0.004771798,0.004593271,0.004442787,0.004339029,0.004275734,0.004241739,0.003944539,0.003637156,0.003325481,0.003019070,0.002726241,0.002484756,0.002260705,0.002056223,0.001870202,0.001700981,0.001547048,0.001407026,0.001407026,0.001407026,0.001407026,0.001407026,0.001407026,0.001407026,0.001407026,0.001407026,0.001407026,0.001407026,0.001407026,0.001407026,0.001407026,0.001407026,0.001407026,0.001407026,0.001407026,0.001407026,0.001407026,0.001407026,0.001407026,0.001407026,0.001407026,0.001407026,0.001407026,0.001407026,0.001407026,0.001407026,0.001407026,0.001407026,0.001407026,0.001407026,0.001407026,0.001407026,0.001407026,0.001407026,0.001407026,0.001407026,0.001407026,0.001407026,0.001407026,0.001407026,0.001407026,0.001407026,0.001407026,0.001407026,0.001407026,0.001407026,0.001407026,0.001407026,0.001407026,0.001407026,0.001407026,0.001407026,0.001407026,0.001407026,0.001407026,0.001407026,0.001407026,0.001407026,0.001407026,0.001407026,0.001407026,0.001407026,0.001407026,0.001407026,0.001407026,0.001407026,0.001407026,0.001407026,0.001407026,0.001407026,0.001407026,0.001407026,0.001407026,0.001407026,0.001407026,0.001407026,0.001407026,0.001407026,0.001407026,0.001407026,0.001407026,0.001407026,0.001407026,0.001407026,0.001407026,0.001407026,0.001407026,0.001407026,0.001407026,0.001407026,0.001407026,0.001407026,0.001407026,0.001407026,0.001407026,0.001407026,0.001407026,0.001407026
0,0,28,0.011630856,0.011630856,0.011630856,0.011630856,0.011630856,0.011630856,0.011630856,0.011630856,0.011630856,0.011630856,0.011630856,0.011630856,0.011630856,0.011630856,0.011630856,0.011630856,0.011630856,0.011630856,0.011630856,0.011630856,0.011630856,0.011630856,0.011630856,0.011630856,0.011630856,0.011630856,0.011630856,0.011821603,0.011951476,0.012016684,0.012028765,0.012004106,0.011959647,0.011911811,0.011876614,0.011869660,0.011906162,0.012001097,0.012169459,0.012422607,0.012755891,0.013159058,0.013619613,0.014123141,0.014652424,0.015187249,0.015704790,0.016179737,0.016583397,0.016889806,0.017084915,0.017162130,0.017120259,0.016962564,0.016695724,0.016328760,0.015872054,0.015338178,0.014745672,0.014115648,0.013477462,0.012857915,0.012278449,0.011755908,0.011303747,0.010933153,0.010654085,0.010474968,0.010399779,0.010428303,0.010543839,0.010725588,0.010814689,0.010907129,0.010973765,0.010984753,0.010911177,0.010728412,0.010421790,0.009991416,0.009465713,0.008880672,0.008272114,0.007675625,0.007120223,0.006626999,0.006210358,0.005878190,0.005629319,0.005458458,0.005351515,0.005293150,0.005268433,0.005262395,0.005259579,0.005244066,0.005199992,0.005115474,0.004992568,0.004839878,0.004672229,0.004506173,0.004355274,0.004222009,0.004106335,0.004008254,0.003927670,0.003865144,0.003824276,0.003808876,0.003821722,0.003865283,0.003938389,0.004024828,0.004103522,0.004152151,0.004147937,0.004076784,0.003956716,0.003813317,0.003670567,0.003550212,0.003467182,0.003416473,0.003389163,0.003151550,0.002905816,0.002656671,0.002411757,0.002177738,0.001984741,0.001805695,0.001642301,0.001493671,0.001358473,0.001235497,0.001123642,0.001123642,0.001123642,0.001123642,0.001123642,0.001123642,0.001123642,0.001123642,0.001123642,0.001123642,0.001123642,0.001123642,0.001123642,0.001123642,0.001123642,0.001123642,0.001123642,0.001123642,0.001123642,0.001123642,0.001123642,0.001123642,0.001123642,0.001123642,0.001123642,0.001123642,0.001123642,0.001123642,0.001123642,0.001123642,0.001123642,0.001123642,0.001123642,0.001123642,0.001123642,0.001123642,0.001123642,0.001123642,0.001123642,0.001123642,0.001123642,0.001123642,0.001123642,0.001123642,0.001123642,0.001123642,0.001123642,0.001123642,0.001123642,0.001123642,0.001123642,0.001123642,0.001123642,0.001123642,0.001123642,0.001123642,0.001123642,0.001123642,0.001123642,0.001123642,0.001123642,0.001123642,0.001123642,0.001123642,0.001123642,0.001123642,0.001123642,0.001123642,0.001123642,0.001123642,0.001123642,0.001123642,0.001123642,0.001123642,0.001123642,0.001123642,0.001123642,0.001123642,0.001123642,0.001123642,0.001123642,0.001123642,0.001123642,0.001123642,0.001123642,0.001123642,0.001123642,0.001123642,0.001123642,0.001123642,0.001123642,0.001123642,0.001123642,0.001123642,0.001123642,0.001123642,0.001123642,0.001123642,0.001123642,0.001123642,0.001123642
0,0,29,0.009961912,0.009961912,0.009961912,0.009961912,0.009961912,0.009961912,0.009961912,0.009961912,0.009961912,0.009961912,0.009961912,0.009961912,0.009961912,0.009961912,0.009961912,0.009961912,0.009961912,0.009961912,0.009961912,0.009961912,0.009961912,0.009961912,0.009961912,0.009961912,0.009961912,0.009961912,0.009961912,0.010068546,0.010118602,0.010121336,0.010090170,0.010039269,0.009982897,0.009934681,0.009907851,0.009915380,0.009970144,0.010085193,0.010270783,0.010524201,0.010838417,0.011204501,0.011611248,0.012045508,0.012491539,0.012930960,0.013343234,0.013705954,0.013995995,0.014198448,0.014304108,0.014308574,0.014212091,0.014018664,0.013735128,0.013370193,0.012933593,0.012436723,0.011898127,0.011344815,0.010801413,0.010287592,0.009818696,0.009406569,0.009060684,0.008789154,0.008599658,0.008499275,0.008488461,0.008553562,0.008678067,0.008845000,0.008922860,0.008990299,0.009023039,0.008996639,0.008888184,0.008679317,0.008365269,0.007965743,0.007507769,0.007018708,0.006524966,0.006052422,0.005621766,0.005247771,0.004940513,0.004705619,0.004540156,0.004432716,0.004371274,0.004344316,0.004340181,0.004346815,0.004351524,0.004341119,0.004302478,0.004225938,0.004114505,0.003979277,0.003833424,0.003690469,0.003561385,0.003448031,0.003350228,0.003267852,0.003200727,0.003149236,0.003116115,0.003103865,0.003114608,0.003150358,0.003210164,0.003280811,0.003345115,0.003384872,0.003381507,0.003323523,0.003225621,0.003108680,0.002992259,0.002894085,0.002826331,0.002784915,0.002762565,0.002568794,0.002368410,0.002165260,0.001965586,0.001774793,0.001617448,0.001471487,0.001338295,0.001217144,0.001106948,0.001006719,0.000915556,0.000915556,0.000915556,0.000915556,0.000915556,0.000915556,0.000915556,0.000915556,0.000915556,0.000915556,0.000915556,0.000915556,0.000915556,0.000915556,0.000915556,0.000915556,0.000915556,0.000915556,0.000915556,0.000915556,0.000915556,0.000915556,0.000915556,0.000915556,0.000915556,0.000915556,0.000915556,0.000915556,0.000915556,0.000915556,0.000915556,0.000915556,0.000915556,0.000915556,0.000915556,0.000915556,0.000915556,0.000915556,0.000915556,0.000915556,0.000915556,0.000915556,0.000915556,0.000915556,0.000915556,0.000915556,0.000915556,0.000915556,0.000915556,0.000915556,0.000915556,0.000915556,0.000915556,0.000915556,0.000915556,0.000915556,0.000915556,0.000915556,0.000915556,0.000915556,0.000915556,0.000915556,0.000915556,0.000915556,0.000915556,0.000915556,0.000915556,0.000915556,0.000915556,0.000915556,0.000915556,0.000915556,0.000915556,0.000915556,0.000915556,0.000915556,0.000915556,0.000915556,0.000915556,0.000915556,0.000915556,0.000915556,0.000915556,0.000915556,0.000915556,0.000915556,0.000915556,0.000915556,0.000915556,0.000915556,0.000915556,0.000915556,0.000915556,0.000915556,0.000915556,0.000915556,0.000915556,0.000915556,0.000915556,0.000915556,0.000915556
0,0,30,0.008641890,0.008641890,0.008641890,0.008641890,0.008641890,0.008641890,0.008641890,0.008641890,0.008641890,0.008641890,0.008641890,0.008641890,0.008641890,0.008641890,0.008641890,0.008641890,0.008641890,0.008641890,0.008641890,0.008641890,0.008641890,0.008641890,0.008641890,0.008641890,0.008641890,0.008641890,0.008641890,0.008682325,0.008680404,0.008647266,0.008594741,0.008534968,0.008479979,0.008441194,0.008429762,0.008456793,0.008533622,0.008669361,0.008862404,0.009107847,0.009399489,0.009729168,0.010086476,0.010459127,0.010832486,0.011189653,0.011512033,0.011781182,0.011983012,0.012106876,0.012145827,0.012097168,0.011962230,0.011745545,0.011453998,0.011095968,0.010680588,0.010220374,0.009739262,0.009260311,0.008802071,0.008378972,0.008002048,0.007679756,0.007418998,0.007226021,0.007107246,0.007066116,0.007091823,0.007170787,0.007289436,0.007433262,0.007491273,0.007529298,0.007526972,0.007464363,0.007323654,0.007095514,0.006792677,0.006435061,0.006043712,0.005639195,0.005240915,0.004867810,0.004534863,0.004252735,0.004028887,0.003866097,0.003755886,0.003688444,0.003654747,0.003645776,0.003652060,0.003663569,0.003669598,0.003659005,0.003620793,0.003547863,0.003446192,0.003325988,0.003198271,0.003074255,0.002962961,0.002865799,0.002782501,0.002712870,0.002656683,0.002614085,0.002586834,0.002576884,0.002586000,0.002615857,0.002665668,0.002724458,0.002777955,0.002811036,0.002808271,0.002760115,0.002678794,0.002581654,0.002484939,0.002403373,0.002347064,0.002312622,0.002294007,0.002133046,0.001966600,0.001797876,0.001632034,0.001473576,0.001342900,0.001221684,0.001111078,0.001010475,0.000918973,0.000835750,0.000760057,0.000760057,0.000760057,0.000760057,0.000760057,0.000760057,0.000760057,0.000760057,0.000760057,0.000760057,0.000760057,0.000760057,0.000760057,0.000760057,0.000760057,0.000760057,0.000760057,0.000760057,0.000760057,0.000760057,0.000760057,0.000760057,0.000760057,0.000760057,0.000760057,0.000760057,0.000760057,0.000760057,0.000760057,0.000760057,0.000760057,0.000760057,0.000760057,0.000760057,0.000760057,0.000760057,0.000760057,0.000760057,0.000760057,0.000760057,0.000760057,0.000760057,0.000760057,0.000760057,0.000760057,0.000760057,0.000760057,0.000760057,0.000760057,0.000760057,0.000760057,0.000760057,0.000760057,0.000760057,0.000760057,0.000760057,0.000760057,0.000760057,0.000760057,0.000760057,0.000760057,0.000760057,0.000760057,0.000760057,0.000760057,0.000760057,0.000760057,0.000760057,0.000760057,0.000760057,0.000760057,0.000760057,0.000760057,0.000760057,0.000760057,0.000760057,0.000760057,0.000760057,0.000760057,0.000760057,0.000760057,0.000760057,0.000760057,0.000760057,0.000760057,0.000760057,0.000760057,0.000760057,0.000760057,0.000760057,0.000760057,0.000760057,0.000760057,0.000760057,0.000760057,0.000760057,0.000760057,0.000760057,0.000760057,0.000760057,0.000760057
0,0,31,0.007579744,0.007579744,0.007579744,0.007579744,0.007579744,0.007579744,0.007579744,0.007579744,0.007579744,0.007579744,0.007579744,0.007579744,0.007579744,0.007579744,0.007579744,0.007579744,0.007579744,0.007579744,0.007579744,0.007579744,0.007579744,0.007579744,0.007579744,0.007579744,0.007579744,0.007579744,0.007579744,0.007575808,0.007543143,0.007491752,0.007431946,0.007374122,0.007328511,0.007304861,0.007312827,0.007362290,0.007461275,0.007608737,0.007801097,0.008033987,0.008301627,0.008596277,0.008908033,0.009225231,0.009534127,0.009819099,0.010064516,0.010259115,0.010392355,0.010455712,0.010444041,0.010355985,0.010193708,0.009962115,0.009668069,0.009319613,0.008927194,0.008508956,0.008085742,0.007675375,0.007291818,0.006945705,0.006645073,0.006396141,0.006204221,0.006074525,0.006010293,0.006004910,0.006047484,0.006126805,0.006231179,0.006347800,0.006381533,0.006388622,0.006352047,0.006255812,0.006089727,0.005860236,0.005581357,0.005268952,0.004939155,0.004607311,0.004287697,0.003994349,0.003738386,0.003527856,0.003367219,0.003253456,0.003179188,0.003137059,0.003120008,0.003120683,0.003131125,0.003142757,0.003146369,0.003132413,0.003092289,0.003022897,0.002930167,0.002822843,0.002710267,0.002601870,0.002505181,0.002421281,0.002349848,0.002290643,0.002243317,0.002207548,0.002184715,0.002176473,0.002184314,0.002209655,0.002251833,0.002301577,0.002346826,0.002374803,0.002372472,0.002331784,0.002263073,0.002180993,0.002099268,0.002030338,0.001982740,0.001953613,0.001937853,0.001801846,0.001661221,0.001518664,0.001378547,0.001244674,0.001134274,0.001031870,0.000938433,0.000853449,0.000776155,0.000705856,0.000641921,0.000641921,0.000641921,0.000641921,0.000641921,0.000641921,0.000641921,0.000641921,0.000641921,0.000641921,0.000641921,0.000641921,0.000641921,0.000641921,0.000641921,0.000641921,0.000641921,0.000641921,0.000641921,0.000641921,0.000641921,0.000641921,0.000641921,0.000641921,0.000641921,0.000641921,0.000641921,0.000641921,0.000641921,0.000641921,0.000641921,0.000641921,0.000641921,0.000641921,0.000641921,0.000641921,0.000641921,0.000641921,0.000641921,0.000641921,0.000641921,0.000641921,0.000641921,0.000641921,0.000641921,0.000641921,0.000641921,0.000641921,0.000641921,0.000641921,0.000641921,0.000641921,0.000641921,0.000641921,0.000641921,0.000641921,0.000641921,0.000641921,0.000641921,0.000641921,0.000641921,0.000641921,0.000641921,0.000641921,0.000641921,0.000641921,0.000641921,0.000641921,0.000641921,0.000641921,0.000641921,0.000641921,0.000641921,0.000641921,0.000641921,0.000641921,0.000641921,0.000641921,0.000641921,0.000641921,0.000641921,0.000641921,0.000641921,0.000641921,0.000641921,0.000641921,0.000641921,0.000641921,0.000641921,0.000641921,0.000641921,0.000641921,0.000641921,0.000641921,0.000641921,0.000641921,0.000641921,0.000641921,0.000641921,0.000641921,0.000641921
0,0,32,0.006717608,0.006717608,0.006717608,0.006717608,0.006717608,0.006717608,0.006717608,0.006717608,0.006717608,0.006717608,0.006717608,0.006717608,0.006717608,0.006717608,0.006717608,0.006717608,0.006717608,0.006717608,0.006717608,0.006717608,0.006717608,0.006717608,0.006717608,0.006717608,0.006717608,0.006717608,0.006717608,0.006686625,0.006637762,0.006579874,0.006521922,0.006472865,0.006441543,0.006436491,0.006466376,0.006538259,0.006651334,0.006802790,0.006989418,0.007207078,0.007450164,0.007711149,0.007980465,0.008246935,0.008497601,0.008719083,0.008901646,0.009036758,0.009115679,0.009131619,0.009080892,0.008963212,0.008781387,0.008540582,0.008247586,0.007911772,0.007548885,0.007175155,0.006807038,0.006458299,0.006139490,0.005858534,0.005621438,0.005433002,0.005297643,0.005217842,0.005188083,0.005201268,0.005248407,0.005319794,0.005405015,0.005492542,0.005499914,0.005476155,0.005407251,0.005283508,0.005108522,0.004890800,0.004641731,0.004373680,0.004098877,0.003828739,0.003573846,0.003344809,0.003150183,0.002995078,0.002878424,0.002797432,0.002746667,0.002720388,0.002712842,0.002717821,0.002728445,0.002737224,0.002736114,0.002717470,0.002676378,0.002610891,0.002526226,0.002429956,0.002330093,0.002234675,0.002150077,0.002077137,0.002015503,0.001964821,0.001924398,0.001893867,0.001874414,0.001867460,0.001874289,0.001896117,0.001932376,0.001975110,0.002013966,0.002037982,0.002035983,0.002001062,0.001942090,0.001871642,0.001801497,0.001742328,0.001701463,0.001676447,0.001662900,0.001546178,0.001425484,0.001303134,0.001182883,0.001067993,0.000973249,0.000885370,0.000805188,0.000732261,0.000665936,0.000605614,0.000550753,0.000550753,0.000550753,0.000550753,0.000550753,0.000550753,0.000550753,0.000550753,0.000550753,0.000550753,0.000550753,0.000550753,0.000550753,0.000550753,0.000550753,0.000550753,0.000550753,0.000550753,0.000550753,0.000550753,0.000550753,0.000550753,0.000550753,0.000550753,0.000550753,0.000550753,0.000550753,0.000550753,0.000550753,0.000550753,0.000550753,0.000550753,0.000550753,0.000550753,0.000550753,0.000550753,0.000550753,0.000550753,0.000550753,0.000550753,0.000550753,0.000550753,0.000550753,0.000550753,0.000550753,0.000550753,0.000550753,0.000550753,0.000550753,0.000550753,0.000550753,0.000550753,0.000550753,0.000550753,0.000550753,0.000550753,0.000550753,0.000550753,0.000550753,0.000550753,0.000550753,0.000550753,0.000550753,0.000550753,0.000550753,0.000550753,0.000550753,0.000550753,0.000550753,0.000550753,0.000550753,0.000550753,0.000550753,0.000550753,0.000550753,0.000550753,0.000550753,0.000550753,0.000550753,0.000550753,0.000550753,0.000550753,0.000550753,0.000550753,0.000550753,0.000550753,0.000550753,0.000550753,0.000550753,0.000550753,0.000550753,0.000550753,0.000550753,0.000550753,0.000550753,0.000550753,0.000550753,0.000550753,0.000550753,0.000550753,0.000550753
0,0,33,0.006013721,0.006013721,0.006013721,0.006013721,0.006013721,0.006013721,0.006013721,0.006013721,0.006013721,0.006013721,0.006013721,0.006013721,0.006013721,0.006013721,0.006013721,0.006013721,0.006013721,0.006013721,0.006013721,0.006013721,0.006013721,0.006013721,0.006013721,0.006013721,0.006013721,0.006013721,0.006013721,0.005967963,0.005912967,0.005856530,0.005806468,0.005770608,0.005756770,0.005772680,0.005824568,0.005911694,0.006031669,0.006181963,0.006359493,0.006560158,0.006778379,0.007006730,0.007235890,0.007455123,0.007653158,0.007821533,0.007952717,0.008039504,0.008074656,0.008052823,0.007971519,0.007831322,0.007635546,0.007389525,0.007101431,0.006785572,0.006456317,0.006126592,0.005809365,0.005515300,0.005252451,0.005026852,0.004843183,0.004705426,0.004615583,0.004568446,0.004558021,0.004578556,0.004622259,0.004680437,0.004743627,0.004801377,0.004781717,0.004728198,0.004632014,0.004495444,0.004324261,0.004125460,0.003908026,0.003681446,0.003454924,0.003236979,0.003035565,0.002858943,0.002712803,0.002597034,0.002510471,0.002451516,0.002416011,0.002399295,0.002396509,0.002402252,0.002410445,0.002414444,0.002407700,0.002385697,0.002344754,0.002283255,0.002205823,0.002119079,0.002029973,0.001945440,0.001870951,0.001807161,0.001753626,0.001709680,0.001674640,0.001648188,0.001631359,0.001625392,0.001631406,0.001650460,0.001682061,0.001719281,0.001753111,0.001774019,0.001772279,0.001741879,0.001690541,0.001629211,0.001568142,0.001516627,0.001481043,0.001459254,0.001447456,0.001345841,0.001240769,0.001134258,0.001029577,0.000929566,0.000847091,0.000770595,0.000700799,0.000637322,0.000579590,0.000527086,0.000479335,0.000479335,0.000479335,0.000479335,0.000479335,0.000479335,0.000479335,0.000479335,0.000479335,0.000479335,0.000479335,0.000479335,0.000479335,0.000479335,0.000479335,0.000479335,0.000479335,0.000479335,0.000479335,0.000479335,0.000479335,0.000479335,0.000479335,0.000479335,0.000479335,0.000479335,0.000479335,0.000479335,0.000479335,0.000479335,0.000479335,0.000479335,0.000479335,0.000479335,0.000479335,0.000479335,0.000479335,0.000479335,0.000479335,0.000479335,0.000479335,0.000479335,0.000479335,0.000479335,0.000479335,0.000479335,0.000479335,0.000479335,0.000479335,0.000479335,0.000479335,0.000479335,0.000479335,0.000479335,0.000479335,0.000479335,0.000479335,0.000479335,0.000479335,0.000479335,0.000479335,0.000479335,0.000479335,0.000479335,0.000479335,0.000479335,0.000479335,0.000479335,0.000479335,0.000479335,0.000479335,0.000479335,0.000479335,0.000479335,0.000479335,0.000479335,0.000479335,0.000479335,0.000479335,0.000479335,0.000479335,0.000479335,0.000479335,0.000479335,0.000479335,0.000479335,0.000479335,0.000479335,0.000479335,0.000479335,0.000479335,0.000479335,0.000479335,0.000479335,0.000479335,0.000479335,0.000479335,0.000479335,0.000479335,0.000479335,0.000479335
0,0,34,0.005436146,0.005436146,0.005436146,0.005436146,0.005436146,0.005436146,0.005436146,0.005436146,0.005436146,0.005436146,0.005436146,0.005436146,0.005436146,0.005436146,0.005436146,0.005436146,0.005436146,0.005436146,0.005436146,0.005436146,0.005436146,0.005436146,0.005436146,0.005436146,0.005436146,0.005436146,0.005436146,0.005384414,0.005330364,0.005280873,0.005242840,0.005223249,0.005229235,0.005266377,0.005333910,0.005429663,0.005551480,0.005696911,0.005862845,0.006045112,0.006238083,0.006434385,0.006624922,0.006800243,0.006953219,0.007077181,0.007165633,0.007212505,0.007211838,0.007159491,0.007053977,0.006896583,0.006691010,0.006444051,0.006168553,0.005877800,0.005583426,0.005295655,0.005024720,0.004778956,0.004564626,0.004386493,0.004248439,0.004152251,0.004093039,0.004065183,0.004063851,0.004084106,0.004118953,0.004160447,0.004199926,0.004227961,0.004181569,0.004102256,0.003991651,0.003854079,0.003694327,0.003517886,0.003331677,0.003142893,0.002958456,0.002784783,0.002628003,0.002493693,0.002382564,0.002294221,0.002228369,0.002184156,0.002158277,0.002146807,0.002145512,0.002149583,0.002153561,0.002151981,0.002140949,0.002116991,0.002076911,0.002019338,0.001948393,0.001869915,0.001789995,0.001714685,0.001648741,0.001592607,0.001545563,0.001506949,0.001476167,0.001452939,0.001438177,0.001432977,0.001438326,0.001455158,0.001483037,0.001515859,0.001545690,0.001564125,0.001562591,0.001535787,0.001490520,0.001436442,0.001382592,0.001337165,0.001305783,0.001286571,0.001276159,0.001186558,0.001093910,0.000999996,0.000907696,0.000819516,0.000746798,0.000679352,0.000617816,0.000561851,0.000510952,0.000464663,0.000422565,0.000422565,0.000422565,0.000422565,0.000422565,0.000422565,0.000422565,0.000422565,0.000422565,0.000422565,0.000422565,0.000422565,0.000422565,0.000422565,0.000422565,0.000422565,0.000422565,0.000422565,0.000422565,0.000422565,0.000422565,0.000422565,0.000422565,0.000422565,0.000422565,0.000422565,0.000422565,0.000422565,0.000422565,0.000422565,0.000422565,0.000422565,0.000422565,0.000422565,0.000422565,0.000422565,0.000422565,0.000422565,0.000422565,0.000422565,0.000422565,0.000422565,0.000422565,0.000422565,0.000422565,0.000422565,0.000422565,0.000422565,0.000422565,0.000422565,0.000422565,0.000422565,0.000422565,0.000422565,0.000422565,0.000422565,0.000422565,0.000422565,0.000422565,0.000422565,0.000422565,0.000422565,0.000422565,0.000422565,0.000422565,0.000422565,0.000422565,0.000422565,0.000422565,0.000422565,0.000422565,0.000422565,0.000422565,0.000422565,0.000422565,0.000422565,0.000422565,0.000422565,0.000422565,0.000422565,0.000422565,0.000422565,0.000422565,0.000422565,0.000422565,0.000422565,0.000422565,0.000422565,0.000422565,0.000422565,0.000422565,0.000422565,0.000422565,0.000422565,0.000422565,0.000422565,0.000422565,0.000422565,0.000422565,0.000422565,0.000422565
0,0,35,0.004960284,0.004960284,0.004960284,0.004960284,0.004960284,0.004960284,0.004960284,0.004960284,0.004960284,0.004960284,0.004960284,0.004960284,0.004960284,0.004960284,0.004960284,0.004960284,0.004960284,0.004960284,0.004960284,0.004960284,0.004960284,0.004960284,0.004960284,0.004960284,0.004960284,0.004960284,0.004960284,0.004909000,0.004861000,0.004822410,0.004799434,0.004798494,0.004824787,0.004877528,0.004954646,0.005054173,0.005174012,0.005311663,0.005463903,0.005626435,0.005793560,0.005957960,0.006111546,0.006248409,0.006362875,0.006449080,0.006501437,0.006514869,0.006484515,0.006407266,0.006282476,0.006112008,0.005901102,0.005661042,0.005403969,0.005140832,0.004880965,0.004632429,0.004403350,0.004200347,0.004028439,0.003891594,0.003791638,0.003724058,0.003683590,0.003665688,0.003666232,0.003680805,0.003702993,0.003725484,0.003740393,0.003739345,0.003669224,0.003575299,0.003461042,0.003330045,0.003186036,0.003033151,0.002876623,0.002721873,0.002574138,0.002438355,0.002318386,0.002215101,0.002128764,0.002059647,0.002007988,0.001973406,0.001953172,0.001943874,0.001941732,0.001942390,0.001941335,0.001935370,0.001921463,0.001896542,0.001857788,0.001804011,0.001738907,0.001667666,0.001595674,0.001528270,0.001469569,0.001419659,0.001377832,0.001343502,0.001316137,0.001295492,0.001282383,0.001277787,0.001282585,0.001297610,0.001322475,0.001351746,0.001378349,0.001394790,0.001393422,0.001369519,0.001329150,0.001280923,0.001232899,0.001192385,0.001164403,0.001147264,0.001137971,0.001058065,0.000975442,0.000891691,0.000809380,0.000730745,0.000665899,0.000605755,0.000550882,0.000500976,0.000455590,0.000414314,0.000376776,0.000376776,0.000376776,0.000376776,0.000376776,0.000376776,0.000376776,0.000376776,0.000376776,0.000376776,0.000376776,0.000376776,0.000376776,0.000376776,0.000376776,0.000376776,0.000376776,0.000376776,0.000376776,0.000376776,0.000376776,0.000376776,0.000376776,0.000376776,0.000376776,0.000376776,0.000376776,0.000376776,0.000376776,0.000376776,0.000376776,0.000376776,0.000376776,0.000376776,0.000376776,0.000376776,0.000376776,0.000376776,0.000376776,0.000376776,0.000376776,0.000376776,0.000376776,0.000376776,0.000376776,0.000376776,0.000376776,0.000376776,0.000376776,0.000376776,0.000376776,0.000376776,0.000376776,0.000376776,0.000376776,0.000376776,0.000376776,0.000376776,0.000376776,0.000376776,0.000376776,0.000376776,0.000376776,0.000376776,0.000376776,0.000376776,0.000376776,0.000376776,0.000376776,0.000376776,0.000376776,0.000376776,0.000376776,0.000376776,0.000376776,0.000376776,0.000376776,0.000376776,0.000376776,0.000376776,0.000376776,0.000376776,0.000376776,0.000376776,0.000376776,0.000376776,0.000376776,0.000376776,0.000376776,0.000376776,0.000376776,0.000376776,0.000376776,0.000376776,0.000376776,0.000376776,0.000376776,0.000376776,0.000376776,0.000376776,0.000376776
0,0,36,0.004567051,0.004567051,0.004567051,0.004567051,0.004567051,0.004567051,0.004567051,0.004567051,0.004567051,0.004567051,0.004567051,0.004567051,0.004567051,0.004567051,0.004567051,0.004567051,0.004567051,0.004567051,0.004567051,0.004567051,0.004567051,0.004567051,0.004567051,0.004567051,0.004567051,0.004567051,0.004567051,0.004521023,0.004482903,0.004458239,0.004452772,0.004471175,0.004512768,0.004575556,0.004657651,0.004757136,0.004871861,0.004999205,0.005135790,0.005277184,0.005417637,0.005550612,0.005671114,0.005774423,0.005855472,0.005909127,0.005930611,0.005915720,0.005860552,0.005762887,0.005622788,0.005443732,0.005235312,0.005008399,0.004773156,0.004538515,0.004311927,0.004099755,0.003908539,0.003743666,0.003609344,0.003507578,0.003434334,0.003384739,0.003354518,0.003339804,0.003336942,0.003341883,0.003348708,0.003350728,0.003340887,0.003313672,0.003229551,0.003130721,0.003020048,0.002900300,0.002774218,0.002644798,0.002515944,0.002391755,0.002276263,0.002172426,0.002079824,0.001998795,0.001930089,0.001874386,0.001832254,0.001803603,0.001786102,0.001776710,0.001771989,0.001768352,0.001763255,0.001754199,0.001738460,0.001713288,0.001676166,0.001626036,0.001566229,0.001501391,0.001436324,0.001375721,0.001322994,0.001278162,0.001240589,0.001209750,0.001185169,0.001166626,0.001154857,0.001150742,0.001155076,0.001168611,0.001191006,0.001217369,0.001241329,0.001256136,0.001254904,0.001233377,0.001197019,0.001153584,0.001110331,0.001073848,0.001048643,0.001033203,0.001024828,0.000952860,0.000878447,0.000803018,0.000728888,0.000658068,0.000599668,0.000545503,0.000496084,0.000451141,0.000410268,0.000373096,0.000339292,0.000339292,0.000339292,0.000339292,0.000339292,0.000339292,0.000339292,0.000339292,0.000339292,0.000339292,0.000339292,0.000339292,0.000339292,0.000339292,0.000339292,0.000339292,0.000339292,0.000339292,0.000339292,0.000339292,0.000339292,0.000339292,0.000339292,0.000339292,0.000339292,0.000339292,0.000339292,0.000339292,0.000339292,0.000339292,0.000339292,0.000339292,0.000339292,0.000339292,0.000339292,0.000339292,0.000339292,0.000339292,0.000339292,0.000339292,0.000339292,0.000339292,0.000339292,0.000339292,0.000339292,0.000339292,0.000339292,0.000339292,0.000339292,0.000339292,0.000339292,0.000339292,0.000339292,0.000339292,0.000339292,0.000339292,0.000339292,0.000339292,0.000339292,0.000339292,0.000339292,0.000339292,0.000339292,0.000339292,0.000339292,0.000339292,0.000339292,0.000339292,0.000339292,0.000339292,0.000339292,0.000339292,0.000339292,0.000339292,0.000339292,0.000339292,0.000339292,0.000339292,0.000339292,0.000339292,0.000339292,0.000339292,0.000339292,0.000339292,0.000339292,0.000339292,0.000339292,0.000339292,0.000339292,0.000339292,0.000339292,0.000339292,0.000339292,0.000339292,0.000339292,0.000339292,0.000339292,0.000339292,0.000339292,0.000339292,0.000339292
0,0,37,0.004241543,0.004241543,0.004241543,0.004241543,0.004241543,0.004241543,0.004241543,0.004241543,0.004241543,0.004241543,0.004241543,0.004241543,0.004241543,0.004241543,0.004241543,0.004241543,0.004241543,0.004241543,0.004241543,0.004241543,0.004241543,0.004241543,0.004241543,0.004241543,0.004241543,0.004241543,0.004241543,0.004204507,0.004179299,0.004171086,0.004184012,0.004217280,0.004269069,0.004337547,0.004420875,0.004517089,0.004623923,0.004738599,0.004857584,0.004976342,0.005089746,0.005193983,0.005285052,0.005358688,0.005410389,0.005435684,0.005430528,0.005391497,0.005315531,0.005201181,0.005050168,0.004870215,0.004670763,0.004461031,0.004249427,0.004043197,0.003848283,0.003669751,0.003512972,0.003382500,0.003280636,0.003203860,0.003147764,0.003108386,0.003082098,0.003065493,0.003055255,0.003047652,0.003037267,0.003018089,0.002985543,0.002941200,0.002851812,0.002754850,0.002652486,0.002546709,0.002439416,0.002332697,0.002229456,0.002132839,0.002045141,0.001965355,0.001892596,0.001827577,0.001771338,0.001724811,0.001688759,0.001663273,0.001646307,0.001635099,0.001626855,0.001619714,0.001611702,0.001600539,0.001583754,0.001558859,0.001523577,0.001476951,0.001421993,0.001362887,0.001303889,0.001248982,0.001201207,0.001160581,0.001126531,0.001098582,0.001076303,0.001059495,0.001048828,0.001045103,0.001049041,0.001061335,0.001081676,0.001105620,0.001127382,0.001140831,0.001139712,0.001120160,0.001087138,0.001047688,0.001008411,0.000975274,0.000952379,0.000938352,0.000930742,0.000865377,0.000797791,0.000729283,0.000661956,0.000597636,0.000544596,0.000495403,0.000450521,0.000409704,0.000372584,0.000338825,0.000308125,0.000308125,0.000308125,0.000308125,0.000308125,0.000308125,0.000308125,0.000308125,0.000308125,0.000308125,0.000308125,0.000308125,0.000308125,0.000308125,0.000308125,0.000308125,0.000308125,0.000308125,0.000308125,0.000308125,0.000308125,0.000308125,0.000308125,0.000308125,0.000308125,0.000308125,0.000308125,0.000308125,0.000308125,0.000308125,0.000308125,0.000308125,0.000308125,0.000308125,0.000308125,0.000308125,0.000308125,0.000308125,0.000308125,0.000308125,0.000308125,0.000308125,0.000308125,0.000308125,0.000308125,0.000308125,0.000308125,0.000308125,0.000308125,0.000308125,0.000308125,0.000308125,0.000308125,0.000308125,0.000308125,0.000308125,0.000308125,0.000308125,0.000308125,0.000308125,0.000308125,0.000308125,0.000308125,0.000308125,0.000308125,0.000308125,0.000308125,0.000308125,0.000308125,0.000308125,0.000308125,0.000308125,0.000308125,0.000308125,0.000308125,0.000308125,0.000308125,0.000308125,0.000308125,0.000308125,0.000308125,0.000308125,0.000308125,0.000308125,0.000308125,0.000308125,0.000308125,0.000308125,0.000308125,0.000308125,0.000308125,0.000308125,0.000308125,0.000308125,0.000308125,0.000308125,0.000308125,0.000308125,0.000308125,0.000308125,0.000308125
0,0,38,0.003972049,0.003972049,0.003972049,0.003972049,0.003972049,0.003972049,0.003972049,0.003972049,0.003972049,0.003972049,0.003972049,0.003972049,0.003972049,0.003972049,0.003972049,0.003972049,0.003972049,0.003972049,0.003972049,0.003972049,0.003972049,0.003972049,0.003972049,0.003972049,0.003972049,0.003972049,0.003972049,0.003947043,0.003937334,0.003946616,0.003973904,0.004017320,0.004075185,0.004145713,0.004227025,0.004317054,0.004413391,0.004513105,0.004612539,0.004707688,0.004795861,0.004874070,0.004938661,0.004985799,0.005011513,0.005011943,0.004983714,0.004924100,0.004830788,0.004703985,0.004549539,0.004375262,0.004189242,0.003999190,0.003812013,0.003633576,0.003468648,0.003321331,0.003196181,0.003095880,0.003017459,0.002956994,0.002910914,0.002875866,0.002848677,0.002826286,0.002805680,0.002783474,0.002754808,0.002715868,0.002668412,0.002615276,0.002526902,0.002436415,0.002345329,0.002254960,0.002166538,0.002081476,0.002001966,0.001929642,0.001863110,0.001800915,0.001742558,0.001688973,0.001641372,0.001600834,0.001568240,0.001543797,0.001525667,0.001511655,0.001500510,0.001490831,0.001480786,0.001468283,0.001451058,0.001426840,0.001393547,0.001350300,0.001299828,0.001245864,0.001192036,0.001141928,0.001098323,0.001061239,0.001030154,0.001004636,0.000984291,0.000968940,0.000959195,0.000955790,0.000959393,0.000970638,0.000989241,0.001011140,0.001031043,0.001043343,0.001042320,0.001024438,0.000994238,0.000958165,0.000922241,0.000891934,0.000870993,0.000858161,0.000851198,0.000791415,0.000729602,0.000666947,0.000605372,0.000546547,0.000498039,0.000453049,0.000412003,0.000374675,0.000340727,0.000309854,0.000281778,0.000281778,0.000281778,0.000281778,0.000281778,0.000281778,0.000281778,0.000281778,0.000281778,0.000281778,0.000281778,0.000281778,0.000281778,0.000281778,0.000281778,0.000281778,0.000281778,0.000281778,0.000281778,0.000281778,0.000281778,0.000281778,0.000281778,0.000281778,0.000281778,0.000281778,0.000281778,0.000281778,0.000281778,0.000281778,0.000281778,0.000281778,0.000281778,0.000281778,0.000281778,0.000281778,0.000281778,0.000281778,0.000281778,0.000281778,0.000281778,0.000281778,0.000281778,0.000281778,0.000281778,0.000281778,0.000281778,0.000281778,0.000281778,0.000281778,0.000281778,0.000281778,0.000281778,0.000281778,0.000281778,0.000281778,0.000281778,0.000281778,0.000281778,0.000281778,0.000281778,0.000281778,0.000281778,0.000281778,0.000281778,0.000281778,0.000281778,0.000281778,0.000281778,0.000281778,0.000281778,0.000281778,0.000281778,0.000281778,0.000281778,0.000281778,0.000281778,0.000281778,0.000281778,0.000281778,0.000281778,0.000281778,0.000281778,0.000281778,0.000281778,0.000281778,0.000281778,0.000281778,0.000281778,0.000281778,0.000281778,0.000281778,0.000281778,0.000281778,0.000281778,0.000281778,0.000281778,0.000281778,0.000281778,0.000281778,0.000281778
0,0,39,0.003749307,0.003749307,0.003749307,0.003749307,0.003749307,0.003749307,0.003749307,0.003749307,0.003749307,0.003749307,0.003749307,0.003749307,0.003749307,0.003749307,0.003749307,0.003749307,0.003749307,0.003749307,0.003749307,0.003749307,0.003749307,0.003749307,0.003749307,0.003749307,0.003749307,0.003749307,0.003749307,0.003738957,0.003745917,0.003769031,0.003806289,0.003855946,0.003916360,0.003985713,0.004062035,0.004143134,0.004226464,0.004308975,0.004387489,0.004460219,0.004525176,0.004579616,0.004620220,0.004643571,0.004646197,0.004624810,0.004576646,0.004499611,0.004392976,0.004260932,0.004109614,0.003945753,0.003776166,0.003607243,0.003444639,0.003293123,0.003156581,0.003038440,0.002941440,0.002863189,0.002800278,0.002749544,0.002707985,0.002672689,0.002640837,0.002609692,0.002576570,0.002538501,0.002492580,0.002440725,0.002385758,0.002330051,0.002247099,0.002166119,0.002088064,0.002013724,0.001943840,0.001879363,0.001821201,0.001767566,0.001716625,0.001667279,0.001619277,0.001573675,0.001531789,0.001494784,0.001463612,0.001438551,0.001418255,0.001401937,0.001388718,0.001377276,0.001365906,0.001352670,0.001335483,0.001312255,0.001281067,0.001241096,0.001194768,0.001145266,0.001095870,0.001049876,0.001009845,0.000975797,0.000947251,0.000923814,0.000905124,0.000891016,0.000882057,0.000878927,0.000882241,0.000892581,0.000909690,0.000929829,0.000948132,0.000959443,0.000958502,0.000942058,0.000914292,0.000881118,0.000848082,0.000820210,0.000800951,0.000789149,0.000782742,0.000727765,0.000670921,0.000613302,0.000556677,0.000502583,0.000457974,0.000416602,0.000378857,0.000344531,0.000313313,0.000284924,0.000259106,0.000259106,0.000259106,0.000259106,0.000259106,0.000259106,0.000259106,0.000259106,0.000259106,0.000259106,0.000259106,0.000259106,0.000259106,0.000259106,0.000259106,0.000259106,0.000259106,0.000259106,0.000259106,0.000259106,0.000259106,0.000259106,0.000259106,0.000259106,0.000259106,0.000259106,0.000259106,0.000259106,0.000259106,0.000259106,0.000259106,0.000259106,0.000259106,0.000259106,0.000259106,0.000259106,0.000259106,0.000259106,0.000259106,0.000259106,0.000259106,0.000259106,0.000259106,0.000259106,0.000259106,0.000259106,0.000259106,0.000259106,0.000259106,0.000259106,0.000259106,0.000259106,0.000259106,0.000259106,0.000259106,0.000259106,0.000259106,0.000259106,0.000259106,0.000259106,0.000259106,0.000259106,0.000259106,0.000259106,0.000259106,0.000259106,0.000259106,0.000259106,0.000259106,0.000259106,0.000259106,0.000259106,0.000259106,0.000259106,0.000259106,0.000259106,0.000259106,0.000259106,0.000259106,0.000259106,0.000259106,0.000259106,0.000259106,0.000259106,0.000259106,0.000259106,0.000259106,0.000259106,0.000259106,0.000259106,0.000259106,0.000259106,0.000259106,0.000259106,0.000259106,0.000259106,0.000259106,0.000259106,0.000259106,0.000259106,0.000259106
0,0,40,0.003565950,0.003565950,0.003565950,0.003565950,0.003565950,0.003565950,0.003565950,0.003565950,0.003565950,0.003565950,0.003565950,0.003565950,0.003565950,0.003565950,0.003565950,0.003565950,0.003565950,0.003565950,0.003565950,0.003565950,0.003565950,0.003565950,0.003565950,0.003565950,0.003565950,0.003565950,0.003565950,0.003571514,0.003591775,0.003624602,0.003668112,0.003720597,0.003780381,0.003845571,0.003914090,0.003983632,0.004051548,0.004115237,0.004173583,0.004225414,0.004268906,0.004301561,0.004320393,0.004322391,0.004304557,0.004264138,0.004198929,0.004108270,0.003995223,0.003864398,0.003721095,0.003571000,0.003419789,0.003272730,0.003134465,0.003008924,0.002899361,0.002807544,0.002731327,0.002667828,0.002614324,0.002568181,0.002526817,0.002487681,0.002448288,0.002406248,0.002359277,0.002306117,0.002249082,0.002190979,0.002134126,0.002080391,0.002005853,0.001936281,0.001872195,0.001814013,0.001762164,0.001716560,0.001674960,0.001635163,0.001595659,0.001555580,0.001514832,0.001474546,0.001436092,0.001400692,0.001369342,0.001342672,0.001320626,0.001302726,0.001288120,0.001275554,0.001263433,0.001249957,0.001233193,0.001211207,0.001182218,0.001145391,0.001102733,0.001057127,0.001011601,0.000969201,0.000932292,0.000900893,0.000874565,0.000852942,0.000835694,0.000822670,0.000814398,0.000811508,0.000814569,0.000824117,0.000839914,0.000858509,0.000875408,0.000885852,0.000884984,0.000869807,0.000844170,0.000813540,0.000783036,0.000757300,0.000739516,0.000728617,0.000722700,0.000671938,0.000619452,0.000566252,0.000513969,0.000464022,0.000422835,0.000384636,0.000349786,0.000318093,0.000289270,0.000263059,0.000239222,0.000239222,0.000239222,0.000239222,0.000239222,0.000239222,0.000239222,0.000239222,0.000239222,0.000239222,0.000239222,0.000239222,0.000239222,0.000239222,0.000239222,0.000239222,0.000239222,0.000239222,0.000239222,0.000239222,0.000239222,0.000239222,0.000239222,0.000239222,0.000239222,0.000239222,0.000239222,0.000239222,0.000239222,0.000239222,0.000239222,0.000239222,0.000239222,0.000239222,0.000239222,0.000239222,0.000239222,0.000239222,0.000239222,0.000239222,0.000239222,0.000239222,0.000239222,0.000239222,0.000239222,0.000239222,0.000239222,0.000239222,0.000239222,0.000239222,0.000239222,0.000239222,0.000239222,0.000239222,0.000239222,0.000239222,0.000239222,0.000239222,0.000239222,0.000239222,0.000239222,0.000239222,0.000239222,0.000239222,0.000239222,0.000239222,0.000239222,0.000239222,0.000239222,0.000239222,0.000239222,0.000239222,0.000239222,0.000239222,0.000239222,0.000239222,0.000239222,0.000239222,0.000239222,0.000239222,0.000239222,0.000239222,0.000239222,0.000239222,0.000239222,0.000239222,0.000239222,0.000239222,0.000239222,0.000239222,0.000239222,0.000239222,0.000239222,0.000239222,0.000239222,0.000239222,0.000239222,0.000239222,0.000239222,0.000239222,0.000239222
0,0,41,0.003414983,0.003414983,0.003414983,0.003414983,0.003414983,0.003414983,0.003414983,0.003414983,0.003414983,0.003414983,0.003414983,0.003414983,0.003414983,0.003414983,0.003414983,0.003414983,0.003414983,0.003414983,0.003414983,0.003414983,0.003414983,0.003414983,0.003414983,0.003414983,0.003414983,0.003414983,0.003414983,0.003433324,0.003462991,0.003501974,0.003548427,0.003600619,0.003656806,0.003715004,0.003773047,0.003828545,0.003879290,0.003924623,0.003963985,0.003996318,0.004019972,0.004032701,0.004031850,0.004014799,0.003979006,0.003922213,0.003843540,0.003745847,0.003632682,0.003508012,0.003376296,0.003242263,0.003110603,0.002985662,0.002871295,0.002770819,0.002685903,0.002613681,0.002551491,0.002497059,0.002448144,0.002402513,0.002357939,0.002312212,0.002263213,0.002208965,0.002148792,0.002086165,0.002024117,0.001964910,0.001910337,0.001861797,0.001797611,0.001740549,0.001690840,0.001648685,0.001613638,0.001582768,0.001553467,0.001523837,0.001492580,0.001458983,0.001423058,0.001385980,0.001349155,0.001313844,0.001281360,0.001253458,0.001230321,0.001211459,0.001196045,0.001182888,0.001170493,0.001157180,0.001141156,0.001120619,0.001093855,0.001059875,0.001020483,0.000978346,0.000936268,0.000897069,0.000862940,0.000833901,0.000809546,0.000789538,0.000773574,0.000761518,0.000753861,0.000751186,0.000754020,0.000762859,0.000777482,0.000794695,0.000810339,0.000820007,0.000819209,0.000805160,0.000781428,0.000753073,0.000724836,0.000701011,0.000684548,0.000674458,0.000668978,0.000621988,0.000573402,0.000524154,0.000475757,0.000429523,0.000391396,0.000356037,0.000323777,0.000294440,0.000267760,0.000243497,0.000221432,0.000221432,0.000221432,0.000221432,0.000221432,0.000221432,0.000221432,0.000221432,0.000221432,0.000221432,0.000221432,0.000221432,0.000221432,0.000221432,0.000221432,0.000221432,0.000221432,0.000221432,0.000221432,0.000221432,0.000221432,0.000221432,0.000221432,0.000221432,0.000221432,0.000221432,0.000221432,0.000221432,0.000221432,0.000221432,0.000221432,0.000221432,0.000221432,0.000221432,0.000221432,0.000221432,0.000221432,0.000221432,0.000221432,0.000221432,0.000221432,0.000221432,0.000221432,0.000221432,0.000221432,0.000221432,0.000221432,0.000221432,0.000221432,0.000221432,0.000221432,0.000221432,0.000221432,0.000221432,0.000221432,0.000221432,0.000221432,0.000221432,0.000221432,0.000221432,0.000221432,0.000221432,0.000221432,0.000221432,0.000221432,0.000221432,0.000221432,0.000221432,0.000221432,0.000221432,0.000221432,0.000221432,0.000221432,0.000221432,0.000221432,0.000221432,0.000221432,0.000221432,0.000221432,0.000221432,0.000221432,0.000221432,0.000221432,0.000221432,0.000221432,0.000221432,0.000221432,0.000221432,0.000221432,0.000221432,0.000221432,0.000221432,0.000221432,0.000221432,0.000221432,0.000221432,0.000221432,0.000221432,0.000221432,0.000221432,0.000221432
0,0,42,0.003286453,0.003286453,0.003286453,0.003286453,0.003286453,0.003286453,0.003286453,0.003286453,0.003286453,0.003286453,0.003286453,0.003286453,0.003286453,0.003286453,0.003286453,0.003286453,0.003286453,0.003286453,0.003286453,0.003286453,0.003286453,0.003286453,0.003286453,0.003286453,0.003286453,0.003286453,0.003286453,0.003313856,0.003349505,0.003391430,0.003437772,0.003486743,0.003536526,0.003585064,0.003630135,0.003669787,0.003703658,0.003731609,0.003753166,0.003767395,0.003772832,0.003767483,0.003749025,0.003715216,0.003663942,0.003594164,0.003508297,0.003409655,0.003301268,0.003186437,0.003068836,0.002952354,0.002840864,0.002737983,0.002646981,0.002569641,0.002503185,0.002444272,0.002390791,0.002340901,0.002292735,0.002244404,0.002194027,0.002139769,0.002079935,0.002014095,0.001945973,0.001879550,0.001817251,0.001760790,0.001711483,0.001670337,0.001617666,0.001573668,0.001538421,0.001511378,0.001489499,0.001469573,0.001449293,0.001426964,0.001401435,0.001372102,0.001339059,0.001303513,0.001266898,0.001230783,0.001197537,0.001169031,0.001145385,0.001126100,0.001110374,0.001097077,0.001084805,0.001071993,0.001056967,0.001038001,0.001013302,0.000981903,0.000945473,0.000906486,0.000867541,0.000831252,0.000799650,0.000772755,0.000750193,0.000731653,0.000716859,0.000705687,0.000698591,0.000696113,0.000698739,0.000706931,0.000720483,0.000736434,0.000750931,0.000759897,0.000759157,0.000746138,0.000724145,0.000697868,0.000671700,0.000649621,0.000634363,0.000625011,0.000619932,0.000576385,0.000531360,0.000485722,0.000440872,0.000398026,0.000362695,0.000329927,0.000300033,0.000272846,0.000248122,0.000225638,0.000205191,0.000205191,0.000205191,0.000205191,0.000205191,0.000205191,0.000205191,0.000205191,0.000205191,0.000205191,0.000205191,0.000205191,0.000205191,0.000205191,0.000205191,0.000205191,0.000205191,0.000205191,0.000205191,0.000205191,0.000205191,0.000205191,0.000205191,0.000205191,0.000205191,0.000205191,0.000205191,0.000205191,0.000205191,0.000205191,0.000205191,0.000205191,0.000205191,0.000205191,0.000205191,0.000205191,0.000205191,0.000205191,0.000205191,0.000205191,0.000205191,0.000205191,0.000205191,0.000205191,0.000205191,0.000205191,0.000205191,0.000205191,0.000205191,0.000205191,0.000205191,0.000205191,0.000205191,0.000205191,0.000205191,0.000205191,0.000205191,0.000205191,0.000205191,0.000205191,0.000205191,0.000205191,0.000205191,0.000205191,0.000205191,0.000205191,0.000205191,0.000205191,0.000205191,0.000205191,0.000205191,0.000205191,0.000205191,0.000205191,0.000205191,0.000205191,0.000205191,0.000205191,0.000205191,0.000205191,0.000205191,0.000205191,0.000205191,0.000205191,0.000205191,0.000205191,0.000205191,0.000205191,0.000205191,0.000205191,0.000205191,0.000205191,0.000205191,0.000205191,0.000205191,0.000205191,0.000205191,0.000205191,0.000205191,0.000205191,0.000205191
0,0,43,0.003170935,0.003170935,0.003170935,0.003170935,0.003170935,0.003170935,0.003170935,0.003170935,0.003170935,0.003170935,0.003170935,0.003170935,0.003170935,0.003170935,0.003170935,0.003170935,0.003170935,0.003170935,0.003170935,0.003170935,0.003170935,0.003170935,0.003170935,0.003170935,0.003170935,0.003170935,0.003170935,0.003204085,0.003242588,0.003284470,0.003327830,0.003370824,0.003411578,0.003448008,0.003478327,0.003502351,0.003520214,0.003531845,0.003536865,0.003534475,0.003523400,0.003501904,0.003467985,0.003419767,0.003356246,0.003279453,0.003192238,0.003097437,0.002997532,0.002895192,0.002793400,0.002695342,0.002604235,0.002523154,0.002453892,0.002393953,0.002340079,0.002289486,0.002240457,0.002191495,0.002141064,0.002087617,0.002029651,0.001965763,0.001895747,0.001823315,0.001752594,0.001686834,0.001627867,0.001576918,0.001534911,0.001502576,0.001462025,0.001431282,0.001409776,0.001394591,0.001382464,0.001370519,0.001356660,0.001339335,0.001317499,0.001290640,0.001258926,0.001223593,0.001186373,0.001149850,0.001116469,0.001087928,0.001064292,0.001045056,0.001029445,0.001016390,0.001004577,0.000992543,0.000978684,0.000961209,0.000938413,0.000909397,0.000875709,0.000839640,0.000803598,0.000770005,0.000740745,0.000715839,0.000694939,0.000677764,0.000664059,0.000653710,0.000647137,0.000644842,0.000647275,0.000654863,0.000667418,0.000682195,0.000695629,0.000703935,0.000703250,0.000691189,0.000670815,0.000646473,0.000622231,0.000601777,0.000587642,0.000578978,0.000574272,0.000533930,0.000492220,0.000449943,0.000408395,0.000368705,0.000335975,0.000305621,0.000277928,0.000252744,0.000229841,0.000209014,0.000190073,0.000190073,0.000190073,0.000190073,0.000190073,0.000190073,0.000190073,0.000190073,0.000190073,0.000190073,0.000190073,0.000190073,0.000190073,0.000190073,0.000190073,0.000190073,0.000190073,0.000190073,0.000190073,0.000190073,0.000190073,0.000190073,0.000190073,0.000190073,0.000190073,0.000190073,0.000190073,0.000190073,0.000190073,0.000190073,0.000190073,0.000190073,0.000190073,0.000190073,0.000190073,0.000190073,0.000190073,0.000190073,0.000190073,0.000190073,0.000190073,0.000190073,0.000190073,0.000190073,0.000190073,0.000190073,0.000190073,0.000190073,0.000190073,0.000190073,0.000190073,0.000190073,0.000190073,0.000190073,0.000190073,0.000190073,0.000190073,0.000190073,0.000190073,0.000190073,0.000190073,0.000190073,0.000190073,0.000190073,0.000190073,0.000190073,0.000190073,0.000190073,0.000190073,0.000190073,0.000190073,0.000190073,0.000190073,0.000190073,0.000190073,0.000190073,0.000190073,0.000190073,0.000190073,0.000190073,0.000190073,0.000190073,0.000190073,0.000190073,0.000190073,0.000190073,0.000190073,0.000190073,0.000190073,0.000190073,0.000190073,0.000190073,0.000190073,0.000190073,0.000190073,0.000190073,0.000190073,0.000190073,0.000190073,0.000190073,0.000190073
0,0,44,0.003060295,0.003060295,0.003060295,0.003060295,0.003060295,0.003060295,0.003060295,0.003060295,0.003060295,0.003060295,0.003060295,0.003060295,0.003060295,0.003060295,0.003060295,0.003060295,0.003060295,0.003060295,0.003060295,0.003060295,0.003060295,0.003060295,0.003060295,0.003060295,0.003060295,0.003060295,0.003060295,0.003096142,0.003134584,0.003173620,0.003211314,0.003245787,0.003275156,0.003297774,0.003313554,0.003322787,0.003325668,0.003322205,0.003312119,0.003294754,0.003269024,0.003233451,0.003186344,0.003126832,0.003056750,0.002978537,0.002894610,0.002807297,0.002718560,0.002630510,0.002545551,0.002466308,0.002395505,0.002334815,0.002281932,0.002233868,0.002187879,0.002141595,0.002093623,0.002042776,0.001987850,0.001927677,0.001861184,0.001788402,0.001713032,0.001639113,0.001570010,0.001508269,0.001455201,0.001411635,0.001378219,0.001355518,0.001327302,0.001309191,0.001298456,0.001292004,0.001286920,0.001280571,0.001271015,0.001256813,0.001237012,0.001211185,0.001179580,0.001143727,0.001106335,0.001070050,0.001037112,0.001009053,0.000985887,0.000967113,0.000951986,0.000939498,0.000928420,0.000917348,0.000904621,0.000888540,0.000867528,0.000840754,0.000809649,0.000776330,0.000743027,0.000711980,0.000684931,0.000661901,0.000642576,0.000626695,0.000614022,0.000604453,0.000598376,0.000596253,0.000598503,0.000605520,0.000617129,0.000630797,0.000643221,0.000650900,0.000650267,0.000639115,0.000620276,0.000597767,0.000575351,0.000556437,0.000543366,0.000535353,0.000531001,0.000493698,0.000455130,0.000416037,0.000377619,0.000340919,0.000310655,0.000282588,0.000256982,0.000233695,0.000212518,0.000193260,0.000175746,0.000175746,0.000175746,0.000175746,0.000175746,0.000175746,0.000175746,0.000175746,0.000175746,0.000175746,0.000175746,0.000175746,0.000175746,0.000175746,0.000175746,0.000175746,0.000175746,0.000175746,0.000175746,0.000175746,0.000175746,0.000175746,0.000175746,0.000175746,0.000175746,0.000175746,0.000175746,0.000175746,0.000175746,0.000175746,0.000175746,0.000175746,0.000175746,0.000175746,0.000175746,0.000175746,0.000175746,0.000175746,0.000175746,0.000175746,0.000175746,0.000175746,0.000175746,0.000175746,0.000175746,0.000175746,0.000175746,0.000175746,0.000175746,0.000175746,0.000175746,0.000175746,0.000175746,0.000175746,0.000175746,0.000175746,0.000175746,0.000175746,0.000175746,0.000175746,0.000175746,0.000175746,0.000175746,0.000175746,0.000175746,0.000175746,0.000175746,0.000175746,0.000175746,0.000175746,0.000175746,0.000175746,0.000175746,0.000175746,0.000175746,0.000175746,0.000175746,0.000175746,0.000175746,0.000175746,0.000175746,0.000175746,0.000175746,0.000175746,0.000175746,0.000175746,0.000175746,0.000175746,0.000175746,0.000175746,0.000175746,0.000175746,0.000175746,0.000175746,0.000175746,0.000175746,0.000175746,0.000175746,0.000175746,0.000175746,0.000175746
0,0,45,0.002947473,0.002947473,0.002947473,0.002947473,0.002947473,0.002947473,0.002947473,0.002947473,0.002947473,0.002947473,0.002947473,0.002947473,0.002947473,0.002947473,0.002947473,0.002947473,0.002947473,0.002947473,0.002947473,0.002947473,0.002947473,0.002947473,0.002947473,0.002947473,0.002947473,0.002947473,0.002947473,0.002983175,0.003018834,0.003052434,0.003082026,0.003105746,0.003122150,0.003131219,0.003133325,0.003128821,0.003117969,0.003100858,0.003077313,0.003046819,0.003008482,0.002961071,0.002903805,0.002838425,0.002767121,0.002691934,0.002614825,0.002537641,0.002461889,0.002389218,0.002321573,0.002261161,0.002209395,0.002164051,0.002122328,0.002081700,0.002039814,0.001994652,0.001945120,0.001890350,0.001829508,0.001761851,0.001687680,0.001610707,0.001534896,0.001463512,0.001399185,0.001343845,0.001298382,0.001263350,0.001239234,0.001226554,0.001210081,0.001201841,0.001198978,0.001198749,0.001198496,0.001195778,0.001188774,0.001176147,0.001157036,0.001131113,0.001098958,0.001063056,0.001026167,0.000990721,0.000958754,0.000931640,0.000909353,0.000891399,0.000877067,0.000865414,0.000855256,0.000845134,0.000833476,0.000818718,0.000799405,0.000774771,0.000746136,0.000715452,0.000684773,0.000656165,0.000631237,0.000610012,0.000592201,0.000577565,0.000565886,0.000557066,0.000551466,0.000549510,0.000551584,0.000558051,0.000568754,0.000581352,0.000592801,0.000599879,0.000599296,0.000589017,0.000571655,0.000550910,0.000530250,0.000512819,0.000500771,0.000493386,0.000489373,0.000454994,0.000419448,0.000383419,0.000348012,0.000314189,0.000286297,0.000260430,0.000236831,0.000215370,0.000195853,0.000178105,0.000161965,0.000161965,0.000161965,0.000161965,0.000161965,0.000161965,0.000161965,0.000161965,0.000161965,0.000161965,0.000161965,0.000161965,0.000161965,0.000161965,0.000161965,0.000161965,0.000161965,0.000161965,0.000161965,0.000161965,0.000161965,0.000161965,0.000161965,0.000161965,0.000161965,0.000161965,0.000161965,0.000161965,0.000161965,0.000161965,0.000161965,0.000161965,0.000161965,0.000161965,0.000161965,0.000161965,0.000161965,0.000161965,0.000161965,0.000161965,0.000161965,0.000161965,0.000161965,0.000161965,0.000161965,0.000161965,0.000161965,0.000161965,0.000161965,0.000161965,0.000161965,0.000161965,0.000161965,0.000161965,0.000161965,0.000161965,0.000161965,0.000161965,0.000161965,0.000161965,0.000161965,0.000161965,0.000161965,0.000161965,0.000161965,0.000161965,0.000161965,0.000161965,0.000161965,0.000161965,0.000161965,0.000161965,0.000161965,0.000161965,0.000161965,0.000161965,0.000161965,0.000161965,0.000161965,0.000161965,0.000161965,0.000161965,0.000161965,0.000161965,0.000161965,0.000161965,0.000161965,0.000161965,0.000161965,0.000161965,0.000161965,0.000161965,0.000161965,0.000161965,0.000161965,0.000161965,0.000161965,0.000161965,0.000161965,0.000161965,0.000161965
0,0,46,0.002826448,0.002826448,0.002826448,0.002826448,0.002826448,0.002826448,0.002826448,0.002826448,0.002826448,0.002826448,0.002826448,0.002826448,0.002826448,0.002826448,0.002826448,0.002826448,0.002826448,0.002826448,0.002826448,0.002826448,0.002826448,0.002826448,0.002826448,0.002826448,0.002826448,0.002826448,0.002826448,0.002859377,0.002889774,0.002915634,0.002935049,0.002946597,0.002950388,0.002946846,0.002936405,0.002919481,0.002896403,0.002867339,0.002832217,0.002790659,0.002741956,0.002685678,0.002623436,0.002557265,0.002488970,0.002420176,0.002352418,0.002287125,0.002225433,0.002168637,0.002118348,0.002075576,0.002038072,0.002003127,0.001968360,0.001931598,0.001890826,0.001844362,0.001791426,0.001731504,0.001664178,0.001590011,0.001512765,0.001436349,0.001363942,0.001298072,0.001240723,0.001193323,0.001156466,0.001130546,0.001116000,0.001112912,0.001105575,0.001104488,0.001107147,0.001111076,0.001113816,0.001113087,0.001107186,0.001094877,0.001075408,0.001048796,0.001016591,0.000981340,0.000945577,0.000911516,0.000880993,0.000855232,0.000834176,0.000817343,0.000804065,0.000793425,0.000784184,0.000774966,0.000764330,0.000750841,0.000733166,0.000710601,0.000684358,0.000656226,0.000628092,0.000601852,0.000578987,0.000559518,0.000543181,0.000529756,0.000519043,0.000510954,0.000505817,0.000504024,0.000505926,0.000511862,0.000521680,0.000533235,0.000543737,0.000550229,0.000549694,0.000540266,0.000524340,0.000505312,0.000486362,0.000470372,0.000459322,0.000452547,0.000448865,0.000417331,0.000384726,0.000351679,0.000319202,0.000288178,0.000262595,0.000238869,0.000217223,0.000197539,0.000179638,0.000163359,0.000148554,0.000148554,0.000148554,0.000148554,0.000148554,0.000148554,0.000148554,0.000148554,0.000148554,0.000148554,0.000148554,0.000148554,0.000148554,0.000148554,0.000148554,0.000148554,0.000148554,0.000148554,0.000148554,0.000148554,0.000148554,0.000148554,0.000148554,0.000148554,0.000148554,0.000148554,0.000148554,0.000148554,0.000148554,0.000148554,0.000148554,0.000148554,0.000148554,0.000148554,0.000148554,0.000148554,0.000148554,0.000148554,0.000148554,0.000148554,0.000148554,0.000148554,0.000148554,0.000148554,0.000148554,0.000148554,0.000148554,0.000148554,0.000148554,0.000148554,0.000148554,0.000148554,0.000148554,0.000148554,0.000148554,0.000148554,0.000148554,0.000148554,0.000148554,0.000148554,0.000148554,0.000148554,0.000148554,0.000148554,0.000148554,0.000148554,0.000148554,0.000148554,0.000148554,0.000148554,0.000148554,0.000148554,0.000148554,0.000148554,0.000148554,0.000148554,0.000148554,0.000148554,0.000148554,0.000148554,0.000148554,0.000148554,0.000148554,0.000148554,0.000148554,0.000148554,0.000148554,0.000148554,0.000148554,0.000148554,0.000148554,0.000148554,0.000148554,0.000148554,0.000148554,0.000148554,0.000148554,0.000148554,0.000148554,0.000148554,0.000148554
0,0,47,0.002692345,0.002692345,0.002692345,0.002692345,0.002692345,0.002692345,0.002692345,0.002692345,0.002692345,0.002692345,0.002692345,0.002692345,0.002692345,0.002692345,0.002692345,0.002692345,0.002692345,0.002692345,0.002692345,0.002692345,0.002692345,0.002692345,0.002692345,0.002692345,0.002692345,0.002692345,0.002692345,0.002720152,0.002743138,0.002759363,0.002767366,0.002767211,0.002759427,0.002744502,0.002722929,0.002695181,0.002661650,0.002622577,0.002577988,0.002527631,0.002471493,0.002411295,0.002348887,0.002285917,0.002223799,0.002163776,0.002107015,0.002054611,0.002007425,0.001966508,0.001932407,0.001902738,0.001874799,0.001846268,0.001815087,0.001779394,0.001737500,0.001688078,0.001630700,0.001565246,0.001492533,0.001416363,0.001340626,0.001268439,0.001202239,0.001143907,0.001094904,0.001056285,0.001028467,0.001011793,0.001006309,0.001010480,0.001009706,0.001013557,0.001019797,0.001026157,0.001030352,0.001030252,0.001024277,0.001011312,0.000990951,0.000964164,0.000932619,0.000898655,0.000864578,0.000832384,0.000803715,0.000779655,0.000760122,0.000744657,0.000732599,0.000722971,0.000714608,0.000706258,0.000696607,0.000684348,0.000668265,0.000647716,0.000623807,0.000598169,0.000572524,0.000548605,0.000527762,0.000510015,0.000495123,0.000482886,0.000473121,0.000465747,0.000461065,0.000459430,0.000461168,0.000466579,0.000475528,0.000486061,0.000495634,0.000501552,0.000501065,0.000492471,0.000477954,0.000460609,0.000443334,0.000428759,0.000418685,0.000412509,0.000409152,0.000380407,0.000350686,0.000320562,0.000290958,0.000262679,0.000239359,0.000217732,0.000198001,0.000180058,0.000163741,0.000148902,0.000135408,0.000135408,0.000135408,0.000135408,0.000135408,0.000135408,0.000135408,0.000135408,0.000135408,0.000135408,0.000135408,0.000135408,0.000135408,0.000135408,0.000135408,0.000135408,0.000135408,0.000135408,0.000135408,0.000135408,0.000135408,0.000135408,0.000135408,0.000135408,0.000135408,0.000135408,0.000135408,0.000135408,0.000135408,0.000135408,0.000135408,0.000135408,0.000135408,0.000135408,0.000135408,0.000135408,0.000135408,0.000135408,0.000135408,0.000135408,0.000135408,0.000135408,0.000135408,0.000135408,0.000135408,0.000135408,0.000135408,0.000135408,0.000135408,0.000135408,0.000135408,0.000135408,0.000135408,0.000135408,0.000135408,0.000135408,0.000135408,0.000135408,0.000135408,0.000135408,0.000135408,0.000135408,0.000135408,0.000135408,0.000135408,0.000135408,0.000135408,0.000135408,0.000135408,0.000135408,0.000135408,0.000135408,0.000135408,0.000135408,0.000135408,0.000135408,0.000135408,0.000135408,0.000135408,0.000135408,0.000135408,0.000135408,0.000135408,0.000135408,0.000135408,0.000135408,0.000135408,0.000135408,0.000135408,0.000135408,0.000135408,0.000135408,0.000135408,0.000135408,0.000135408,0.000135408,0.000135408,0.000135408,0.000135408,0.000135408,0.000135408
0,0,48,0.002541631,0.002541631,0.002541631,0.002541631,0.002541631,0.002541631,0.002541631,0.002541631,0.002541631,0.002541631,0.002541631,0.002541631,0.002541631,0.002541631,0.002541631,0.002541631,0.002541631,0.002541631,0.002541631,0.002541631,0.002541631,0.002541631,0.002541631,0.002541631,0.002541631,0.002541631,0.002541631,0.002562340,0.002576222,0.002581783,0.002578977,0.002568274,0.002550257,0.002525471,0.002494461,0.002457750,0.002415782,0.002368863,0.002317100,0.002260837,0.002201974,0.002142389,0.002083546,0.002026714,0.001972954,0.001923188,0.001878294,0.001839124,0.001806362,0.001780139,0.001757907,0.001736887,0.001714740,0.001689448,0.001659242,0.001622565,0.001578077,0.001524841,0.001462816,0.001393038,0.001319333,0.001245565,0.001174824,0.001109481,0.001051328,0.001001723,0.000961733,0.000932167,0.000913375,0.000905346,0.000906680,0.000915778,0.000919472,0.000926430,0.000934630,0.000941980,0.000946359,0.000945794,0.000938844,0.000924741,0.000904000,0.000877739,0.000847491,0.000815376,0.000783468,0.000753547,0.000727072,0.000704993,0.000687212,0.000673267,0.000662425,0.000653772,0.000646256,0.000638743,0.000630047,0.000618984,0.000604455,0.000585880,0.000564258,0.000541068,0.000517870,0.000496233,0.000477379,0.000461326,0.000447855,0.000436786,0.000427953,0.000421284,0.000417048,0.000415573,0.000417145,0.000422040,0.000430135,0.000439663,0.000448322,0.000453675,0.000453234,0.000445461,0.000432329,0.000416639,0.000401014,0.000387829,0.000378716,0.000373129,0.000370092,0.000344090,0.000317206,0.000289957,0.000263179,0.000237599,0.000216505,0.000196943,0.000179096,0.000162866,0.000148106,0.000134684,0.000122478,0.000122478,0.000122478,0.000122478,0.000122478,0.000122478,0.000122478,0.000122478,0.000122478,0.000122478,0.000122478,0.000122478,0.000122478,0.000122478,0.000122478,0.000122478,0.000122478,0.000122478,0.000122478,0.000122478,0.000122478,0.000122478,0.000122478,0.000122478,0.000122478,0.000122478,0.000122478,0.000122478,0.000122478,0.000122478,0.000122478,0.000122478,0.000122478,0.000122478,0.000122478,0.000122478,0.000122478,0.000122478,0.000122478,0.000122478,0.000122478,0.000122478,0.000122478,0.000122478,0.000122478,0.000122478,0.000122478,0.000122478,0.000122478,0.000122478,0.000122478,0.000122478,0.000122478,0.000122478,0.000122478,0.000122478,0.000122478,0.000122478,0.000122478,0.000122478,0.000122478,0.000122478,0.000122478,0.000122478,0.000122478,0.000122478,0.000122478,0.000122478,0.000122478,0.000122478,0.000122478,0.000122478,0.000122478,0.000122478,0.000122478,0.000122478,0.000122478,0.000122478,0.000122478,0.000122478,0.000122478,0.000122478,0.000122478,0.000122478,0.000122478,0.000122478,0.000122478,0.000122478,0.000122478,0.000122478,0.000122478,0.000122478,0.000122478,0.000122478,0.000122478,0.000122478,0.000122478,0.000122478,0.000122478,0.000122478,0.000122478
0,0,49,0.002372350,0.002372350,0.002372350,0.002372350,0.002372350,0.002372350,0.002372350,0.002372350,0.002372350,0.002372350,0.002372350,0.002372350,0.002372350,0.002372350,0.002372350,0.002372350,0.002372350,0.002372350,0.002372350,0.002372350,0.002372350,0.002372350,0.002372350,0.002372350,0.002372350,0.002372350,0.002372350,0.002384487,0.002388452,0.002384091,0.002371747,0.002351949,0.002325327,0.002292470,0.002253965,0.002210369,0.002162167,0.002109713,0.002053617,0.001995911,0.001938559,0.001883033,0.001830433,0.001781693,0.001737582,0.001698779,0.001665959,0.001639819,0.001620253,0.001604616,0.001590042,0.001574110,0.001554778,0.001530303,0.001499201,0.001460244,0.001412471,0.001355374,0.001289997,0.001220147,0.001149648,0.001081559,0.001018220,0.000961359,0.000912249,0.000871855,0.000840980,0.000820297,0.000809824,0.000808269,0.000814208,0.000826328,0.000832764,0.000841313,0.000850133,0.000857296,0.000860850,0.000858996,0.000850643,0.000835902,0.000815460,0.000790344,0.000761939,0.000732141,0.000702794,0.000675469,0.000651447,0.000631555,0.000615660,0.000603221,0.000593556,0.000585844,0.000579144,0.000572440,0.000564670,0.000554772,0.000541760,0.000525116,0.000505736,0.000484951,0.000464158,0.000444765,0.000427866,0.000413478,0.000401404,0.000391482,0.000383565,0.000377588,0.000373795,0.000372472,0.000373881,0.000378269,0.000385524,0.000394064,0.000401826,0.000406624,0.000406229,0.000399261,0.000387491,0.000373428,0.000359423,0.000347605,0.000339437,0.000334429,0.000331706,0.000308401,0.000284304,0.000259881,0.000235880,0.000212953,0.000194047,0.000176513,0.000160517,0.000145970,0.000132742,0.000120712,0.000109772,0.000109772,0.000109772,0.000109772,0.000109772,0.000109772,0.000109772,0.000109772,0.000109772,0.000109772,0.000109772,0.000109772,0.000109772,0.000109772,0.000109772,0.000109772,0.000109772,0.000109772,0.000109772,0.000109772,0.000109772,0.000109772,0.000109772,0.000109772,0.000109772,0.000109772,0.000109772,0.000109772,0.000109772,0.000109772,0.000109772,0.000109772,0.000109772,0.000109772,0.000109772,0.000109772,0.000109772,0.000109772,0.000109772,0.000109772,0.000109772,0.000109772,0.000109772,0.000109772,0.000109772,0.000109772,0.000109772,0.000109772,0.000109772,0.000109772,0.000109772,0.000109772,0.000109772,0.000109772,0.000109772,0.000109772,0.000109772,0.000109772,0.000109772,0.000109772,0.000109772,0.000109772,0.000109772,0.000109772,0.000109772,0.000109772,0.000109772,0.000109772,0.000109772,0.000109772,0.000109772,0.000109772,0.000109772,0.000109772,0.000109772,0.000109772,0.000109772,0.000109772,0.000109772,0.000109772,0.000109772,0.000109772,0.000109772,0.000109772,0.000109772,0.000109772,0.000109772,0.000109772,0.000109772,0.000109772,0.000109772,0.000109772,0.000109772,0.000109772,0.000109772,0.000109772,0.000109772,0.000109772,0.000109772,0.000109772,0.000109772
0,0,50,0.002184350,0.002184350,0.002184350,0.002184350,0.002184350,0.002184350,0.002184350,0.002184350,0.002184350,0.002184350,0.002184350,0.002184350,0.002184350,0.002184350,0.002184350,0.002184350,0.002184350,0.002184350,0.002184350,0.002184350,0.002184350,0.002184350,0.002184350,0.002184350,0.002184350,0.002184350,0.002184350,0.002187323,0.002182248,0.002169341,0.002149012,0.002121834,0.002088472,0.002049543,0.002005658,0.001957396,0.001905262,0.001850034,0.001793795,0.001738558,0.001685854,0.001636779,0.001592119,0.001552539,0.001518595,0.001490799,0.001469709,0.001455312,0.001445048,0.001436039,0.001425787,0.001412172,0.001393424,0.001368074,0.001334950,0.001293179,0.001242213,0.001182605,0.001117942,0.001051970,0.000987710,0.000927469,0.000872947,0.000825356,0.000785581,0.000754321,0.000732225,0.000719605,0.000715341,0.000718156,0.000726907,0.000740487,0.000748252,0.000757157,0.000765521,0.000771584,0.000773576,0.000770063,0.000760788,0.000746055,0.000726499,0.000703046,0.000676923,0.000649807,0.000623312,0.000598811,0.000577415,0.000559813,0.000545773,0.000534789,0.000526257,0.000519452,0.000513537,0.000507613,0.000500738,0.000491970,0.000480436,0.000465676,0.000448490,0.000430056,0.000411616,0.000394418,0.000379431,0.000366672,0.000355964,0.000347166,0.000340145,0.000334846,0.000331483,0.000330310,0.000331560,0.000335451,0.000341885,0.000349459,0.000356342,0.000360597,0.000360246,0.000354068,0.000343630,0.000331159,0.000318738,0.000308258,0.000301014,0.000296572,0.000294157,0.000273489,0.000252120,0.000230461,0.000209177,0.000188845,0.000172078,0.000156529,0.000142344,0.000129444,0.000117713,0.000107045,0.000097344,0.000097344,0.000097344,0.000097344,0.000097344,0.000097344,0.000097344,0.000097344,0.000097344,0.000097344,0.000097344,0.000097344,0.000097344,0.000097344,0.000097344,0.000097344,0.000097344,0.000097344,0.000097344,0.000097344,0.000097344,0.000097344,0.000097344,0.000097344,0.000097344,0.000097344,0.000097344,0.000097344,0.000097344,0.000097344,0.000097344,0.000097344,0.000097344,0.000097344,0.000097344,0.000097344,0.000097344,0.000097344,0.000097344,0.000097344,0.000097344,0.000097344,0.000097344,0.000097344,0.000097344,0.000097344,0.000097344,0.000097344,0.000097344,0.000097344,0.000097344,0.000097344,0.000097344,0.000097344,0.000097344,0.000097344,0.000097344,0.000097344,0.000097344,0.000097344,0.000097344,0.000097344,0.000097344,0.000097344,0.000097344,0.000097344,0.000097344,0.000097344,0.000097344,0.000097344,0.000097344,0.000097344,0.000097344,0.000097344,0.000097344,0.000097344,0.000097344,0.000097344,0.000097344,0.000097344,0.000097344,0.000097344,0.000097344,0.000097344,0.000097344,0.000097344,0.000097344,0.000097344,0.000097344,0.000097344,0.000097344,0.000097344,0.000097344,0.000097344,0.000097344,0.000097344,0.000097344,0.000097344,0.000097344,0.000097344,0.000097344
0,0,51,0.001980526,0.001980526,0.001980526,0.001980526,0.001980526,0.001980526,0.001980526,0.001980526,0.001980526,0.001980526,0.001980526,0.001980526,0.001980526,0.001980526,0.001980526,0.001980526,0.001980526,0.001980526,0.001980526,0.001980526,0.001980526,0.001980526,0.001980526,0.001980526,0.001980526,0.001980526,0.001980526,0.001975334,0.001962677,0.001942843,0.001916292,0.001883627,0.001845527,0.001802623,0.001755531,0.001704832,0.001651385,0.001597240,0.001544394,0.001494401,0.001448402,0.001407178,0.001371269,0.001341148,0.001317231,0.001299942,0.001289228,0.001282904,0.001278250,0.001272772,0.001264287,0.001250953,0.001231272,0.001204074,0.001168521,0.001124121,0.001071308,0.001012995,0.000952682,0.000893316,0.000837174,0.000785929,0.000740766,0.000702516,0.000671800,0.000649161,0.000634899,0.000628281,0.000628223,0.000633724,0.000643846,0.000657630,0.000665601,0.000673898,0.000681001,0.000685325,0.000685450,0.000680738,0.000671145,0.000656963,0.000638764,0.000617364,0.000593838,0.000569640,0.000546171,0.000524610,0.000505892,0.000490515,0.000478251,0.000468659,0.000461210,0.000455269,0.000450103,0.000444925,0.000438908,0.000431226,0.000421117,0.000408179,0.000393114,0.000376956,0.000360792,0.000345717,0.000332580,0.000321396,0.000312010,0.000304298,0.000298147,0.000293502,0.000290554,0.000289526,0.000290622,0.000294032,0.000299673,0.000306311,0.000312344,0.000316074,0.000315767,0.000310351,0.000301202,0.000290270,0.000279383,0.000270196,0.000263846,0.000259952,0.000257835,0.000239719,0.000220988,0.000202003,0.000183347,0.000165525,0.000150829,0.000137199,0.000124766,0.000113459,0.000103176,0.000093825,0.000085322,0.000085322,0.000085322,0.000085322,0.000085322,0.000085322,0.000085322,0.000085322,0.000085322,0.000085322,0.000085322,0.000085322,0.000085322,0.000085322,0.000085322,0.000085322,0.000085322,0.000085322,0.000085322,0.000085322,0.000085322,0.000085322,0.000085322,0.000085322,0.000085322,0.000085322,0.000085322,0.000085322,0.000085322,0.000085322,0.000085322,0.000085322,0.000085322,0.000085322,0.000085322,0.000085322,0.000085322,0.000085322,0.000085322,0.000085322,0.000085322,0.000085322,0.000085322,0.000085322,0.000085322,0.000085322,0.000085322,0.000085322,0.000085322,0.000085322,0.000085322,0.000085322,0.000085322,0.000085322,0.000085322,0.000085322,0.000085322,0.000085322,0.000085322,0.000085322,0.000085322,0.000085322,0.000085322,0.000085322,0.000085322,0.000085322,0.000085322,0.000085322,0.000085322,0.000085322,0.000085322,0.000085322,0.000085322,0.000085322,0.000085322,0.000085322,0.000085322,0.000085322,0.000085322,0.000085322,0.000085322,0.000085322,0.000085322,0.000085322,0.000085322,0.000085322,0.000085322,0.000085322,0.000085322,0.000085322,0.000085322,0.000085322,0.000085322,0.000085322,0.000085322,0.000085322,0.000085322,0.000085322,0.000085322,0.000085322,0.000085322
0,0,52,0.001769203,0.001769203,0.001769203,0.001769203,0.001769203,0.001769203,0.001769203,0.001769203,0.001769203,0.001769203,0.001769203,0.001769203,0.001769203,0.001769203,0.001769203,0.001769203,0.001769203,0.001769203,0.001769203,0.001769203,0.001769203,0.001769203,0.001769203,0.001769203,0.001769203,0.001769203,0.001769203,0.001757336,0.001738713,0.001713678,0.001682726,0.001646474,0.001605596,0.001560717,0.001512442,0.001461647,0.001410282,0.001360261,0.001313116,0.001269999,0.001231729,0.001198846,0.001171722,0.001150707,0.001136149,0.001127953,0.001124181,0.001122526,0.001120649,0.001116378,0.001107818,0.001093405,0.001071930,0.001042542,0.001004753,0.000958958,0.000907716,0.000853895,0.000800235,0.000748962,0.000701726,0.000659697,0.000623684,0.000594257,0.000571880,0.000556777,0.000548319,0.000545788,0.000548358,0.000555229,0.000565607,0.000578651,0.000585991,0.000592998,0.000598314,0.000600672,0.000599373,0.000594020,0.000584595,0.000571367,0.000554839,0.000535722,0.000514937,0.000493735,0.000473310,0.000454649,0.000438466,0.000425172,0.000414571,0.000406281,0.000399844,0.000394709,0.000390243,0.000385761,0.000380547,0.000373888,0.000365122,0.000353905,0.000340842,0.000326832,0.000312817,0.000299746,0.000288356,0.000278659,0.000270521,0.000263836,0.000258502,0.000254476,0.000251919,0.000251028,0.000251978,0.000254936,0.000259826,0.000265582,0.000270813,0.000274047,0.000273781,0.000269085,0.000261152,0.000251674,0.000242234,0.000234269,0.000228763,0.000225386,0.000223550,0.000207842,0.000191602,0.000175141,0.000158965,0.000143513,0.000130771,0.000118954,0.000108173,0.000098370,0.000089455,0.000081348,0.000073975,0.000073975,0.000073975,0.000073975,0.000073975,0.000073975,0.000073975,0.000073975,0.000073975,0.000073975,0.000073975,0.000073975,0.000073975,0.000073975,0.000073975,0.000073975,0.000073975,0.000073975,0.000073975,0.000073975,0.000073975,0.000073975,0.000073975,0.000073975,0.000073975,0.000073975,0.000073975,0.000073975,0.000073975,0.000073975,0.000073975,0.000073975,0.000073975,0.000073975,0.000073975,0.000073975,0.000073975,0.000073975,0.000073975,0.000073975,0.000073975,0.000073975,0.000073975,0.000073975,0.000073975,0.000073975,0.000073975,0.000073975,0.000073975,0.000073975,0.000073975,0.000073975,0.000073975,0.000073975,0.000073975,0.000073975,0.000073975,0.000073975,0.000073975,0.000073975,0.000073975,0.000073975,0.000073975,0.000073975,0.000073975,0.000073975,0.000073975,0.000073975,0.000073975,0.000073975,0.000073975,0.000073975,0.000073975,0.000073975,0.000073975,0.000073975,0.000073975,0.000073975,0.000073975,0.000073975,0.000073975,0.000073975,0.000073975,0.000073975,0.000073975,0.000073975,0.000073975,0.000073975,0.000073975,0.000073975,0.000073975,0.000073975,0.000073975,0.000073975,0.000073975,0.000073975,0.000073975,0.000073975,0.000073975,0.000073975,0.000073975
0,0,53,0.001558779,0.001558779,0.001558779,0.001558779,0.001558779,0.001558779,0.001558779,0.001558779,0.001558779,0.001558779,0.001558779,0.001558779,0.001558779,0.001558779,0.001558779,0.001558779,0.001558779,0.001558779,0.001558779,0.001558779,0.001558779,0.001558779,0.001558779,0.001558779,0.001558779,0.001558779,0.001558779,0.001541793,0.001518838,0.001490297,0.001456683,0.001418607,0.001376723,0.001331636,0.001284194,0.001236206,0.001189457,0.001145403,0.001105174,0.001069599,0.001039254,0.001014513,0.000995646,0.000982949,0.000976327,0.000974072,0.000974165,0.000974639,0.000973472,0.000968785,0.000958963,0.000942729,0.000919179,0.000887788,0.000848866,0.000804689,0.000757774,0.000710341,0.000664454,0.000621734,0.000583341,0.000550074,0.000522487,0.000500994,0.000485767,0.000476216,0.000471734,0.000471811,0.000475806,0.000483058,0.000492883,0.000504531,0.000510675,0.000515975,0.000519355,0.000520179,0.000517979,0.000512428,0.000503526,0.000491513,0.000476825,0.000460066,0.000442020,0.000423746,0.000406238,0.000390256,0.000376395,0.000365008,0.000355928,0.000348829,0.000343316,0.000338917,0.000335089,0.000331244,0.000326768,0.000321049,0.000313522,0.000303889,0.000292673,0.000280642,0.000268608,0.000257384,0.000247603,0.000239276,0.000232290,0.000226550,0.000221970,0.000218512,0.000216317,0.000215552,0.000216368,0.000218907,0.000223107,0.000228049,0.000232541,0.000235318,0.000235089,0.000231057,0.000224245,0.000216106,0.000208001,0.000201161,0.000196433,0.000193533,0.000191956,0.000178468,0.000164522,0.000150388,0.000136498,0.000123229,0.000112288,0.000102141,0.000092884,0.000084466,0.000076811,0.000069850,0.000063519,0.000063519,0.000063519,0.000063519,0.000063519,0.000063519,0.000063519,0.000063519,0.000063519,0.000063519,0.000063519,0.000063519,0.000063519,0.000063519,0.000063519,0.000063519,0.000063519,0.000063519,0.000063519,0.000063519,0.000063519,0.000063519,0.000063519,0.000063519,0.000063519,0.000063519,0.000063519,0.000063519,0.000063519,0.000063519,0.000063519,0.000063519,0.000063519,0.000063519,0.000063519,0.000063519,0.000063519,0.000063519,0.000063519,0.000063519,0.000063519,0.000063519,0.000063519,0.000063519,0.000063519,0.000063519,0.000063519,0.000063519,0.000063519,0.000063519,0.000063519,0.000063519,0.000063519,0.000063519,0.000063519,0.000063519,0.000063519,0.000063519,0.000063519,0.000063519,0.000063519,0.000063519,0.000063519,0.000063519,0.000063519,0.000063519,0.000063519,0.000063519,0.000063519,0.000063519,0.000063519,0.000063519,0.000063519,0.000063519,0.000063519,0.000063519,0.000063519,0.000063519,0.000063519,0.000063519,0.000063519,0.000063519,0.000063519,0.000063519,0.000063519,0.000063519,0.000063519,0.000063519,0.000063519,0.000063519,0.000063519,0.000063519,0.000063519,0.000063519,0.000063519,0.000063519,0.000063519,0.000063519,0.000063519,0.000063519,0.000063519
0,0,54,0.001356040,0.001356040,0.001356040,0.001356040,0.001356040,0.001356040,0.001356040,0.001356040,0.001356040,0.001356040,0.001356040,0.001356040,0.001356040,0.001356040,0.001356040,0.001356040,0.001356040,0.001356040,0.001356040,0.001356040,0.001356040,0.001356040,0.001356040,0.001356040,0.001356040,0.001356040,0.001356040,0.001335445,0.001309698,0.001279206,0.001244480,0.001206113,0.001164725,0.001121121,0.001076947,0.001033830,0.000993118,0.000955877,0.000922921,0.000894837,0.000872032,0.000854782,0.000843313,0.000837546,0.000836014,0.000836961,0.000838684,0.000839492,0.000837642,0.000831532,0.000819834,0.000801565,0.000776130,0.000743716,0.000706294,0.000666095,0.000625058,0.000584834,0.000546926,0.000512481,0.000482300,0.000456932,0.000436770,0.000421963,0.000411974,0.000406244,0.000404354,0.000405932,0.000410466,0.000417395,0.000426123,0.000435974,0.000440595,0.000444102,0.000445963,0.000445745,0.000443060,0.000437641,0.000429498,0.000418838,0.000406031,0.000391586,0.000376161,0.000360629,0.000345759,0.000332183,0.000320406,0.000310732,0.000303018,0.000296985,0.000292300,0.000288562,0.000285305,0.000282032,0.000278220,0.000273352,0.000266942,0.000258741,0.000249190,0.000238947,0.000228700,0.000219143,0.000210816,0.000203727,0.000197779,0.000192891,0.000188992,0.000186048,0.000184179,0.000183528,0.000184222,0.000186384,0.000189960,0.000194168,0.000197993,0.000200357,0.000200163,0.000196729,0.000190930,0.000184000,0.000177098,0.000171274,0.000167248,0.000164779,0.000163437,0.000151952,0.000140078,0.000128044,0.000116217,0.000104920,0.000095604,0.000086965,0.000079083,0.000071916,0.000065398,0.000059471,0.000054081,0.000054081,0.000054081,0.000054081,0.000054081,0.000054081,0.000054081,0.000054081,0.000054081,0.000054081,0.000054081,0.000054081,0.000054081,0.000054081,0.000054081,0.000054081,0.000054081,0.000054081,0.000054081,0.000054081,0.000054081,0.000054081,0.000054081,0.000054081,0.000054081,0.000054081,0.000054081,0.000054081,0.000054081,0.000054081,0.000054081,0.000054081,0.000054081,0.000054081,0.000054081,0.000054081,0.000054081,0.000054081,0.000054081,0.000054081,0.000054081,0.000054081,0.000054081,0.000054081,0.000054081,0.000054081,0.000054081,0.000054081,0.000054081,0.000054081,0.000054081,0.000054081,0.000054081,0.000054081,0.000054081,0.000054081,0.000054081,0.000054081,0.000054081,0.000054081,0.000054081,0.000054081,0.000054081,0.000054081,0.000054081,0.000054081,0.000054081,0.000054081,0.000054081,0.000054081,0.000054081,0.000054081,0.000054081,0.000054081,0.000054081,0.000054081,0.000054081,0.000054081,0.000054081,0.000054081,0.000054081,0.000054081,0.000054081,0.000054081,0.000054081,0.000054081,0.000054081,0.000054081,0.000054081,0.000054081,0.000054081,0.000054081,0.000054081,0.000054081,0.000054081,0.000054081,0.000054081,0.000054081,0.000054081,0.000054081,0.000054081
0,0,55,0.001166040,0.001166040,0.001166040,0.001166040,0.001166040,0.001166040,0.001166040,0.001166040,0.001166040,0.001166040,0.001166040,0.001166040,0.001166040,0.001166040,0.001166040,0.001166040,0.001166040,0.001166040,0.001166040,0.001166040,0.001166040,0.001166040,0.001166040,0.001166040,0.001166040,0.001166040,0.001166040,0.001143211,0.001116039,0.001084935,0.001050398,0.001012989,0.000973488,0.000933376,0.000894114,0.000856923,0.000822782,0.000792459,0.000766529,0.000745412,0.000729411,0.000718756,0.000713361,0.000711984,0.000713134,0.000715343,0.000717157,0.000717124,0.000713762,0.000705744,0.000692024,0.000671918,0.000645468,0.000614323,0.000580412,0.000545456,0.000510893,0.000477903,0.000447554,0.000420646,0.000397733,0.000379204,0.000365207,0.000355273,0.000348898,0.000345698,0.000345375,0.000347652,0.000352104,0.000358247,0.000365554,0.000373422,0.000376476,0.000378583,0.000379381,0.000378513,0.000375657,0.000370596,0.000363342,0.000354071,0.000343092,0.000330830,0.000317815,0.000304719,0.000292177,0.000280724,0.000270788,0.000262625,0.000256115,0.000251024,0.000247069,0.000243911,0.000241159,0.000238392,0.000235171,0.000231055,0.000225638,0.000218705,0.000210632,0.000201973,0.000193312,0.000185234,0.000178196,0.000172204,0.000167176,0.000163045,0.000159749,0.000157260,0.000155680,0.000155130,0.000155717,0.000157545,0.000160567,0.000164124,0.000167357,0.000169356,0.000169191,0.000166289,0.000161387,0.000155529,0.000149695,0.000144772,0.000141369,0.000139282,0.000138147,0.000128439,0.000118403,0.000108230,0.000098234,0.000088684,0.000080810,0.000073507,0.000066845,0.000060787,0.000055278,0.000050268,0.000045712,0.000045712,0.000045712,0.000045712,0.000045712,0.000045712,0.000045712,0.000045712,0.000045712,0.000045712,0.000045712,0.000045712,0.000045712,0.000045712,0.000045712,0.000045712,0.000045712,0.000045712,0.000045712,0.000045712,0.000045712,0.000045712,0.000045712,0.000045712,0.000045712,0.000045712,0.000045712,0.000045712,0.000045712,0.000045712,0.000045712,0.000045712,0.000045712,0.000045712,0.000045712,0.000045712,0.000045712,0.000045712,0.000045712,0.000045712,0.000045712,0.000045712,0.000045712,0.000045712,0.000045712,0.000045712,0.000045712,0.000045712,0.000045712,0.000045712,0.000045712,0.000045712,0.000045712,0.000045712,0.000045712,0.000045712,0.000045712,0.000045712,0.000045712,0.000045712,0.000045712,0.000045712,0.000045712,0.000045712,0.000045712,0.000045712,0.000045712,0.000045712,0.000045712,0.000045712,0.000045712,0.000045712,0.000045712,0.000045712,0.000045712,0.000045712,0.000045712,0.000045712,0.000045712,0.000045712,0.000045712,0.000045712,0.000045712,0.000045712,0.000045712,0.000045712,0.000045712,0.000045712,0.000045712,0.000045712,0.000045712,0.000045712,0.000045712,0.000045712,0.000045712,0.000045712,0.000045712,0.000045712,0.000045712,0.000045712,0.000045712
0,0,56,0.000992155,0.000992155,0.000992155,0.000992155,0.000992155,0.000992155,0.000992155,0.000992155,0.000992155,0.000992155,0.000992155,0.000992155,0.000992155,0.000992155,0.000992155,0.000992155,0.000992155,0.000992155,0.000992155,0.000992155,0.000992155,0.000992155,0.000992155,0.000992155,0.000992155,0.000992155,0.000992155,0.000968278,0.000940823,0.000910197,0.000876872,0.000841545,0.000805564,0.000770231,0.000736633,0.000705654,0.000677995,0.000654196,0.000634671,0.000619732,0.000609630,0.000604324,0.000602753,0.000603665,0.000605828,0.000607994,0.000608921,0.000607378,0.000602130,0.000592121,0.000576590,0.000555425,0.000529948,0.000501784,0.000472421,0.000443137,0.000414959,0.000388710,0.000365135,0.000344795,0.000328083,0.000315159,0.000305631,0.000299061,0.000295106,0.000293492,0.000294004,0.000296421,0.000300383,0.000305471,0.000311216,0.000317152,0.000318997,0.000320117,0.000320214,0.000318992,0.000316187,0.000311620,0.000305302,0.000297380,0.000288110,0.000277827,0.000266921,0.000255943,0.000245426,0.000235819,0.000227484,0.000220635,0.000215172,0.000210899,0.000207579,0.000204926,0.000202614,0.000200289,0.000197582,0.000194125,0.000189573,0.000183748,0.000176965,0.000169690,0.000162413,0.000155627,0.000149714,0.000144680,0.000140456,0.000136985,0.000134215,0.000132125,0.000130797,0.000130335,0.000130828,0.000132364,0.000134903,0.000137892,0.000140608,0.000142287,0.000142149,0.000139711,0.000135592,0.000130670,0.000125769,0.000121633,0.000118774,0.000117020,0.000116066,0.000107910,0.000099477,0.000090931,0.000082532,0.000074509,0.000067893,0.000061758,0.000056160,0.000051070,0.000046442,0.000042233,0.000038405,0.000038405,0.000038405,0.000038405,0.000038405,0.000038405,0.000038405,0.000038405,0.000038405,0.000038405,0.000038405,0.000038405,0.000038405,0.000038405,0.000038405,0.000038405,0.000038405,0.000038405,0.000038405,0.000038405,0.000038405,0.000038405,0.000038405,0.000038405,0.000038405,0.000038405,0.000038405,0.000038405,0.000038405,0.000038405,0.000038405,0.000038405,0.000038405,0.000038405,0.000038405,0.000038405,0.000038405,0.000038405,0.000038405,0.000038405,0.000038405,0.000038405,0.000038405,0.000038405,0.000038405,0.000038405,0.000038405,0.000038405,0.000038405,0.000038405,0.000038405,0.000038405,0.000038405,0.000038405,0.000038405,0.000038405,0.000038405,0.000038405,0.000038405,0.000038405,0.000038405,0.000038405,0.000038405,0.000038405,0.000038405,0.000038405,0.000038405,0.000038405,0.000038405,0.000038405,0.000038405,0.000038405,0.000038405,0.000038405,0.000038405,0.000038405,0.000038405,0.000038405,0.000038405,0.000038405,0.000038405,0.000038405,0.000038405,0.000038405,0.000038405,0.000038405,0.000038405,0.000038405,0.000038405,0.000038405,0.000038405,0.000038405,0.000038405,0.000038405,0.000038405,0.000038405,0.000038405,0.000038405,0.000038405,0.000038405,0.000038405
0,0,57,0.000836266,0.000836266,0.000836266,0.000836266,0.000836266,0.000836266,0.000836266,0.000836266,0.000836266,0.000836266,0.000836266,0.000836266,0.000836266,0.000836266,0.000836266,0.000836266,0.000836266,0.000836266,0.000836266,0.000836266,0.000836266,0.000836266,0.000836266,0.000836266,0.000836266,0.000836266,0.000836266,0.000812306,0.000785472,0.000756151,0.000724937,0.000693008,0.000661540,0.000631496,0.000603662,0.000578663,0.000556993,0.000539040,0.000525108,0.000515456,0.000510092,0.000508152,0.000508580,0.000510350,0.000512423,0.000513737,0.000513239,0.000509905,0.000502746,0.000490966,0.000474319,0.000453814,0.000430772,0.000406447,0.000381946,0.000358186,0.000335882,0.000315595,0.000297847,0.000283040,0.000271354,0.000262472,0.000256030,0.000251730,0.000249330,0.000248631,0.000249467,0.000251658,0.000254894,0.000258807,0.000263042,0.000267431,0.000268429,0.000268886,0.000268556,0.000267194,0.000264584,0.000260576,0.000255180,0.000248516,0.000240782,0.000232210,0.000223112,0.000213951,0.000205171,0.000197150,0.000190189,0.000184468,0.000179905,0.000176334,0.000173558,0.000171340,0.000169406,0.000167463,0.000165200,0.000162309,0.000158503,0.000153633,0.000147961,0.000141879,0.000135795,0.000130121,0.000125177,0.000120968,0.000117436,0.000114534,0.000112218,0.000110470,0.000109360,0.000108974,0.000109386,0.000110670,0.000112794,0.000115292,0.000117564,0.000118967,0.000118852,0.000116813,0.000113369,0.000109254,0.000105156,0.000101698,0.000099307,0.000097841,0.000097043,0.000090224,0.000083173,0.000076027,0.000069005,0.000062297,0.000056765,0.000051635,0.000046955,0.000042700,0.000038830,0.000035310,0.000032110,0.000032110,0.000032110,0.000032110,0.000032110,0.000032110,0.000032110,0.000032110,0.000032110,0.000032110,0.000032110,0.000032110,0.000032110,0.000032110,0.000032110,0.000032110,0.000032110,0.000032110,0.000032110,0.000032110,0.000032110,0.000032110,0.000032110,0.000032110,0.000032110,0.000032110,0.000032110,0.000032110,0.000032110,0.000032110,0.000032110,0.000032110,0.000032110,0.000032110,0.000032110,0.000032110,0.000032110,0.000032110,0.000032110,0.000032110,0.000032110,0.000032110,0.000032110,0.000032110,0.000032110,0.000032110,0.000032110,0.000032110,0.000032110,0.000032110,0.000032110,0.000032110,0.000032110,0.000032110,0.000032110,0.000032110,0.000032110,0.000032110,0.000032110,0.000032110,0.000032110,0.000032110,0.000032110,0.000032110,0.000032110,0.000032110,0.000032110,0.000032110,0.000032110,0.000032110,0.000032110,0.000032110,0.000032110,0.000032110,0.000032110,0.000032110,0.000032110,0.000032110,0.000032110,0.000032110,0.000032110,0.000032110,0.000032110,0.000032110,0.000032110,0.000032110,0.000032110,0.000032110,0.000032110,0.000032110,0.000032110,0.000032110,0.000032110,0.000032110,0.000032110,0.000032110,0.000032110,0.000032110,0.000032110,0.000032110,0.000032110
0,0,58,0.000699006,0.000699006,0.000699006,0.000699006,0.000699006,0.000699006,0.000699006,0.000699006,0.000699006,0.000699006,0.000699006,0.000699006,0.000699006,0.000699006,0.000699006,0.000699006,0.000699006,0.000699006,0.000699006,0.000699006,0.000699006,0.000699006,0.000699006,0.000699006,0.000699006,0.000699006,0.000699006,0.000675708,0.000650161,0.000622858,0.000594809,0.000567037,0.000540410,0.000515621,0.000493225,0.000473661,0.000457279,0.000444365,0.000435166,0.000429728,0.000427358,0.000427203,0.000428402,0.000430098,0.000431409,0.000431439,0.000429310,0.000424197,0.000415345,0.000402415,0.000386139,0.000367546,0.000347660,0.000327413,0.000307605,0.000288875,0.000271714,0.000256502,0.000243614,0.000233250,0.000225170,0.000219078,0.000214728,0.000211911,0.000210452,0.000210202,0.000211026,0.000212773,0.000215172,0.000217952,0.000220999,0.000224221,0.000224651,0.000224690,0.000224131,0.000222775,0.000220441,0.000217006,0.000212476,0.000206938,0.000200517,0.000193394,0.000185830,0.000178210,0.000170905,0.000164230,0.000158436,0.000153673,0.000149873,0.000146899,0.000144586,0.000142738,0.000141128,0.000139509,0.000137623,0.000135215,0.000132044,0.000127987,0.000123262,0.000118196,0.000113128,0.000108401,0.000104282,0.000100775,0.000097833,0.000095415,0.000093486,0.000092030,0.000091105,0.000090783,0.000091127,0.000092197,0.000093965,0.000096047,0.000097939,0.000099109,0.000099012,0.000097314,0.000094445,0.000091017,0.000087603,0.000084722,0.000082730,0.000081509,0.000080844,0.000075163,0.000069289,0.000063336,0.000057486,0.000051897,0.000047289,0.000043016,0.000039117,0.000035572,0.000032348,0.000029416,0.000026750,0.000026750,0.000026750,0.000026750,0.000026750,0.000026750,0.000026750,0.000026750,0.000026750,0.000026750,0.000026750,0.000026750,0.000026750,0.000026750,0.000026750,0.000026750,0.000026750,0.000026750,0.000026750,0.000026750,0.000026750,0.000026750,0.000026750,0.000026750,0.000026750,0.000026750,0.000026750,0.000026750,0.000026750,0.000026750,0.000026750,0.000026750,0.000026750,0.000026750,0.000026750,0.000026750,0.000026750,0.000026750,0.000026750,0.000026750,0.000026750,0.000026750,0.000026750,0.000026750,0.000026750,0.000026750,0.000026750,0.000026750,0.000026750,0.000026750,0.000026750,0.000026750,0.000026750,0.000026750,0.000026750,0.000026750,0.000026750,0.000026750,0.000026750,0.000026750,0.000026750,0.000026750,0.000026750,0.000026750,0.000026750,0.000026750,0.000026750,0.000026750,0.000026750,0.000026750,0.000026750,0.000026750,0.000026750,0.000026750,0.000026750,0.000026750,0.000026750,0.000026750,0.000026750,0.000026750,0.000026750,0.000026750,0.000026750,0.000026750,0.000026750,0.000026750,0.000026750,0.000026750,0.000026750,0.000026750,0.000026750,0.000026750,0.000026750,0.000026750,0.000026750,0.000026750,0.000026750,0.000026750,0.000026750,0.000026750,0.000026750
0,0,59,0.000580047,0.000580047,0.000580047,0.000580047,0.000580047,0.000580047,0.000580047,0.000580047,0.000580047,0.000580047,0.000580047,0.000580047,0.000580047,0.000580047,0.000580047,0.000580047,0.000580047,0.000580047,0.000580047,0.000580047,0.000580047,0.000580047,0.000580047,0.000580047,0.000580047,0.000580047,0.000580047,0.000557946,0.000534249,0.000509811,0.000485505,0.000462085,0.000440176,0.000420268,0.000402746,0.000387921,0.000376050,0.000367359,0.000361912,0.000359155,0.000358408,0.000358981,0.000360161,0.000361222,0.000361422,0.000360011,0.000356283,0.000349602,0.000339608,0.000326808,0.000311977,0.000295914,0.000279379,0.000263047,0.000247481,0.000233121,0.000220302,0.000209288,0.000200273,0.000193083,0.000187488,0.000183292,0.000180324,0.000178435,0.000177494,0.000177381,0.000177987,0.000179180,0.000180767,0.000182673,0.000184843,0.000187199,0.000187272,0.000187068,0.000186419,0.000185158,0.000183137,0.000180252,0.000176499,0.000171915,0.000166594,0.000160687,0.000154412,0.000148087,0.000142023,0.000136480,0.000131668,0.000127711,0.000124553,0.000122081,0.000120159,0.000118623,0.000117285,0.000115939,0.000114373,0.000112371,0.000109736,0.000106364,0.000102438,0.000098228,0.000094016,0.000090087,0.000086664,0.000083750,0.000081305,0.000079295,0.000077692,0.000076482,0.000075714,0.000075446,0.000075732,0.000076621,0.000078091,0.000079821,0.000081393,0.000082365,0.000082285,0.000080874,0.000078489,0.000075640,0.000072803,0.000070409,0.000068754,0.000067738,0.000067186,0.000062464,0.000057583,0.000052636,0.000047774,0.000043129,0.000039300,0.000035748,0.000032508,0.000029562,0.000026883,0.000024446,0.000022230,0.000022230,0.000022230,0.000022230,0.000022230,0.000022230,0.000022230,0.000022230,0.000022230,0.000022230,0.000022230,0.000022230,0.000022230,0.000022230,0.000022230,0.000022230,0.000022230,0.000022230,0.000022230,0.000022230,0.000022230,0.000022230,0.000022230,0.000022230,0.000022230,0.000022230,0.000022230,0.000022230,0.000022230,0.000022230,0.000022230,0.000022230,0.000022230,0.000022230,0.000022230,0.000022230,0.000022230,0.000022230,0.000022230,0.000022230,0.000022230,0.000022230,0.000022230,0.000022230,0.000022230,0.000022230,0.000022230,0.000022230,0.000022230,0.000022230,0.000022230,0.000022230,0.000022230,0.000022230,0.000022230,0.000022230,0.000022230,0.000022230,0.000022230,0.000022230,0.000022230,0.000022230,0.000022230,0.000022230,0.000022230,0.000022230,0.000022230,0.000022230,0.000022230,0.000022230,0.000022230,0.000022230,0.000022230,0.000022230,0.000022230,0.000022230,0.000022230,0.000022230,0.000022230,0.000022230,0.000022230,0.000022230,0.000022230,0.000022230,0.000022230,0.000022230,0.000022230,0.000022230,0.000022230,0.000022230,0.000022230,0.000022230,0.000022230,0.000022230,0.000022230,0.000022230,0.000022230,0.000022230,0.000022230,0.000022230,0.000022230
0,0,60,0.000478371,0.000478371,0.000478371,0.000478371,0.000478371,0.000478371,0.000478371,0.000478371,0.000478371,0.000478371,0.000478371,0.000478371,0.000478371,0.000478371,0.000478371,0.000478371,0.000478371,0.000478371,0.000478371,0.000478371,0.000478371,0.000478371,0.000478371,0.000478371,0.000478371,0.000478371,0.000478371,0.000457914,0.000436751,0.000415618,0.000395161,0.000375919,0.000358337,0.000342754,0.000329440,0.000318623,0.000310504,0.000305147,0.000302108,0.000300842,0.000300806,0.000301431,0.000302117,0.000302253,0.000301219,0.000298409,0.000293273,0.000285505,0.000275466,0.000263721,0.000250870,0.000237507,0.000224183,0.000211375,0.000199473,0.000188782,0.000179534,0.000171846,0.000165583,0.000160576,0.000156672,0.000153738,0.000151654,0.000150308,0.000149598,0.000149428,0.000149705,0.000150347,0.000151323,0.000152601,0.000154135,0.000155861,0.000155726,0.000155403,0.000154753,0.000153639,0.000151936,0.000149550,0.000146450,0.000142658,0.000138252,0.000133358,0.000128157,0.000122912,0.000117883,0.000113284,0.000109290,0.000106006,0.000103385,0.000101333,0.000099738,0.000098463,0.000097352,0.000096235,0.000094935,0.000093273,0.000091086,0.000088288,0.000085029,0.000081534,0.000078038,0.000074777,0.000071936,0.000069517,0.000067487,0.000065819,0.000064489,0.000063484,0.000062846,0.000062624,0.000062861,0.000063599,0.000064819,0.000066255,0.000067561,0.000068367,0.000068301,0.000067129,0.000065150,0.000062785,0.000060430,0.000058443,0.000057069,0.000056226,0.000055768,0.000051849,0.000047797,0.000043690,0.000039654,0.000035799,0.000032621,0.000029673,0.000026983,0.000024538,0.000022314,0.000020291,0.000018452,0.000018452,0.000018452,0.000018452,0.000018452,0.000018452,0.000018452,0.000018452,0.000018452,0.000018452,0.000018452,0.000018452,0.000018452,0.000018452,0.000018452,0.000018452,0.000018452,0.000018452,0.000018452,0.000018452,0.000018452,0.000018452,0.000018452,0.000018452,0.000018452,0.000018452,0.000018452,0.000018452,0.000018452,0.000018452,0.000018452,0.000018452,0.000018452,0.000018452,0.000018452,0.000018452,0.000018452,0.000018452,0.000018452,0.000018452,0.000018452,0.000018452,0.000018452,0.000018452,0.000018452,0.000018452,0.000018452,0.000018452,0.000018452,0.000018452,0.000018452,0.000018452,0.000018452,0.000018452,0.000018452,0.000018452,0.000018452,0.000018452,0.000018452,0.000018452,0.000018452,0.000018452,0.000018452,0.000018452,0.000018452,0.000018452,0.000018452,0.000018452,0.000018452,0.000018452,0.000018452,0.000018452,0.000018452,0.000018452,0.000018452,0.000018452,0.000018452,0.000018452,0.000018452,0.000018452,0.000018452,0.000018452,0.000018452,0.000018452,0.000018452,0.000018452,0.000018452,0.000018452,0.000018452,0.000018452,0.000018452,0.000018452,0.000018452,0.000018452,0.000018452,0.000018452,0.000018452,0.000018452,0.000018452,0.000018452,0.000018452
0,0,61,0.000392522,0.000392522,0.000392522,0.000392522,0.000392522,0.000392522,0.000392522,0.000392522,0.000392522,0.000392522,0.000392522,0.000392522,0.000392522,0.000392522,0.000392522,0.000392522,0.000392522,0.000392522,0.000392522,0.000392522,0.000392522,0.000392522,0.000392522,0.000392522,0.000392522,0.000392522,0.000392522,0.000374267,0.000355981,0.000338207,0.000321407,0.000305962,0.000292184,0.000280309,0.000270533,0.000263032,0.000257866,0.000254671,0.000253005,0.000252440,0.000252530,0.000252800,0.000252744,0.000251854,0.000249625,0.000245583,0.000239454,0.000231534,0.000222243,0.000212021,0.000201312,0.000190544,0.000180108,0.000170337,0.000161501,0.000153815,0.000147384,0.000142051,0.000137678,0.000134155,0.000131383,0.000129268,0.000127722,0.000126659,0.000125998,0.000125658,0.000125589,0.000125832,0.000126386,0.000127224,0.000128306,0.000129580,0.000129339,0.000128979,0.000128383,0.000127436,0.000126031,0.000124064,0.000121501,0.000118364,0.000114715,0.000110660,0.000106348,0.000101999,0.000097827,0.000094012,0.000090698,0.000087972,0.000085797,0.000084094,0.000082770,0.000081712,0.000080790,0.000079863,0.000078784,0.000077405,0.000075591,0.000073269,0.000070564,0.000067664,0.000064762,0.000062056,0.000059698,0.000057691,0.000056006,0.000054622,0.000053518,0.000052684,0.000052155,0.000051971,0.000052167,0.000052780,0.000053792,0.000054984,0.000056067,0.000056737,0.000056682,0.000055709,0.000054067,0.000052104,0.000050150,0.000048501,0.000047360,0.000046661,0.000046280,0.000043028,0.000039666,0.000036257,0.000032908,0.000029709,0.000027071,0.000024625,0.000022393,0.000020363,0.000018518,0.000016839,0.000015313,0.000015313,0.000015313,0.000015313,0.000015313,0.000015313,0.000015313,0.000015313,0.000015313,0.000015313,0.000015313,0.000015313,0.000015313,0.000015313,0.000015313,0.000015313,0.000015313,0.000015313,0.000015313,0.000015313,0.000015313,0.000015313,0.000015313,0.000015313,0.000015313,0.000015313,0.000015313,0.000015313,0.000015313,0.000015313,0.000015313,0.000015313,0.000015313,0.000015313,0.000015313,0.000015313,0.000015313,0.000015313,0.000015313,0.000015313,0.000015313,0.000015313,0.000015313,0.000015313,0.000015313,0.000015313,0.000015313,0.000015313,0.000015313,0.000015313,0.000015313,0.000015313,0.000015313,0.000015313,0.000015313,0.000015313,0.000015313,0.000015313,0.000015313,0.000015313,0.000015313,0.000015313,0.000015313,0.000015313,0.000015313,0.000015313,0.000015313,0.000015313,0.000015313,0.000015313,0.000015313,0.000015313,0.000015313,0.000015313,0.000015313,0.000015313,0.000015313,0.000015313,0.000015313,0.000015313,0.000015313,0.000015313,0.000015313,0.000015313,0.000015313,0.000015313,0.000015313,0.000015313,0.000015313,0.000015313,0.000015313,0.000015313,0.000015313,0.000015313,0.000015313,0.000015313,0.000015313,0.000015313,0.000015313,0.000015313,0.000015313
0,0,62,0.000320817,0.000320817,0.000320817,0.000320817,0.000320817,0.000320817,0.000320817,0.000320817,0.000320817,0.000320817,0.000320817,0.000320817,0.000320817,0.000320817,0.000320817,0.000320817,0.000320817,0.000320817,0.000320817,0.000320817,0.000320817,0.000320817,0.000320817,0.000320817,0.000320817,0.000320817,0.000320817,0.000305049,0.000289674,0.000275081,0.000261592,0.000249476,0.000238950,0.000230185,0.000223331,0.000218441,0.000215210,0.000213277,0.000212298,0.000211925,0.000211787,0.000211485,0.000210599,0.000208714,0.000205434,0.000200515,0.000194187,0.000186798,0.000178674,0.000170137,0.000161505,0.000153082,0.000145140,0.000137910,0.000131587,0.000126271,0.000121830,0.000118111,0.000115025,0.000112501,0.000110472,0.000108869,0.000107627,0.000106677,0.000105955,0.000105416,0.000105111,0.000105096,0.000105368,0.000105904,0.000106671,0.000107623,0.000107347,0.000107000,0.000106487,0.000105708,0.000104552,0.000102928,0.000100810,0.000098213,0.000095190,0.000091829,0.000088253,0.000084646,0.000081184,0.000078018,0.000075268,0.000073006,0.000071201,0.000069788,0.000068689,0.000067811,0.000067046,0.000066277,0.000065381,0.000064237,0.000062731,0.000060804,0.000058560,0.000056153,0.000053745,0.000051499,0.000049542,0.000047876,0.000046478,0.000045330,0.000044413,0.000043722,0.000043282,0.000043129,0.000043293,0.000043801,0.000044641,0.000045630,0.000046529,0.000047085,0.000047039,0.000046232,0.000044869,0.000043240,0.000041618,0.000040250,0.000039303,0.000038723,0.000038407,0.000035708,0.000032918,0.000030089,0.000027310,0.000024655,0.000022466,0.000020435,0.000018583,0.000016899,0.000015367,0.000013974,0.000012708,0.000012708,0.000012708,0.000012708,0.000012708,0.000012708,0.000012708,0.000012708,0.000012708,0.000012708,0.000012708,0.000012708,0.000012708,0.000012708,0.000012708,0.000012708,0.000012708,0.000012708,0.000012708,0.000012708,0.000012708,0.000012708,0.000012708,0.000012708,0.000012708,0.000012708,0.000012708,0.000012708,0.000012708,0.000012708,0.000012708,0.000012708,0.000012708,0.000012708,0.000012708,0.000012708,0.000012708,0.000012708,0.000012708,0.000012708,0.000012708,0.000012708,0.000012708,0.000012708,0.000012708,0.000012708,0.000012708,0.000012708,0.000012708,0.000012708,0.000012708,0.000012708,0.000012708,0.000012708,0.000012708,0.000012708,0.000012708,0.000012708,0.000012708,0.000012708,0.000012708,0.000012708,0.000012708,0.000012708,0.000012708,0.000012708,0.000012708,0.000012708,0.000012708,0.000012708,0.000012708,0.000012708,0.000012708,0.000012708,0.000012708,0.000012708,0.000012708,0.000012708,0.000012708,0.000012708,0.000012708,0.000012708,0.000012708,0.000012708,0.000012708,0.000012708,0.000012708,0.000012708,0.000012708,0.000012708,0.000012708,0.000012708,0.000012708,0.000012708,0.000012708,0.000012708,0.000012708,0.000012708,0.000012708,0.000012708,0.000012708
0,0,63,0.000261482,0.000261482,0.000261482,0.000261482,0.000261482,0.000261482,0.000261482,0.000261482,0.000261482,0.000261482,0.000261482,0.000261482,0.000261482,0.000261482,0.000261482,0.000261482,0.000261482,0.000261482,0.000261482,0.000261482,0.000261482,0.000261482,0.000261482,0.000261482,0.000261482,0.000261482,0.000261482,0.000248228,0.000235605,0.000223886,0.000213296,0.000204022,0.000196221,0.000190022,0.000185469,0.000182305,0.000180229,0.000178961,0.000178225,0.000177732,0.000177174,0.000176219,0.000174525,0.000171765,0.000167733,0.000162608,0.000156667,0.000150177,0.000143377,0.000136494,0.000129752,0.000123360,0.000117510,0.000112366,0.000108023,0.000104377,0.000101298,0.000098677,0.000096458,0.000094595,0.000093038,0.000091740,0.000090647,0.000089708,0.000088886,0.000088227,0.000087789,0.000087618,0.000087711,0.000088046,0.000088596,0.000089323,0.000089054,0.000088751,0.000088331,0.000087693,0.000086740,0.000085400,0.000083647,0.000081496,0.000078991,0.000076204,0.000073238,0.000070246,0.000067373,0.000064745,0.000062463,0.000060586,0.000059088,0.000057915,0.000057003,0.000056275,0.000055640,0.000055001,0.000054258,0.000053309,0.000052060,0.000050460,0.000048598,0.000046600,0.000044602,0.000042738,0.000041114,0.000039732,0.000038571,0.000037618,0.000036858,0.000036284,0.000035919,0.000035792,0.000035928,0.000036349,0.000037047,0.000037868,0.000038614,0.000039075,0.000039037,0.000038367,0.000037236,0.000035884,0.000034538,0.000033402,0.000032617,0.000032135,0.000031873,0.000029633,0.000027318,0.000024970,0.000022664,0.000020461,0.000018644,0.000016959,0.000015422,0.000014024,0.000012753,0.000011597,0.000010546,0.000010546,0.000010546,0.000010546,0.000010546,0.000010546,0.000010546,0.000010546,0.000010546,0.000010546,0.000010546,0.000010546,0.000010546,0.000010546,0.000010546,0.000010546,0.000010546,0.000010546,0.000010546,0.000010546,0.000010546,0.000010546,0.000010546,0.000010546,0.000010546,0.000010546,0.000010546,0.000010546,0.000010546,0.000010546,0.000010546,0.000010546,0.000010546,0.000010546,0.000010546,0.000010546,0.000010546,0.000010546,0.000010546,0.000010546,0.000010546,0.000010546,0.000010546,0.000010546,0.000010546,0.000010546,0.000010546,0.000010546,0.000010546,0.000010546,0.000010546,0.000010546,0.000010546,0.000010546,0.000010546,0.000010546,0.000010546,0.000010546,0.000010546,0.000010546,0.000010546,0.000010546,0.000010546,0.000010546,0.000010546,0.000010546,0.000010546,0.000010546,0.000010546,0.000010546,0.000010546,0.000010546,0.000010546,0.000010546,0.000010546,0.000010546,0.000010546,0.000010546,0.000010546,0.000010546,0.000010546,0.000010546,0.000010546,0.000010546,0.000010546,0.000010546,0.000010546,0.000010546,0.000010546,0.000010546,0.000010546,0.000010546,0.000010546,0.000010546,0.000010546,0.000010546,0.000010546,0.000010546,0.000010546,0.000010546,0.000010546
0,0,64,0.000212775,0.000212775,0.000212775,0.000212775,0.000212775,0.000212775,0.000212775,0.000212775,0.000212775,0.000212775,0.000212775,0.000212775,0.000212775,0.000212775,0.000212775,0.000212775,0.000212775,0.000212775,0.000212775,0.000212775,0.000212775,0.000212775,0.000212775,0.000212775,0.000212775,0.000212775,0.000212775,0.000201893,0.000191756,0.000182550,0.000174433,0.000167538,0.000161983,0.000157806,0.000154787,0.000152672,0.000151230,0.000150237,0.000149469,0.000148685,0.000147629,0.000146034,0.000143628,0.000140242,0.000136023,0.000131189,0.000125952,0.000120509,0.000115025,0.000109658,0.000104560,0.000099876,0.000095743,0.000092243,0.000089293,0.000086786,0.000084630,0.000082749,0.000081105,0.000079667,0.000078400,0.000077267,0.000076227,0.000075256,0.000074392,0.000073687,0.000073190,0.000072935,0.000072921,0.000073127,0.000073531,0.000074102,0.000073866,0.000073619,0.000073277,0.000072753,0.000071968,0.000070860,0.000069409,0.000067627,0.000065551,0.000063239,0.000060779,0.000058295,0.000055911,0.000053730,0.000051836,0.000050279,0.000049035,0.000048062,0.000047305,0.000046701,0.000046174,0.000045644,0.000045028,0.000044240,0.000043203,0.000041876,0.000040330,0.000038672,0.000037014,0.000035467,0.000034120,0.000032972,0.000032010,0.000031219,0.000030587,0.000030111,0.000029808,0.000029703,0.000029816,0.000030166,0.000030744,0.000031425,0.000032045,0.000032427,0.000032396,0.000031840,0.000030901,0.000029780,0.000028663,0.000027720,0.000027068,0.000026668,0.000026451,0.000024592,0.000022670,0.000020722,0.000018808,0.000016980,0.000015472,0.000014074,0.000012798,0.000011638,0.000010583,0.000009624,0.000008752,0.000008752,0.000008752,0.000008752,0.000008752,0.000008752,0.000008752,0.000008752,0.000008752,0.000008752,0.000008752,0.000008752,0.000008752,0.000008752,0.000008752,0.000008752,0.000008752,0.000008752,0.000008752,0.000008752,0.000008752,0.000008752,0.000008752,0.000008752,0.000008752,0.000008752,0.000008752,0.000008752,0.000008752,0.000008752,0.000008752,0.000008752,0.000008752,0.000008752,0.000008752,0.000008752,0.000008752,0.000008752,0.000008752,0.000008752,0.000008752,0.000008752,0.000008752,0.000008752,0.000008752,0.000008752,0.000008752,0.000008752,0.000008752,0.000008752,0.000008752,0.000008752,0.000008752,0.000008752,0.000008752,0.000008752,0.000008752,0.000008752,0.000008752,0.000008752,0.000008752,0.000008752,0.000008752,0.000008752,0.000008752,0.000008752,0.000008752,0.000008752,0.000008752,0.000008752,0.000008752,0.000008752,0.000008752,0.000008752,0.000008752,0.000008752,0.000008752,0.000008752,0.000008752,0.000008752,0.000008752,0.000008752,0.000008752,0.000008752,0.000008752,0.000008752,0.000008752,0.000008752,0.000008752,0.000008752,0.000008752,0.000008752,0.000008752,0.000008752,0.000008752,0.000008752,0.000008752,0.000008752,0.000008752,0.000008752,0.000008752
0,0,65,0.000173057,0.000173057,0.000173057,0.000173057,0.000173057,0.000173057,0.000173057,0.000173057,0.000173057,0.000173057,0.000173057,0.000173057,0.000173057,0.000173057,0.000173057,0.000173057,0.000173057,0.000173057,0.000173057,0.000173057,0.000173057,0.000173057,0.000173057,0.000173057,0.000173057,0.000173057,0.000173057,0.000164318,0.000156352,0.000149289,0.000143240,0.000138305,0.000134521,0.000131700,0.000129627,0.000128106,0.000126957,0.000125997,0.000125040,0.000123890,0.000122341,0.000120180,0.000117269,0.000113729,0.000109740,0.000105469,0.000101070,0.000096679,0.000092410,0.000088367,0.000084654,0.000081376,0.000078598,0.000076249,0.000074244,0.000072506,0.000070970,0.000069578,0.000068306,0.000067132,0.000066031,0.000064975,0.000063948,0.000062985,0.000062133,0.000061433,0.000060925,0.000060636,0.000060564,0.000060692,0.000061001,0.000061464,0.000061271,0.000061072,0.000060793,0.000060363,0.000059715,0.000058799,0.000057597,0.000056120,0.000054398,0.000052480,0.000050439,0.000048377,0.000046399,0.000044589,0.000043017,0.000041725,0.000040693,0.000039885,0.000039257,0.000038756,0.000038319,0.000037879,0.000037368,0.000036714,0.000035853,0.000034752,0.000033469,0.000032093,0.000030717,0.000029434,0.000028315,0.000027363,0.000026564,0.000025908,0.000025384,0.000024988,0.000024737,0.000024650,0.000024743,0.000025034,0.000025514,0.000026079,0.000026593,0.000026911,0.000026884,0.000026423,0.000025644,0.000024713,0.000023786,0.000023004,0.000022463,0.000022131,0.000021951,0.000020408,0.000018813,0.000017197,0.000015608,0.000014091,0.000012840,0.000011679,0.000010621,0.000009658,0.000008783,0.000007987,0.000007263,0.000007263,0.000007263,0.000007263,0.000007263,0.000007263,0.000007263,0.000007263,0.000007263,0.000007263,0.000007263,0.000007263,0.000007263,0.000007263,0.000007263,0.000007263,0.000007263,0.000007263,0.000007263,0.000007263,0.000007263,0.000007263,0.000007263,0.000007263,0.000007263,0.000007263,0.000007263,0.000007263,0.000007263,0.000007263,0.000007263,0.000007263,0.000007263,0.000007263,0.000007263,0.000007263,0.000007263,0.000007263,0.000007263,0.000007263,0.000007263,0.000007263,0.000007263,0.000007263,0.000007263,0.000007263,0.000007263,0.000007263,0.000007263,0.000007263,0.000007263,0.000007263,0.000007263,0.000007263,0.000007263,0.000007263,0.000007263,0.000007263,0.000007263,0.000007263,0.000007263,0.000007263,0.000007263,0.000007263,0.000007263,0.000007263,0.000007263,0.000007263,0.000007263,0.000007263,0.000007263,0.000007263,0.000007263,0.000007263,0.000007263,0.000007263,0.000007263,0.000007263,0.000007263,0.000007263,0.000007263,0.000007263,0.000007263,0.000007263,0.000007263,0.000007263,0.000007263,0.000007263,0.000007263,0.000007263,0.000007263,0.000007263,0.000007263,0.000007263,0.000007263,0.000007263,0.000007263,0.000007263,0.000007263,0.000007263,0.000007263
0,0,66,0.000140848,0.000140848,0.000140848,0.000140848,0.000140848,0.000140848,0.000140848,0.000140848,0.000140848,0.000140848,0.000140848,0.000140848,0.000140848,0.000140848,0.000140848,0.000140848,0.000140848,0.000140848,0.000140848,0.000140848,0.000140848,0.000140848,0.000140848,0.000140848,0.000140848,0.000140848,0.000140848,0.000133979,0.000127863,0.000122591,0.000118245,0.000114856,0.000112266,0.000110292,0.000108769,0.000107545,0.000106472,0.000105404,0.000104188,0.000102668,0.000100682,0.000098124,0.000095098,0.000091754,0.000088225,0.000084633,0.000081084,0.000077671,0.000074468,0.000071544,0.000068974,0.000066803,0.000064970,0.000063398,0.000062028,0.000060802,0.000059673,0.000058598,0.000057558,0.000056541,0.000055527,0.000054508,0.000053520,0.000052605,0.000051800,0.000051138,0.000050651,0.000050362,0.000050266,0.000050350,0.000050597,0.000050984,0.000050829,0.000050667,0.000050440,0.000050086,0.000049551,0.000048792,0.000047797,0.000046572,0.000045143,0.000043552,0.000041858,0.000040147,0.000038505,0.000037004,0.000035699,0.000034626,0.000033770,0.000033100,0.000032579,0.000032162,0.000031800,0.000031435,0.000031011,0.000030468,0.000029754,0.000028840,0.000027775,0.000026634,0.000025491,0.000024426,0.000023498,0.000022708,0.000022045,0.000021500,0.000021065,0.000020737,0.000020529,0.000020456,0.000020534,0.000020775,0.000021173,0.000021643,0.000022069,0.000022332,0.000022311,0.000021928,0.000021282,0.000020509,0.000019740,0.000019091,0.000018642,0.000018366,0.000018217,0.000016936,0.000015613,0.000014271,0.000012953,0.000011694,0.000010655,0.000009692,0.000008814,0.000008015,0.000007289,0.000006628,0.000006027,0.000006027,0.000006027,0.000006027,0.000006027,0.000006027,0.000006027,0.000006027,0.000006027,0.000006027,0.000006027,0.000006027,0.000006027,0.000006027,0.000006027,0.000006027,0.000006027,0.000006027,0.000006027,0.000006027,0.000006027,0.000006027,0.000006027,0.000006027,0.000006027,0.000006027,0.000006027,0.000006027,0.000006027,0.000006027,0.000006027,0.000006027,0.000006027,0.000006027,0.000006027,0.000006027,0.000006027,0.000006027,0.000006027,0.000006027,0.000006027,0.000006027,0.000006027,0.000006027,0.000006027,0.000006027,0.000006027,0.000006027,0.000006027,0.000006027,0.000006027,0.000006027,0.000006027,0.000006027,0.000006027,0.000006027,0.000006027,0.000006027,0.000006027,0.000006027,0.000006027,0.000006027,0.000006027,0.000006027,0.000006027,0.000006027,0.000006027,0.000006027,0.000006027,0.000006027,0.000006027,0.000006027,0.000006027,0.000006027,0.000006027,0.000006027,0.000006027,0.000006027,0.000006027,0.000006027,0.000006027,0.000006027,0.000006027,0.000006027,0.000006027,0.000006027,0.000006027,0.000006027,0.000006027,0.000006027,0.000006027,0.000006027,0.000006027,0.000006027,0.000006027,0.000006027,0.000006027,0.000006027,0.000006027,0.000006027,0.000006027
0,0,67,0.000114842,0.000114842,0.000114842,0.000114842,0.000114842,0.000114842,0.000114842,0.000114842,0.000114842,0.000114842,0.000114842,0.000114842,0.000114842,0.000114842,0.000114842,0.000114842,0.000114842,0.000114842,0.000114842,0.000114842,0.000114842,0.000114842,0.000114842,0.000114842,0.000114842,0.000114842,0.000114842,0.000109567,0.000104997,0.000101200,0.000098198,0.000095855,0.000094017,0.000092545,0.000091310,0.000090192,0.000089070,0.000087826,0.000086340,0.000084491,0.000082204,0.000079573,0.000076723,0.000073765,0.000070796,0.000067897,0.000065141,0.000062590,0.000060291,0.000058292,0.000056622,0.000055220,0.000054020,0.000052967,0.000052015,0.000051124,0.000050256,0.000049378,0.000048478,0.000047546,0.000046582,0.000045620,0.000044700,0.000043856,0.000043119,0.000042515,0.000042068,0.000041798,0.000041700,0.000041762,0.000041970,0.000042294,0.000042169,0.000042038,0.000041852,0.000041561,0.000041118,0.000040490,0.000039665,0.000038649,0.000037463,0.000036143,0.000034736,0.000033317,0.000031954,0.000030708,0.000029626,0.000028735,0.000028025,0.000027468,0.000027036,0.000026691,0.000026390,0.000026087,0.000025735,0.000025285,0.000024692,0.000023933,0.000023050,0.000022103,0.000021155,0.000020271,0.000019501,0.000018845,0.000018294,0.000017842,0.000017482,0.000017209,0.000017036,0.000016976,0.000017041,0.000017241,0.000017571,0.000017961,0.000018314,0.000018533,0.000018515,0.000018198,0.000017661,0.000017020,0.000016382,0.000015843,0.000015470,0.000015242,0.000015117,0.000014055,0.000012957,0.000011843,0.000010749,0.000009704,0.000008843,0.000008044,0.000007314,0.000006652,0.000006049,0.000005500,0.000005002,0.000005002,0.000005002,0.000005002,0.000005002,0.000005002,0.000005002,0.000005002,0.000005002,0.000005002,0.000005002,0.000005002,0.000005002,0.000005002,0.000005002,0.000005002,0.000005002,0.000005002,0.000005002,0.000005002,0.000005002,0.000005002,0.000005002,0.000005002,0.000005002,0.000005002,0.000005002,0.000005002,0.000005002,0.000005002,0.000005002,0.000005002,0.000005002,0.000005002,0.000005002,0.000005002,0.000005002,0.000005002,0.000005002,0.000005002,0.000005002,0.000005002,0.000005002,0.000005002,0.000005002,0.000005002,0.000005002,0.000005002,0.000005002,0.000005002,0.000005002,0.000005002,0.000005002,0.000005002,0.000005002,0.000005002,0.000005002,0.000005002,0.000005002,0.000005002,0.000005002,0.000005002,0.000005002,0.000005002,0.000005002,0.000005002,0.000005002,0.000005002,0.000005002,0.000005002,0.000005002,0.000005002,0.000005002,0.000005002,0.000005002,0.000005002,0.000005002,0.000005002,0.000005002,0.000005002,0.000005002,0.000005002,0.000005002,0.000005002,0.000005002,0.000005002,0.000005002,0.000005002,0.000005002,0.000005002,0.000005002,0.000005002,0.000005002,0.000005002,0.000005002,0.000005002,0.000005002,0.000005002,0.000005002,0.000005002,0.000005002
0,0,68,0.000093916,0.000093916,0.000093916,0.000093916,0.000093916,0.000093916,0.000093916,0.000093916,0.000093916,0.000093916,0.000093916,0.000093916,0.000093916,0.000093916,0.000093916,0.000093916,0.000093916,0.000093916,0.000093916,0.000093916,0.000093916,0.000093916,0.000093916,0.000093916,0.000093916,0.000093916,0.000093916,0.000089972,0.000086675,0.000084042,0.000081952,0.000080273,0.000078889,0.000077691,0.000076577,0.000075451,0.000074216,0.000072781,0.000071054,0.000068985,0.000066662,0.000064197,0.000061681,0.000059192,0.000056796,0.000054547,0.000052493,0.000050674,0.000049123,0.000047853,0.000046804,0.000045913,0.000045131,0.000044417,0.000043736,0.000043056,0.000042349,0.000041588,0.000040766,0.000039887,0.000038986,0.000038101,0.000037266,0.000036507,0.000035848,0.000035310,0.000034915,0.000034675,0.000034588,0.000034642,0.000034817,0.000035089,0.000034987,0.000034881,0.000034728,0.000034488,0.000034122,0.000033601,0.000032917,0.000032074,0.000031090,0.000029994,0.000028827,0.000027649,0.000026518,0.000025484,0.000024585,0.000023847,0.000023257,0.000022795,0.000022437,0.000022150,0.000021900,0.000021649,0.000021357,0.000020983,0.000020491,0.000019862,0.000019129,0.000018342,0.000017556,0.000016822,0.000016183,0.000015639,0.000015182,0.000014807,0.000014508,0.000014282,0.000014138,0.000014088,0.000014142,0.000014308,0.000014582,0.000014905,0.000015199,0.000015380,0.000015365,0.000015102,0.000014656,0.000014124,0.000013595,0.000013148,0.000012838,0.000012649,0.000012546,0.000011664,0.000010752,0.000009829,0.000008921,0.000008053,0.000007338,0.000006675,0.000006070,0.000005520,0.000005020,0.000004565,0.000004151,0.000004151,0.000004151,0.000004151,0.000004151,0.000004151,0.000004151,0.000004151,0.000004151,0.000004151,0.000004151,0.000004151,0.000004151,0.000004151,0.000004151,0.000004151,0.000004151,0.000004151,0.000004151,0.000004151,0.000004151,0.000004151,0.000004151,0.000004151,0.000004151,0.000004151,0.000004151,0.000004151,0.000004151,0.000004151,0.000004151,0.000004151,0.000004151,0.000004151,0.000004151,0.000004151,0.000004151,0.000004151,0.000004151,0.000004151,0.000004151,0.000004151,0.000004151,0.000004151,0.000004151,0.000004151,0.000004151,0.000004151,0.000004151,0.000004151,0.000004151,0.000004151,0.000004151,0.000004151,0.000004151,0.000004151,0.000004151,0.000004151,0.000004151,0.000004151,0.000004151,0.000004151,0.000004151,0.000004151,0.000004151,0.000004151,0.000004151,0.000004151,0.000004151,0.000004151,0.000004151,0.000004151,0.000004151,0.000004151,0.000004151,0.000004151,0.000004151,0.000004151,0.000004151,0.000004151,0.000004151,0.000004151,0.000004151,0.000004151,0.000004151,0.000004151,0.000004151,0.000004151,0.000004151,0.000004151,0.000004151,0.000004151,0.000004151,0.000004151,0.000004151,0.000004151,0.000004151,0.000004151,0.000004151,0.000004151,0.000004151
0,0,69,0.000077120,0.000077120,0.000077120,0.000077120,0.000077120,0.000077120,0.000077120,0.000077120,0.000077120,0.000077120,0.000077120,0.000077120,0.000077120,0.000077120,0.000077120,0.000077120,0.000077120,0.000077120,0.000077120,0.000077120,0.000077120,0.000077120,0.000077120,0.000077120,0.000077120,0.000077120,0.000077120,0.000074272,0.000071980,0.000070138,0.000068630,0.000067356,0.000066226,0.000065155,0.000064061,0.000062868,0.000061503,0.000059896,0.000058014,0.000055942,0.000053781,0.000051611,0.000049495,0.000047487,0.000045629,0.000043956,0.000042500,0.000041288,0.000040326,0.000039555,0.000038916,0.000038358,0.000037846,0.000037347,0.000036834,0.000036282,0.000035667,0.000034972,0.000034198,0.000033382,0.000032561,0.000031765,0.000031021,0.000030351,0.000029773,0.000029306,0.000028965,0.000028761,0.000028690,0.000028737,0.000028885,0.000029113,0.000029031,0.000028944,0.000028818,0.000028619,0.000028316,0.000027885,0.000027317,0.000026617,0.000025800,0.000024891,0.000023922,0.000022945,0.000022007,0.000021148,0.000020403,0.000019790,0.000019300,0.000018917,0.000018620,0.000018382,0.000018175,0.000017966,0.000017724,0.000017413,0.000017005,0.000016483,0.000015874,0.000015222,0.000014569,0.000013960,0.000013430,0.000012978,0.000012599,0.000012288,0.000012039,0.000011852,0.000011733,0.000011691,0.000011736,0.000011873,0.000012101,0.000012369,0.000012613,0.000012764,0.000012751,0.000012533,0.000012163,0.000011722,0.000011282,0.000010911,0.000010654,0.000010497,0.000010411,0.000009680,0.000008923,0.000008156,0.000007403,0.000006683,0.000006090,0.000005539,0.000005037,0.000004581,0.000004166,0.000003788,0.000003445,0.000003445,0.000003445,0.000003445,0.000003445,0.000003445,0.000003445,0.000003445,0.000003445,0.000003445,0.000003445,0.000003445,0.000003445,0.000003445,0.000003445,0.000003445,0.000003445,0.000003445,0.000003445,0.000003445,0.000003445,0.000003445,0.000003445,0.000003445,0.000003445,0.000003445,0.000003445,0.000003445,0.000003445,0.000003445,0.000003445,0.000003445,0.000003445,0.000003445,0.000003445,0.000003445,0.000003445,0.000003445,0.000003445,0.000003445,0.000003445,0.000003445,0.000003445,0.000003445,0.000003445,0.000003445,0.000003445,0.000003445,0.000003445,0.000003445,0.000003445,0.000003445,0.000003445,0.000003445,0.000003445,0.000003445,0.000003445,0.000003445,0.000003445,0.000003445,0.000003445,0.000003445,0.000003445,0.000003445,0.000003445,0.000003445,0.000003445,0.000003445,0.000003445,0.000003445,0.000003445,0.000003445,0.000003445,0.000003445,0.000003445,0.000003445,0.000003445,0.000003445,0.000003445,0.000003445,0.000003445,0.000003445,0.000003445,0.000003445,0.000003445,0.000003445,0.000003445,0.000003445,0.000003445,0.000003445,0.000003445,0.000003445,0.000003445,0.000003445,0.000003445,0.000003445,0.000003445,0.000003445,0.000003445,0.000003445,0.000003445
0,0,70,0.000063663,0.000063663,0.000063663,0.000063663,0.000063663,0.000063663,0.000063663,0.000063663,0.000063663,0.000063663,0.000063663,0.000063663,0.000063663,0.000063663,0.000063663,0.000063663,0.000063663,0.000063663,0.000063663,0.000063663,0.000063663,0.000063663,0.000063663,0.000063663,0.000063663,0.000063663,0.000063663,0.000061679,0.000060071,0.000058736,0.000057587,0.000056545,0.000055540,0.000054505,0.000053378,0.000052098,0.000050614,0.000048903,0.000047046,0.000045133,0.000043237,0.000041415,0.000039707,0.000038150,0.000036769,0.000035588,0.000034627,0.000033894,0.000033334,0.000032889,0.000032512,0.000032167,0.000031822,0.000031453,0.000031038,0.000030558,0.000029993,0.000029338,0.000028622,0.000027881,0.000027146,0.000026442,0.000025790,0.000025208,0.000024711,0.000024312,0.000024025,0.000023857,0.000023800,0.000023841,0.000023966,0.000024156,0.000024089,0.000024018,0.000023914,0.000023750,0.000023499,0.000023141,0.000022669,0.000022089,0.000021411,0.000020656,0.000019852,0.000019041,0.000018263,0.000017550,0.000016931,0.000016423,0.000016017,0.000015699,0.000015452,0.000015255,0.000015083,0.000014910,0.000014708,0.000014451,0.000014112,0.000013679,0.000013174,0.000012632,0.000012091,0.000011585,0.000011145,0.000010770,0.000010456,0.000010197,0.000009991,0.000009836,0.000009737,0.000009702,0.000009739,0.000009853,0.000010043,0.000010265,0.000010467,0.000010592,0.000010582,0.000010400,0.000010094,0.000009727,0.000009363,0.000009055,0.000008842,0.000008711,0.000008640,0.000008033,0.000007405,0.000006769,0.000006144,0.000005546,0.000005054,0.000004597,0.000004180,0.000003802,0.000003457,0.000003144,0.000002859,0.000002859,0.000002859,0.000002859,0.000002859,0.000002859,0.000002859,0.000002859,0.000002859,0.000002859,0.000002859,0.000002859,0.000002859,0.000002859,0.000002859,0.000002859,0.000002859,0.000002859,0.000002859,0.000002859,0.000002859,0.000002859,0.000002859,0.000002859,0.000002859,0.000002859,0.000002859,0.000002859,0.000002859,0.000002859,0.000002859,0.000002859,0.000002859,0.000002859,0.000002859,0.000002859,0.000002859,0.000002859,0.000002859,0.000002859,0.000002859,0.000002859,0.000002859,0.000002859,0.000002859,0.000002859,0.000002859,0.000002859,0.000002859,0.000002859,0.000002859,0.000002859,0.000002859,0.000002859,0.000002859,0.000002859,0.000002859,0.000002859,0.000002859,0.000002859,0.000002859,0.000002859,0.000002859,0.000002859,0.000002859,0.000002859,0.000002859,0.000002859,0.000002859,0.000002859,0.000002859,0.000002859,0.000002859,0.000002859,0.000002859,0.000002859,0.000002859,0.000002859,0.000002859,0.000002859,0.000002859,0.000002859,0.000002859,0.000002859,0.000002859,0.000002859,0.000002859,0.000002859,0.000002859,0.000002859,0.000002859,0.000002859,0.000002859,0.000002859,0.000002859,0.000002859,0.000002859,0.000002859,0.000002859,0.000002859,0.000002859
0,0,71,0.000052869,0.000052869,0.000052869,0.000052869,0.000052869,0.000052869,0.000052869,0.000052869,0.000052869,0.000052869,0.000052869,0.000052869,0.000052869,0.000052869,0.000052869,0.000052869,0.000052869,0.000052869,0.000052869,0.000052869,0.000052869,0.000052869,0.000052869,0.000052869,0.000052869,0.000052869,0.000052869,0.000051475,0.000050306,0.000049285,0.000048343,0.000047421,0.000046462,0.000045416,0.000044234,0.000042874,0.000041325,0.000039657,0.000037955,0.000036284,0.000034695,0.000033225,0.000031900,0.000030743,0.000029769,0.000028996,0.000028426,0.000028017,0.000027715,0.000027477,0.000027264,0.000027047,0.000026800,0.000026504,0.000026141,0.000025696,0.000025161,0.000024554,0.000023905,0.000023244,0.000022597,0.000021983,0.000021420,0.000020921,0.000020499,0.000020165,0.000019928,0.000019791,0.000019746,0.000019781,0.000019885,0.000020044,0.000019990,0.000019931,0.000019846,0.000019709,0.000019501,0.000019204,0.000018812,0.000018331,0.000017768,0.000017142,0.000016475,0.000015802,0.000015155,0.000014564,0.000014051,0.000013629,0.000013292,0.000013028,0.000012823,0.000012659,0.000012517,0.000012373,0.000012206,0.000011993,0.000011711,0.000011352,0.000010933,0.000010483,0.000010034,0.000009614,0.000009249,0.000008938,0.000008677,0.000008463,0.000008291,0.000008162,0.000008080,0.000008052,0.000008082,0.000008177,0.000008334,0.000008519,0.000008686,0.000008790,0.000008782,0.000008631,0.000008377,0.000008073,0.000007770,0.000007514,0.000007337,0.000007229,0.000007170,0.000006666,0.000006145,0.000005617,0.000005098,0.000004603,0.000004194,0.000003815,0.000003469,0.000003155,0.000002869,0.000002609,0.000002372,0.000002372,0.000002372,0.000002372,0.000002372,0.000002372,0.000002372,0.000002372,0.000002372,0.000002372,0.000002372,0.000002372,0.000002372,0.000002372,0.000002372,0.000002372,0.000002372,0.000002372,0.000002372,0.000002372,0.000002372,0.000002372,0.000002372,0.000002372,0.000002372,0.000002372,0.000002372,0.000002372,0.000002372,0.000002372,0.000002372,0.000002372,0.000002372,0.000002372,0.000002372,0.000002372,0.000002372,0.000002372,0.000002372,0.000002372,0.000002372,0.000002372,0.000002372,0.000002372,0.000002372,0.000002372,0.000002372,0.000002372,0.000002372,0.000002372,0.000002372,0.000002372,0.000002372,0.000002372,0.000002372,0.000002372,0.000002372,0.000002372,0.000002372,0.000002372,0.000002372,0.000002372,0.000002372,0.000002372,0.000002372,0.000002372,0.000002372,0.000002372,0.000002372,0.000002372,0.000002372,0.000002372,0.000002372,0.000002372,0.000002372,0.000002372,0.000002372,0.000002372,0.000002372,0.000002372,0.000002372,0.000002372,0.000002372,0.000002372,0.000002372,0.000002372,0.000002372,0.000002372,0.000002372,0.000002372,0.000002372,0.000002372,0.000002372,0.000002372,0.000002372,0.000002372,0.000002372,0.000002372,0.000002372,0.000002372,0.000002372
0,0,72,0.000044122,0.000044122,0.000044122,0.000044122,0.000044122,0.000044122,0.000044122,0.000044122,0.000044122,0.000044122,0.000044122,0.000044122,0.000044122,0.000044122,0.000044122,0.000044122,0.000044122,0.000044122,0.000044122,0.000044122,0.000044122,0.000044122,0.000044122,0.000044122,0.000044122,0.000044122,0.000044122,0.000043107,0.000042211,0.000041374,0.000040542,0.000039670,0.000038714,0.000037636,0.000036402,0.000035005,0.000033512,0.000031994,0.000030513,0.000029115,0.000027834,0.000026692,0.000025706,0.000024890,0.000024255,0.000023803,0.000023497,0.000023295,0.000023155,0.000023042,0.000022924,0.000022778,0.000022583,0.000022322,0.000021983,0.000021557,0.000021058,0.000020507,0.000019929,0.000019349,0.000018786,0.000018258,0.000017777,0.000017356,0.000017003,0.000016727,0.000016532,0.000016419,0.000016383,0.000016413,0.000016500,0.000016633,0.000016588,0.000016540,0.000016469,0.000016356,0.000016183,0.000015937,0.000015612,0.000015212,0.000014745,0.000014226,0.000013672,0.000013113,0.000012577,0.000012087,0.000011661,0.000011310,0.000011031,0.000010812,0.000010642,0.000010506,0.000010387,0.000010268,0.000010129,0.000009952,0.000009719,0.000009420,0.000009073,0.000008700,0.000008327,0.000007979,0.000007676,0.000007417,0.000007201,0.000007023,0.000006881,0.000006774,0.000006706,0.000006682,0.000006707,0.000006786,0.000006916,0.000007069,0.000007209,0.000007295,0.000007288,0.000007163,0.000006952,0.000006699,0.000006448,0.000006236,0.000006089,0.000005999,0.000005950,0.000005532,0.000005100,0.000004662,0.000004231,0.000003820,0.000003481,0.000003166,0.000002879,0.000002618,0.000002381,0.000002165,0.000001969,0.000001969,0.000001969,0.000001969,0.000001969,0.000001969,0.000001969,0.000001969,0.000001969,0.000001969,0.000001969,0.000001969,0.000001969,0.000001969,0.000001969,0.000001969,0.000001969,0.000001969,0.000001969,0.000001969,0.000001969,0.000001969,0.000001969,0.000001969,0.000001969,0.000001969,0.000001969,0.000001969,0.000001969,0.000001969,0.000001969,0.000001969,0.000001969,0.000001969,0.000001969,0.000001969,0.000001969,0.000001969,0.000001969,0.000001969,0.000001969,0.000001969,0.000001969,0.000001969,0.000001969,0.000001969,0.000001969,0.000001969,0.000001969,0.000001969,0.000001969,0.000001969,0.000001969,0.000001969,0.000001969,0.000001969,0.000001969,0.000001969,0.000001969,0.000001969,0.000001969,0.000001969,0.000001969,0.000001969,0.000001969,0.000001969,0.000001969,0.000001969,0.000001969,0.000001969,0.000001969,0.000001969,0.000001969,0.000001969,0.000001969,0.000001969,0.000001969,0.000001969,0.000001969,0.000001969,0.000001969,0.000001969,0.000001969,0.000001969,0.000001969,0.000001969,0.000001969,0.000001969,0.000001969,0.000001969,0.000001969,0.000001969,0.000001969,0.000001969,0.000001969,0.000001969,0.000001969,0.000001969,0.000001969,0.000001969,0.000001969
0,0,73,0.000036949,0.000036949,0.000036949,0.000036949,0.000036949,0.000036949,0.000036949,0.000036949,0.000036949,0.000036949,0.000036949,0.000036949,0.000036949,0.000036949,0.000036949,0.000036949,0.000036949,0.000036949,0.000036949,0.000036949,0.000036949,0.000036949,0.000036949,0.000036949,0.000036949,0.000036949,0.000036949,0.000036170,0.000035436,0.000034698,0.000033916,0.000033054,0.000032082,0.000030972,0.000029721,0.000028387,0.000027036,0.000025721,0.000024485,0.000023358,0.000022361,0.000021509,0.000020812,0.000020279,0.000019911,0.000019676,0.000019537,0.000019462,0.000019417,0.000019374,0.000019307,0.000019194,0.000019020,0.000018771,0.000018441,0.000018041,0.000017588,0.000017097,0.000016589,0.000016086,0.000015603,0.000015153,0.000014748,0.000014396,0.000014104,0.000013876,0.000013715,0.000013623,0.000013593,0.000013619,0.000013692,0.000013803,0.000013766,0.000013726,0.000013667,0.000013574,0.000013430,0.000013225,0.000012956,0.000012624,0.000012237,0.000011805,0.000011346,0.000010882,0.000010437,0.000010030,0.000009677,0.000009386,0.000009154,0.000008972,0.000008831,0.000008718,0.000008620,0.000008521,0.000008406,0.000008259,0.000008066,0.000007818,0.000007529,0.000007220,0.000006910,0.000006621,0.000006370,0.000006156,0.000005976,0.000005828,0.000005710,0.000005621,0.000005565,0.000005545,0.000005566,0.000005632,0.000005740,0.000005867,0.000005982,0.000006054,0.000006048,0.000005944,0.000005769,0.000005559,0.000005351,0.000005175,0.000005053,0.000004979,0.000004938,0.000004591,0.000004232,0.000003869,0.000003511,0.000003170,0.000002888,0.000002627,0.000002389,0.000002173,0.000001976,0.000001797,0.000001634,0.000001634,0.000001634,0.000001634,0.000001634,0.000001634,0.000001634,0.000001634,0.000001634,0.000001634,0.000001634,0.000001634,0.000001634,0.000001634,0.000001634,0.000001634,0.000001634,0.000001634,0.000001634,0.000001634,0.000001634,0.000001634,0.000001634,0.000001634,0.000001634,0.000001634,0.000001634,0.000001634,0.000001634,0.000001634,0.000001634,0.000001634,0.000001634,0.000001634,0.000001634,0.000001634,0.000001634,0.000001634,0.000001634,0.000001634,0.000001634,0.000001634,0.000001634,0.000001634,0.000001634,0.000001634,0.000001634,0.000001634,0.000001634,0.000001634,0.000001634,0.000001634,0.000001634,0.000001634,0.000001634,0.000001634,0.000001634,0.000001634,0.000001634,0.000001634,0.000001634,0.000001634,0.000001634,0.000001634,0.000001634,0.000001634,0.000001634,0.000001634,0.000001634,0.000001634,0.000001634,0.000001634,0.000001634,0.000001634,0.000001634,0.000001634,0.000001634,0.000001634,0.000001634,0.000001634,0.000001634,0.000001634,0.000001634,0.000001634,0.000001634,0.000001634,0.000001634,0.000001634,0.000001634,0.000001634,0.000001634,0.000001634,0.000001634,0.000001634,0.000001634,0.000001634,0.000001634,0.000001634,0.000001634,0.000001634,0.000001634
0,0,74,0.000031004,0.000031004,0.000031004,0.000031004,0.000031004,0.000031004,0.000031004,0.000031004,0.000031004,0.000031004,0.000031004,0.000031004,0.000031004,0.000031004,0.000031004,0.000031004,0.000031004,0.000031004,0.000031004,0.000031004,0.000031004,0.000031004,0.000031004,0.000031004,0.000031004,0.000031004,0.000031004,0.000030365,0.000029718,0.000029026,0.000028260,0.000027392,0.000026402,0.000025288,0.000024102,0.000022902,0.000021735,0.000020640,0.000019643,0.000018765,0.000018019,0.000017414,0.000016957,0.000016648,0.000016459,0.000016360,0.000016322,0.000016320,0.000016327,0.000016316,0.000016269,0.000016166,0.000015994,0.000015747,0.000015434,0.000015068,0.000014663,0.000014232,0.000013792,0.000013360,0.000012949,0.000012571,0.000012232,0.000011941,0.000011700,0.000011512,0.000011379,0.000011303,0.000011280,0.000011302,0.000011362,0.000011454,0.000011424,0.000011391,0.000011342,0.000011264,0.000011145,0.000010975,0.000010752,0.000010476,0.000010155,0.000009797,0.000009416,0.000009031,0.000008662,0.000008324,0.000008031,0.000007789,0.000007597,0.000007446,0.000007329,0.000007235,0.000007154,0.000007072,0.000006976,0.000006854,0.000006693,0.000006488,0.000006248,0.000005991,0.000005734,0.000005495,0.000005286,0.000005108,0.000004959,0.000004837,0.000004739,0.000004665,0.000004618,0.000004602,0.000004619,0.000004673,0.000004763,0.000004869,0.000004965,0.000005024,0.000005019,0.000004933,0.000004787,0.000004614,0.000004441,0.000004295,0.000004194,0.000004132,0.000004098,0.000003810,0.000003512,0.000003210,0.000002914,0.000002631,0.000002397,0.000002180,0.000001983,0.000001803,0.000001640,0.000001491,0.000001356,0.000001356,0.000001356,0.000001356,0.000001356,0.000001356,0.000001356,0.000001356,0.000001356,0.000001356,0.000001356,0.000001356,0.000001356,0.000001356,0.000001356,0.000001356,0.000001356,0.000001356,0.000001356,0.000001356,0.000001356,0.000001356,0.000001356,0.000001356,0.000001356,0.000001356,0.000001356,0.000001356,0.000001356,0.000001356,0.000001356,0.000001356,0.000001356,0.000001356,0.000001356,0.000001356,0.000001356,0.000001356,0.000001356,0.000001356,0.000001356,0.000001356,0.000001356,0.000001356,0.000001356,0.000001356,0.000001356,0.000001356,0.000001356,0.000001356,0.000001356,0.000001356,0.000001356,0.000001356,0.000001356,0.000001356,0.000001356,0.000001356,0.000001356,0.000001356,0.000001356,0.000001356,0.000001356,0.000001356,0.000001356,0.000001356,0.000001356,0.000001356,0.000001356,0.000001356,0.000001356,0.000001356,0.000001356,0.000001356,0.000001356,0.000001356,0.000001356,0.000001356,0.000001356,0.000001356,0.000001356,0.000001356,0.000001356,0.000001356,0.000001356,0.000001356,0.000001356,0.000001356,0.000001356,0.000001356,0.000001356,0.000001356,0.000001356,0.000001356,0.000001356,0.000001356,0.000001356,0.000001356,0.000001356,0.000001356,0.000001356
0,0,75,0.000026027,0.000026027,0.000026027,0.000026027,0.000026027,0.000026027,0.000026027,0.000026027,0.000026027,0.000026027,0.000026027,0.000026027,0.000026027,0.000026027,0.000026027,0.000026027,0.000026027,0.000026027,0.000026027,0.000026027,0.000026027,0.000026027,0.000026027,0.000026027,0.000026027,0.000026027,0.000026027,0.000025465,0.000024860,0.000024186,0.000023419,0.000022542,0.000021556,0.000020507,0.000019445,0.000018412,0.000017441,0.000016558,0.000015781,0.000015122,0.000014589,0.000014189,0.000013920,0.000013761,0.000013685,0.000013668,0.000013687,0.000013722,0.000013750,0.000013749,0.000013702,0.000013594,0.000013418,0.000013179,0.000012890,0.000012562,0.000012206,0.000011832,0.000011455,0.000011088,0.000010743,0.000010427,0.000010147,0.000009906,0.000009707,0.000009551,0.000009442,0.000009379,0.000009360,0.000009378,0.000009429,0.000009506,0.000009480,0.000009453,0.000009412,0.000009348,0.000009249,0.000009108,0.000008922,0.000008694,0.000008427,0.000008130,0.000007814,0.000007495,0.000007188,0.000006908,0.000006664,0.000006464,0.000006304,0.000006179,0.000006082,0.000006004,0.000005937,0.000005869,0.000005789,0.000005688,0.000005555,0.000005384,0.000005185,0.000004972,0.000004759,0.000004560,0.000004387,0.000004239,0.000004115,0.000004014,0.000003933,0.000003871,0.000003832,0.000003819,0.000003833,0.000003878,0.000003953,0.000004040,0.000004120,0.000004169,0.000004165,0.000004094,0.000003973,0.000003829,0.000003685,0.000003564,0.000003480,0.000003429,0.000003401,0.000003162,0.000002915,0.000002664,0.000002418,0.000002183,0.000001989,0.000001809,0.000001645,0.000001496,0.000001361,0.000001237,0.000001125,0.000001125,0.000001125,0.000001125,0.000001125,0.000001125,0.000001125,0.000001125,0.000001125,0.000001125,0.000001125,0.000001125,0.000001125,0.000001125,0.000001125,0.000001125,0.000001125,0.000001125,0.000001125,0.000001125,0.000001125,0.000001125,0.000001125,0.000001125,0.000001125,0.000001125,0.000001125,0.000001125,0.000001125,0.000001125,0.000001125,0.000001125,0.000001125,0.000001125,0.000001125,0.000001125,0.000001125,0.000001125,0.000001125,0.000001125,0.000001125,0.000001125,0.000001125,0.000001125,0.000001125,0.000001125,0.000001125,0.000001125,0.000001125,0.000001125,0.000001125,0.000001125,0.000001125,0.000001125,0.000001125,0.000001125,0.000001125,0.000001125,0.000001125,0.000001125,0.000001125,0.000001125,0.000001125,0.000001125,0.000001125,0.000001125,0.000001125,0.000001125,0.000001125,0.000001125,0.000001125,0.000001125,0.000001125,0.000001125,0.000001125,0.000001125,0.000001125,0.000001125,0.000001125,0.000001125,0.000001125,0.000001125,0.000001125,0.000001125,0.000001125,0.000001125,0.000001125,0.000001125,0.000001125,0.000001125,0.000001125,0.000001125,0.000001125,0.000001125,0.000001125,0.000001125,0.000001125,0.000001125,0.000001125,0.000001125,0.000001125
0,0,76,0.000021827,0.000021827,0.000021827,0.000021827,0.000021827,0.000021827,0.000021827,0.000021827,0.000021827,0.000021827,0.000021827,0.000021827,0.000021827,0.000021827,0.000021827,0.000021827,0.000021827,0.000021827,0.000021827,0.000021827,0.000021827,0.000021827,0.000021827,0.000021827,0.000021827,0.000021827,0.000021827,0.000021303,0.000020714,0.000020042,0.000019272,0.000018405,0.000017480,0.000016544,0.000015632,0.000014774,0.000013992,0.000013302,0.000012717,0.000012243,0.000011886,0.000011648,0.000011507,0.000011442,0.000011433,0.000011461,0.000011509,0.000011557,0.000011586,0.000011580,0.000011522,0.000011404,0.000011230,0.000011007,0.000010747,0.000010457,0.000010147,0.000009827,0.000009507,0.000009199,0.000008910,0.000008649,0.000008417,0.000008218,0.000008054,0.000007925,0.000007835,0.000007783,0.000007767,0.000007783,0.000007825,0.000007888,0.000007867,0.000007845,0.000007811,0.000007757,0.000007675,0.000007558,0.000007404,0.000007215,0.000006993,0.000006747,0.000006484,0.000006220,0.000005965,0.000005733,0.000005531,0.000005364,0.000005232,0.000005128,0.000005047,0.000004983,0.000004927,0.000004870,0.000004804,0.000004720,0.000004610,0.000004468,0.000004303,0.000004126,0.000003949,0.000003784,0.000003640,0.000003518,0.000003415,0.000003331,0.000003264,0.000003213,0.000003180,0.000003169,0.000003181,0.000003219,0.000003280,0.000003353,0.000003419,0.000003460,0.000003457,0.000003397,0.000003297,0.000003177,0.000003058,0.000002958,0.000002888,0.000002845,0.000002822,0.000002624,0.000002419,0.000002211,0.000002007,0.000001812,0.000001651,0.000001502,0.000001365,0.000001242,0.000001129,0.000001027,0.000000934,0.000000934,0.000000934,0.000000934,0.000000934,0.000000934,0.000000934,0.000000934,0.000000934,0.000000934,0.000000934,0.000000934,0.000000934,0.000000934,0.000000934,0.000000934,0.000000934,0.000000934,0.000000934,0.000000934,0.000000934,0.000000934,0.000000934,0.000000934,0.000000934,0.000000934,0.000000934,0.000000934,0.000000934,0.000000934,0.000000934,0.000000934,0.000000934,0.000000934,0.000000934,0.000000934,0.000000934,0.000000934,0.000000934,0.000000934,0.000000934,0.000000934,0.000000934,0.000000934,0.000000934,0.000000934,0.000000934,0.000000934,0.000000934,0.000000934,0.000000934,0.000000934,0.000000934,0.000000934,0.000000934,0.000000934,0.000000934,0.000000934,0.000000934,0.000000934,0.000000934,0.000000934,0.000000934,0.000000934,0.000000934,0.000000934,0.000000934,0.000000934,0.000000934,0.000000934,0.000000934,0.000000934,0.000000934,0.000000934,0.000000934,0.000000934,0.000000934,0.000000934,0.000000934,0.000000934,0.000000934,0.000000934,0.000000934,0.000000934,0.000000934,0.000000934,0.000000934,0.000000934,0.000000934,0.000000934,0.000000934,0.000000934,0.000000934,0.000000934,0.000000934,0.000000934,0.000000934,0.000000934,0.000000934,0.000000934,0.000000934
0,0,77,0.000018260,0.000018260,0.000018260,0.000018260,0.000018260,0.000018260,0.000018260,0.000018260,0.000018260,0.000018260,0.000018260,0.000018260,0.000018260,0.000018260,0.000018260,0.000018260,0.000018260,0.000018260,0.000018260,0.000018260,0.000018260,0.000018260,0.000018260,0.000018260,0.000018260,0.000018260,0.000018260,0.000017750,0.000017166,0.000016494,0.000015735,0.000014925,0.000014103,0.000013300,0.000012544,0.000011853,0.000011241,0.000010720,0.000010296,0.000009975,0.000009758,0.000009628,0.000009567,0.000009559,0.000009587,0.000009637,0.000009692,0.000009738,0.000009758,0.000009738,0.000009666,0.000009544,0.000009379,0.000009177,0.000008946,0.000008694,0.000008428,0.000008156,0.000007887,0.000007630,0.000007391,0.000007175,0.000006983,0.000006819,0.000006682,0.000006576,0.000006501,0.000006459,0.000006446,0.000006459,0.000006494,0.000006546,0.000006529,0.000006510,0.000006482,0.000006438,0.000006370,0.000006272,0.000006145,0.000005987,0.000005804,0.000005599,0.000005381,0.000005161,0.000004950,0.000004757,0.000004590,0.000004452,0.000004342,0.000004256,0.000004189,0.000004135,0.000004088,0.000004042,0.000003987,0.000003917,0.000003825,0.000003708,0.000003571,0.000003424,0.000003277,0.000003140,0.000003021,0.000002920,0.000002834,0.000002764,0.000002708,0.000002666,0.000002639,0.000002630,0.000002640,0.000002671,0.000002722,0.000002783,0.000002837,0.000002871,0.000002868,0.000002819,0.000002736,0.000002637,0.000002538,0.000002454,0.000002397,0.000002361,0.000002342,0.000002177,0.000002007,0.000001835,0.000001665,0.000001503,0.000001370,0.000001246,0.000001133,0.000001030,0.000000937,0.000000852,0.000000775,0.000000775,0.000000775,0.000000775,0.000000775,0.000000775,0.000000775,0.000000775,0.000000775,0.000000775,0.000000775,0.000000775,0.000000775,0.000000775,0.000000775,0.000000775,0.000000775,0.000000775,0.000000775,0.000000775,0.000000775,0.000000775,0.000000775,0.000000775,0.000000775,0.000000775,0.000000775,0.000000775,0.000000775,0.000000775,0.000000775,0.000000775,0.000000775,0.000000775,0.000000775,0.000000775,0.000000775,0.000000775,0.000000775,0.000000775,0.000000775,0.000000775,0.000000775,0.000000775,0.000000775,0.000000775,0.000000775,0.000000775,0.000000775,0.000000775,0.000000775,0.000000775,0.000000775,0.000000775,0.000000775,0.000000775,0.000000775,0.000000775,0.000000775,0.000000775,0.000000775,0.000000775,0.000000775,0.000000775,0.000000775,0.000000775,0.000000775,0.000000775,0.000000775,0.000000775,0.000000775,0.000000775,0.000000775,0.000000775,0.000000775,0.000000775,0.000000775,0.000000775,0.000000775,0.000000775,0.000000775,0.000000775,0.000000775,0.000000775,0.000000775,0.000000775,0.000000775,0.000000775,0.000000775,0.000000775,0.000000775,0.000000775,0.000000775,0.000000775,0.000000775,0.000000775,0.000000775,0.000000775,0.000000775,0.000000775,0.000000775
0,0,78,0.000015214,0.000015214,0.000015214,0.000015214,0.000015214,0.000015214,0.000015214,0.000015214,0.000015214,0.000015214,0.000015214,0.000015214,0.000015214,0.000015214,0.000015214,0.000015214,0.000015214,0.000015214,0.000015214,0.000015214,0.000015214,0.000015214,0.000015214,0.000015214,0.000015214,0.000015214,0.000015214,0.000014709,0.000014126,0.000013467,0.000012760,0.000012041,0.000011338,0.000010673,0.000010063,0.000009522,0.000009058,0.000008679,0.000008389,0.000008189,0.000008066,0.000008005,0.000007993,0.000008016,0.000008061,0.000008116,0.000008167,0.000008202,0.000008206,0.000008169,0.000008090,0.000007972,0.000007819,0.000007639,0.000007437,0.000007220,0.000006995,0.000006766,0.000006542,0.000006329,0.000006131,0.000005952,0.000005794,0.000005658,0.000005545,0.000005457,0.000005395,0.000005360,0.000005349,0.000005360,0.000005389,0.000005433,0.000005418,0.000005402,0.000005379,0.000005342,0.000005286,0.000005205,0.000005099,0.000004969,0.000004816,0.000004647,0.000004466,0.000004283,0.000004108,0.000003948,0.000003809,0.000003694,0.000003603,0.000003532,0.000003476,0.000003432,0.000003393,0.000003354,0.000003309,0.000003251,0.000003175,0.000003077,0.000002964,0.000002842,0.000002720,0.000002606,0.000002507,0.000002423,0.000002352,0.000002294,0.000002248,0.000002213,0.000002190,0.000002183,0.000002191,0.000002217,0.000002259,0.000002309,0.000002355,0.000002383,0.000002380,0.000002340,0.000002271,0.000002188,0.000002106,0.000002037,0.000001989,0.000001960,0.000001944,0.000001807,0.000001666,0.000001523,0.000001382,0.000001248,0.000001137,0.000001034,0.000000940,0.000000855,0.000000778,0.000000707,0.000000643,0.000000643,0.000000643,0.000000643,0.000000643,0.000000643,0.000000643,0.000000643,0.000000643,0.000000643,0.000000643,0.000000643,0.000000643,0.000000643,0.000000643,0.000000643,0.000000643,0.000000643,0.000000643,0.000000643,0.000000643,0.000000643,0.000000643,0.000000643,0.000000643,0.000000643,0.000000643,0.000000643,0.000000643,0.000000643,0.000000643,0.000000643,0.000000643,0.000000643,0.000000643,0.000000643,0.000000643,0.000000643,0.000000643,0.000000643,0.000000643,0.000000643,0.000000643,0.000000643,0.000000643,0.000000643,0.000000643,0.000000643,0.000000643,0.000000643,0.000000643,0.000000643,0.000000643,0.000000643,0.000000643,0.000000643,0.000000643,0.000000643,0.000000643,0.000000643,0.000000643,0.000000643,0.000000643,0.000000643,0.000000643,0.000000643,0.000000643,0.000000643,0.000000643,0.000000643,0.000000643,0.000000643,0.000000643,0.000000643,0.000000643,0.000000643,0.000000643,0.000000643,0.000000643,0.000000643,0.000000643,0.000000643,0.000000643,0.000000643,0.000000643,0.000000643,0.000000643,0.000000643,0.000000643,0.000000643,0.000000643,0.000000643,0.000000643,0.000000643,0.000000643,0.000000643,0.000000643,0.000000643,0.000000643,0.000000643,0.000000643
0,0,79,0.000012608,0.000012608,0.000012608,0.000012608,0.000012608,0.000012608,0.000012608,0.000012608,0.000012608,0.000012608,0.000012608,0.000012608,0.000012608,0.000012608,0.000012608,0.000012608,0.000012608,0.000012608,0.000012608,0.000012608,0.000012608,0.000012608,0.000012608,0.000012608,0.000012608,0.000012608,0.000012608,0.000012105,0.000011534,0.000010921,0.000010294,0.000009680,0.000009098,0.000008562,0.000008085,0.000007673,0.000007334,0.000007071,0.000006886,0.000006769,0.000006706,0.000006688,0.000006703,0.000006740,0.000006789,0.000006839,0.000006879,0.000006897,0.000006884,0.000006837,0.000006757,0.000006646,0.000006509,0.000006351,0.000006177,0.000005993,0.000005803,0.000005612,0.000005426,0.000005250,0.000005087,0.000004939,0.000004807,0.000004695,0.000004601,0.000004528,0.000004477,0.000004448,0.000004439,0.000004448,0.000004472,0.000004508,0.000004496,0.000004483,0.000004464,0.000004433,0.000004387,0.000004320,0.000004232,0.000004123,0.000003997,0.000003856,0.000003706,0.000003555,0.000003409,0.000003276,0.000003161,0.000003066,0.000002990,0.000002931,0.000002885,0.000002848,0.000002816,0.000002783,0.000002746,0.000002698,0.000002635,0.000002554,0.000002459,0.000002358,0.000002257,0.000002163,0.000002081,0.000002011,0.000001952,0.000001904,0.000001865,0.000001836,0.000001818,0.000001811,0.000001818,0.000001839,0.000001875,0.000001916,0.000001954,0.000001977,0.000001975,0.000001942,0.000001884,0.000001816,0.000001748,0.000001690,0.000001651,0.000001626,0.000001613,0.000001500,0.000001382,0.000001264,0.000001147,0.000001035,0.000000943,0.000000858,0.000000780,0.000000710,0.000000645,0.000000587,0.000000534,0.000000534,0.000000534,0.000000534,0.000000534,0.000000534,0.000000534,0.000000534,0.000000534,0.000000534,0.000000534,0.000000534,0.000000534,0.000000534,0.000000534,0.000000534,0.000000534,0.000000534,0.000000534,0.000000534,0.000000534,0.000000534,0.000000534,0.000000534,0.000000534,0.000000534,0.000000534,0.000000534,0.000000534,0.000000534,0.000000534,0.000000534,0.000000534,0.000000534,0.000000534,0.000000534,0.000000534,0.000000534,0.000000534,0.000000534,0.000000534,0.000000534,0.000000534,0.000000534,0.000000534,0.000000534,0.000000534,0.000000534,0.000000534,0.000000534,0.000000534,0.000000534,0.000000534,0.000000534,0.000000534,0.000000534,0.000000534,0.000000534,0.000000534,0.000000534,0.000000534,0.000000534,0.000000534,0.000000534,0.000000534,0.000000534,0.000000534,0.000000534,0.000000534,0.000000534,0.000000534,0.000000534,0.000000534,0.000000534,0.000000534,0.000000534,0.000000534,0.000000534,0.000000534,0.000000534,0.000000534,0.000000534,0.000000534,0.000000534,0.000000534,0.000000534,0.000000534,0.000000534,0.000000534,0.000000534,0.000000534,0.000000534,0.000000534,0.000000534,0.000000534,0.000000534,0.000000534,0.000000534,0.000000534,0.000000534,0.000000534
0,0,80,0.000010376,0.000010376,0.000010376,0.000010376,0.000010376,0.000010376,0.000010376,0.000010376,0.000010376,0.000010376,0.000010376,0.000010376,0.000010376,0.000010376,0.000010376,0.000010376,0.000010376,0.000010376,0.000010376,0.000010376,0.000010376,0.000010376,0.000010376,0.000010376,0.000010376,0.000010376,0.000010376,0.000009883,0.000009353,0.000008810,0.000008276,0.000007768,0.000007299,0.000006879,0.000006515,0.000006212,0.000005975,0.000005805,0.000005692,0.000005628,0.000005603,0.000005608,0.000005636,0.000005676,0.000005721,0.000005760,0.000005784,0.000005786,0.000005761,0.000005710,0.000005633,0.000005532,0.000005411,0.000005275,0.000005127,0.000004971,0.000004813,0.000004655,0.000004501,0.000004356,0.000004220,0.000004098,0.000003989,0.000003896,0.000003818,0.000003758,0.000003715,0.000003691,0.000003684,0.000003691,0.000003711,0.000003741,0.000003731,0.000003721,0.000003705,0.000003679,0.000003640,0.000003585,0.000003512,0.000003422,0.000003317,0.000003200,0.000003076,0.000002950,0.000002829,0.000002719,0.000002623,0.000002544,0.000002481,0.000002432,0.000002394,0.000002363,0.000002337,0.000002310,0.000002279,0.000002239,0.000002186,0.000002119,0.000002041,0.000001957,0.000001873,0.000001795,0.000001727,0.000001669,0.000001620,0.000001580,0.000001548,0.000001524,0.000001508,0.000001503,0.000001509,0.000001527,0.000001556,0.000001590,0.000001622,0.000001641,0.000001639,0.000001611,0.000001564,0.000001507,0.000001450,0.000001403,0.000001370,0.000001350,0.000001339,0.000001244,0.000001147,0.000001049,0.000000952,0.000000859,0.000000783,0.000000712,0.000000648,0.000000589,0.000000536,0.000000487,0.000000443,0.000000443,0.000000443,0.000000443,0.000000443,0.000000443,0.000000443,0.000000443,0.000000443,0.000000443,0.000000443,0.000000443,0.000000443,0.000000443,0.000000443,0.000000443,0.000000443,0.000000443,0.000000443,0.000000443,0.000000443,0.000000443,0.000000443,0.000000443,0.000000443,0.000000443,0.000000443,0.000000443,0.000000443,0.000000443,0.000000443,0.000000443,0.000000443,0.000000443,0.000000443,0.000000443,0.000000443,0.000000443,0.000000443,0.000000443,0.000000443,0.000000443,0.000000443,0.000000443,0.000000443,0.000000443,0.000000443,0.000000443,0.000000443,0.000000443,0.000000443,0.000000443,0.000000443,0.000000443,0.000000443,0.000000443,0.000000443,0.000000443,0.000000443,0.000000443,0.000000443,0.000000443,0.000000443,0.000000443,0.000000443,0.000000443,0.000000443,0.000000443,0.000000443,0.000000443,0.000000443,0.000000443,0.000000443,0.000000443,0.000000443,0.000000443,0.000000443,0.000000443,0.000000443,0.000000443,0.000000443,0.000000443,0.000000443,0.000000443,0.000000443,0.000000443,0.000000443,0.000000443,0.000000443,0.000000443,0.000000443,0.000000443,0.000000443,0.000000443,0.000000443,0.000000443,0.000000443,0.000000443,0.000000443,0.000000443,0.000000443
0,0,81,0.000008471,0.000008471,0.000008471,0.000008471,0.000008471,0.000008471,0.000008471,0.000008471,0.000008471,0.000008471,0.000008471,0.000008471,0.000008471,0.000008471,0.000008471,0.000008471,0.000008471,0.000008471,0.000008471,0.000008471,0.000008471,0.000008471,0.000008471,0.000008471,0.000008471,0.000008471,0.000008471,0.000008015,0.000007546,0.000007083,0.000006641,0.000006232,0.000005864,0.000005543,0.000005275,0.000005062,0.000004905,0.000004798,0.000004733,0.000004702,0.000004698,0.000004716,0.000004746,0.000004783,0.000004818,0.000004844,0.000004853,0.000004842,0.000004812,0.000004760,0.000004689,0.000004599,0.000004494,0.000004378,0.000004253,0.000004123,0.000003992,0.000003862,0.000003734,0.000003614,0.000003502,0.000003400,0.000003310,0.000003233,0.000003169,0.000003119,0.000003083,0.000003063,0.000003057,0.000003063,0.000003080,0.000003105,0.000003097,0.000003088,0.000003074,0.000003053,0.000003021,0.000002975,0.000002914,0.000002840,0.000002753,0.000002656,0.000002552,0.000002448,0.000002348,0.000002256,0.000002177,0.000002111,0.000002059,0.000002018,0.000001987,0.000001961,0.000001939,0.000001917,0.000001891,0.000001858,0.000001814,0.000001759,0.000001694,0.000001624,0.000001554,0.000001489,0.000001433,0.000001385,0.000001344,0.000001311,0.000001285,0.000001265,0.000001252,0.000001247,0.000001252,0.000001267,0.000001291,0.000001320,0.000001346,0.000001362,0.000001360,0.000001337,0.000001298,0.000001251,0.000001204,0.000001164,0.000001137,0.000001120,0.000001111,0.000001033,0.000000952,0.000000870,0.000000790,0.000000713,0.000000650,0.000000591,0.000000537,0.000000489,0.000000444,0.000000404,0.000000368,0.000000368,0.000000368,0.000000368,0.000000368,0.000000368,0.000000368,0.000000368,0.000000368,0.000000368,0.000000368,0.000000368,0.000000368,0.000000368,0.000000368,0.000000368,0.000000368,0.000000368,0.000000368,0.000000368,0.000000368,0.000000368,0.000000368,0.000000368,0.000000368,0.000000368,0.000000368,0.000000368,0.000000368,0.000000368,0.000000368,0.000000368,0.000000368,0.000000368,0.000000368,0.000000368,0.000000368,0.000000368,0.000000368,0.000000368,0.000000368,0.000000368,0.000000368,0.000000368,0.000000368,0.000000368,0.000000368,0.000000368,0.000000368,0.000000368,0.000000368,0.000000368,0.000000368,0.000000368,0.000000368,0.000000368,0.000000368,0.000000368,0.000000368,0.000000368,0.000000368,0.000000368,0.000000368,0.000000368,0.000000368,0.000000368,0.000000368,0.000000368,0.000000368,0.000000368,0.000000368,0.000000368,0.000000368,0.000000368,0.000000368,0.000000368,0.000000368,0.000000368,0.000000368,0.000000368,0.000000368,0.000000368,0.000000368,0.000000368,0.000000368,0.000000368,0.000000368,0.000000368,0.000000368,0.000000368,0.000000368,0.000000368,0.000000368,0.000000368,0.000000368,0.000000368,0.000000368,0.000000368,0.000000368,0.000000368,0.000000368
0,0,82,0.000006870,0.000006870,0.000006870,0.000006870,0.000006870,0.000006870,0.000006870,0.000006870,0.000006870,0.000006870,0.000006870,0.000006870,0.000006870,0.000006870,0.000006870,0.000006870,0.000006870,0.000006870,0.000006870,0.000006870,0.000006870,0.000006870,0.000006870,0.000006870,0.000006870,0.000006870,0.000006870,0.000006466,0.000006066,0.000005684,0.000005328,0.000005006,0.000004725,0.000004488,0.000004297,0.000004155,0.000004055,0.000003990,0.000003954,0.000003943,0.000003951,0.000003971,0.000004000,0.000004028,0.000004052,0.000004063,0.000004061,0.000004044,0.000004012,0.000003963,0.000003898,0.000003820,0.000003730,0.000003632,0.000003528,0.000003420,0.000003312,0.000003204,0.000003098,0.000002999,0.000002906,0.000002822,0.000002747,0.000002683,0.000002630,0.000002588,0.000002559,0.000002542,0.000002537,0.000002542,0.000002556,0.000002577,0.000002570,0.000002562,0.000002551,0.000002534,0.000002507,0.000002469,0.000002419,0.000002357,0.000002284,0.000002204,0.000002118,0.000002032,0.000001948,0.000001873,0.000001807,0.000001752,0.000001709,0.000001675,0.000001649,0.000001628,0.000001609,0.000001591,0.000001569,0.000001542,0.000001506,0.000001459,0.000001406,0.000001348,0.000001290,0.000001236,0.000001189,0.000001149,0.000001116,0.000001088,0.000001066,0.000001049,0.000001039,0.000001035,0.000001039,0.000001051,0.000001071,0.000001095,0.000001117,0.000001130,0.000001129,0.000001110,0.000001077,0.000001038,0.000000999,0.000000966,0.000000943,0.000000929,0.000000922,0.000000857,0.000000790,0.000000722,0.000000655,0.000000592,0.000000539,0.000000490,0.000000446,0.000000406,0.000000369,0.000000335,0.000000305,0.000000305,0.000000305,0.000000305,0.000000305,0.000000305,0.000000305,0.000000305,0.000000305,0.000000305,0.000000305,0.000000305,0.000000305,0.000000305,0.000000305,0.000000305,0.000000305,0.000000305,0.000000305,0.000000305,0.000000305,0.000000305,0.000000305,0.000000305,0.000000305,0.000000305,0.000000305,0.000000305,0.000000305,0.000000305,0.000000305,0.000000305,0.000000305,0.000000305,0.000000305,0.000000305,0.000000305,0.000000305,0.000000305,0.000000305,0.000000305,0.000000305,0.000000305,0.000000305,0.000000305,0.000000305,0.000000305,0.000000305,0.000000305,0.000000305,0.000000305,0.000000305,0.000000305,0.000000305,0.000000305,0.000000305,0.000000305,0.000000305,0.000000305,0.000000305,0.000000305,0.000000305,0.000000305,0.000000305,0.000000305,0.000000305,0.000000305,0.000000305,0.000000305,0.000000305,0.000000305,0.000000305,0.000000305,0.000000305,0.000000305,0.000000305,0.000000305,0.000000305,0.000000305,0.000000305,0.000000305,0.000000305,0.000000305,0.000000305,0.000000305,0.000000305,0.000000305,0.000000305,0.000000305,0.000000305,0.000000305,0.000000305,0.000000305,0.000000305,0.000000305,0.000000305,0.000000305,0.000000305,0.000000305,0.000000305,0.000000305
0,0,83,0.000005542,0.000005542,0.000005542,0.000005542,0.000005542,0.000005542,0.000005542,0.000005542,0.000005542,0.000005542,0.000005542,0.000005542,0.000005542,0.000005542,0.000005542,0.000005542,0.000005542,0.000005542,0.000005542,0.000005542,0.000005542,0.000005542,0.000005542,0.000005542,0.000005542,0.000005542,0.000005542,0.000005198,0.000004868,0.000004560,0.000004280,0.000004034,0.000003825,0.000003656,0.000003528,0.000003435,0.000003371,0.000003333,0.000003316,0.000003315,0.000003327,0.000003347,0.000003369,0.000003388,0.000003399,0.000003401,0.000003392,0.000003372,0.000003339,0.000003294,0.000003238,0.000003170,0.000003094,0.000003012,0.000002926,0.000002837,0.000002748,0.000002658,0.000002571,0.000002488,0.000002411,0.000002341,0.000002280,0.000002226,0.000002182,0.000002148,0.000002123,0.000002110,0.000002105,0.000002110,0.000002121,0.000002138,0.000002132,0.000002126,0.000002117,0.000002103,0.000002081,0.000002049,0.000002007,0.000001956,0.000001896,0.000001829,0.000001758,0.000001686,0.000001617,0.000001554,0.000001499,0.000001454,0.000001418,0.000001390,0.000001368,0.000001351,0.000001335,0.000001320,0.000001302,0.000001280,0.000001250,0.000001211,0.000001166,0.000001118,0.000001071,0.000001026,0.000000987,0.000000954,0.000000926,0.000000903,0.000000885,0.000000871,0.000000862,0.000000859,0.000000862,0.000000872,0.000000889,0.000000909,0.000000927,0.000000938,0.000000937,0.000000921,0.000000894,0.000000861,0.000000829,0.000000802,0.000000783,0.000000771,0.000000765,0.000000711,0.000000656,0.000000599,0.000000544,0.000000491,0.000000447,0.000000407,0.000000370,0.000000337,0.000000306,0.000000278,0.000000253,0.000000253,0.000000253,0.000000253,0.000000253,0.000000253,0.000000253,0.000000253,0.000000253,0.000000253,0.000000253,0.000000253,0.000000253,0.000000253,0.000000253,0.000000253,0.000000253,0.000000253,0.000000253,0.000000253,0.000000253,0.000000253,0.000000253,0.000000253,0.000000253,0.000000253,0.000000253,0.000000253,0.000000253,0.000000253,0.000000253,0.000000253,0.000000253,0.000000253,0.000000253,0.000000253,0.000000253,0.000000253,0.000000253,0.000000253,0.000000253,0.000000253,0.000000253,0.000000253,0.000000253,0.000000253,0.000000253,0.000000253,0.000000253,0.000000253,0.000000253,0.000000253,0.000000253,0.000000253,0.000000253,0.000000253,0.000000253,0.000000253,0.000000253,0.000000253,0.000000253,0.000000253,0.000000253,0.000000253,0.000000253,0.000000253,0.000000253,0.000000253,0.000000253,0.000000253,0.000000253,0.000000253,0.000000253,0.000000253,0.000000253,0.000000253,0.000000253,0.000000253,0.000000253,0.000000253,0.000000253,0.000000253,0.000000253,0.000000253,0.000000253,0.000000253,0.000000253,0.000000253,0.000000253,0.000000253,0.000000253,0.000000253,0.000000253,0.000000253,0.000000253,0.000000253,0.000000253,0.000000253,0.000000253,0.000000253,0.000000253
0,0,84,0.000004456,0.000004456,0.000004456,0.000004456,0.000004456,0.000004456,0.000004456,0.000004456,0.000004456,0.000004456,0.000004456,0.000004456,0.000004456,0.000004456,0.000004456,0.000004456,0.000004456,0.000004456,0.000004456,0.000004456,0.000004456,0.000004456,0.000004456,0.000004456,0.000004456,0.000004456,0.000004456,0.000004171,0.000003905,0.000003663,0.000003449,0.000003266,0.000003117,0.000003002,0.000002916,0.000002856,0.000002817,0.000002795,0.000002788,0.000002792,0.000002804,0.000002819,0.000002833,0.000002842,0.000002845,0.000002840,0.000002828,0.000002807,0.000002776,0.000002736,0.000002687,0.000002630,0.000002567,0.000002499,0.000002427,0.000002354,0.000002280,0.000002206,0.000002133,0.000002065,0.000002001,0.000001943,0.000001892,0.000001848,0.000001811,0.000001782,0.000001762,0.000001751,0.000001747,0.000001751,0.000001760,0.000001774,0.000001770,0.000001765,0.000001757,0.000001745,0.000001727,0.000001700,0.000001666,0.000001623,0.000001573,0.000001518,0.000001459,0.000001399,0.000001342,0.000001290,0.000001244,0.000001207,0.000001177,0.000001154,0.000001135,0.000001121,0.000001108,0.000001096,0.000001081,0.000001062,0.000001037,0.000001005,0.000000968,0.000000928,0.000000888,0.000000851,0.000000819,0.000000791,0.000000768,0.000000749,0.000000734,0.000000723,0.000000715,0.000000713,0.000000716,0.000000724,0.000000738,0.000000754,0.000000769,0.000000778,0.000000778,0.000000764,0.000000742,0.000000715,0.000000688,0.000000665,0.000000650,0.000000640,0.000000635,0.000000590,0.000000544,0.000000497,0.000000451,0.000000408,0.000000371,0.000000338,0.000000307,0.000000279,0.000000254,0.000000231,0.000000210,0.000000210,0.000000210,0.000000210,0.000000210,0.000000210,0.000000210,0.000000210,0.000000210,0.000000210,0.000000210,0.000000210,0.000000210,0.000000210,0.000000210,0.000000210,0.000000210,0.000000210,0.000000210,0.000000210,0.000000210,0.000000210,0.000000210,0.000000210,0.000000210,0.000000210,0.000000210,0.000000210,0.000000210,0.000000210,0.000000210,0.000000210,0.000000210,0.000000210,0.000000210,0.000000210,0.000000210,0.000000210,0.000000210,0.000000210,0.000000210,0.000000210,0.000000210,0.000000210,0.000000210,0.000000210,0.000000210,0.000000210,0.000000210,0.000000210,0.000000210,0.000000210,0.000000210,0.000000210,0.000000210,0.000000210,0.000000210,0.000000210,0.000000210,0.000000210,0.000000210,0.000000210,0.000000210,0.000000210,0.000000210,0.000000210,0.000000210,0.000000210,0.000000210,0.000000210,0.000000210,0.000000210,0.000000210,0.000000210,0.000000210,0.000000210,0.000000210,0.000000210,0.000000210,0.000000210,0.000000210,0.000000210,0.000000210,0.000000210,0.000000210,0.000000210,0.000000210,0.000000210,0.000000210,0.000000210,0.000000210,0.000000210,0.000000210,0.000000210,0.000000210,0.000000210,0.000000210,0.000000210,0.000000210,0.000000210,0.000000210
0,0,85,0.000003575,0.000003575,0.000003575,0.000003575,0.000003575,0.000003575,0.000003575,0.000003575,0.000003575,0.000003575,0.000003575,0.000003575,0.000003575,0.000003575,0.000003575,0.000003575,0.000003575,0.000003575,0.000003575,0.000003575,0.000003575,0.000003575,0.000003575,0.000003575,0.000003575,0.000003575,0.000003575,0.000003346,0.000003137,0.000002952,0.000002792,0.000002661,0.000002559,0.000002481,0.000002425,0.000002386,0.000002362,0.000002350,0.000002348,0.000002353,0.000002361,0.000002370,0.000002376,0.000002378,0.000002376,0.000002368,0.000002354,0.000002333,0.000002306,0.000002271,0.000002229,0.000002181,0.000002129,0.000002073,0.000002014,0.000001953,0.000001892,0.000001830,0.000001770,0.000001713,0.000001661,0.000001612,0.000001570,0.000001533,0.000001503,0.000001479,0.000001462,0.000001453,0.000001450,0.000001453,0.000001461,0.000001473,0.000001469,0.000001464,0.000001458,0.000001448,0.000001433,0.000001411,0.000001382,0.000001347,0.000001306,0.000001260,0.000001211,0.000001161,0.000001114,0.000001070,0.000001032,0.000001001,0.000000977,0.000000957,0.000000942,0.000000930,0.000000920,0.000000909,0.000000897,0.000000881,0.000000861,0.000000834,0.000000803,0.000000770,0.000000737,0.000000706,0.000000680,0.000000657,0.000000638,0.000000622,0.000000609,0.000000600,0.000000594,0.000000592,0.000000594,0.000000601,0.000000612,0.000000626,0.000000638,0.000000646,0.000000645,0.000000634,0.000000616,0.000000593,0.000000571,0.000000552,0.000000539,0.000000531,0.000000527,0.000000490,0.000000452,0.000000413,0.000000375,0.000000338,0.000000308,0.000000280,0.000000255,0.000000232,0.000000211,0.000000192,0.000000174,0.000000174,0.000000174,0.000000174,0.000000174,0.000000174,0.000000174,0.000000174,0.000000174,0.000000174,0.000000174,0.000000174,0.000000174,0.000000174,0.000000174,0.000000174,0.000000174,0.000000174,0.000000174,0.000000174,0.000000174,0.000000174,0.000000174,0.000000174,0.000000174,0.000000174,0.000000174,0.000000174,0.000000174,0.000000174,0.000000174,0.000000174,0.000000174,0.000000174,0.000000174,0.000000174,0.000000174,0.000000174,0.000000174,0.000000174,0.000000174,0.000000174,0.000000174,0.000000174,0.000000174,0.000000174,0.000000174,0.000000174,0.000000174,0.000000174,0.000000174,0.000000174,0.000000174,0.000000174,0.000000174,0.000000174,0.000000174,0.000000174,0.000000174,0.000000174,0.000000174,0.000000174,0.000000174,0.000000174,0.000000174,0.000000174,0.000000174,0.000000174,0.000000174,0.000000174,0.000000174,0.000000174,0.000000174,0.000000174,0.000000174,0.000000174,0.000000174,0.000000174,0.000000174,0.000000174,0.000000174,0.000000174,0.000000174,0.000000174,0.000000174,0.000000174,0.000000174,0.000000174,0.000000174,0.000000174,0.000000174,0.000000174,0.000000174,0.000000174,0.000000174,0.000000174,0.000000174,0.000000174,0.000000174,0.000000174,0.000000174
0,0,86,0.000002868,0.000002868,0.000002868,0.000002868,0.000002868,0.000002868,0.000002868,0.000002868,0.000002868,0.000002868,0.000002868,0.000002868,0.000002868,0.000002868,0.000002868,0.000002868,0.000002868,0.000002868,0.000002868,0.000002868,0.000002868,0.000002868,0.000002868,0.000002868,0.000002868,0.000002868,0.000002868,0.000002688,0.000002528,0.000002390,0.000002275,0.000002185,0.000002115,0.000002063,0.000002026,0.000002001,0.000001986,0.000001979,0.000001979,0.000001982,0.000001986,0.000001988,0.000001989,0.000001986,0.000001981,0.000001971,0.000001957,0.000001938,0.000001914,0.000001884,0.000001849,0.000001809,0.000001766,0.000001720,0.000001671,0.000001621,0.000001570,0.000001519,0.000001469,0.000001422,0.000001378,0.000001338,0.000001303,0.000001272,0.000001247,0.000001227,0.000001214,0.000001206,0.000001203,0.000001206,0.000001212,0.000001222,0.000001219,0.000001215,0.000001210,0.000001202,0.000001189,0.000001171,0.000001147,0.000001118,0.000001083,0.000001045,0.000001005,0.000000964,0.000000924,0.000000888,0.000000857,0.000000831,0.000000811,0.000000794,0.000000782,0.000000772,0.000000763,0.000000754,0.000000744,0.000000731,0.000000714,0.000000692,0.000000667,0.000000639,0.000000612,0.000000586,0.000000564,0.000000545,0.000000529,0.000000516,0.000000506,0.000000498,0.000000493,0.000000491,0.000000493,0.000000499,0.000000508,0.000000519,0.000000530,0.000000536,0.000000535,0.000000526,0.000000511,0.000000492,0.000000474,0.000000458,0.000000447,0.000000441,0.000000437,0.000000406,0.000000375,0.000000343,0.000000311,0.000000281,0.000000256,0.000000233,0.000000212,0.000000192,0.000000175,0.000000159,0.000000145,0.000000145,0.000000145,0.000000145,0.000000145,0.000000145,0.000000145,0.000000145,0.000000145,0.000000145,0.000000145,0.000000145,0.000000145,0.000000145,0.000000145,0.000000145,0.000000145,0.000000145,0.000000145,0.000000145,0.000000145,0.000000145,0.000000145,0.000000145,0.000000145,0.000000145,0.000000145,0.000000145,0.000000145,0.000000145,0.000000145,0.000000145,0.000000145,0.000000145,0.000000145,0.000000145,0.000000145,0.000000145,0.000000145,0.000000145,0.000000145,0.000000145,0.000000145,0.000000145,0.000000145,0.000000145,0.000000145,0.000000145,0.000000145,0.000000145,0.000000145,0.000000145,0.000000145,0.000000145,0.000000145,0.000000145,0.000000145,0.000000145,0.000000145,0.000000145,0.000000145,0.000000145,0.000000145,0.000000145,0.000000145,0.000000145,0.000000145,0.000000145,0.000000145,0.000000145,0.000000145,0.000000145,0.000000145,0.000000145,0.000000145,0.000000145,0.000000145,0.000000145,0.000000145,0.000000145,0.000000145,0.000000145,0.000000145,0.000000145,0.000000145,0.000000145,0.000000145,0.000000145,0.000000145,0.000000145,0.000000145,0.000000145,0.000000145,0.000000145,0.000000145,0.000000145,0.000000145,0.000000145,0.000000145,0.000000145,0.000000145
0,0,87,0.000002304,0.000002304,0.000002304,0.000002304,0.000002304,0.000002304,0.000002304,0.000002304,0.000002304,0.000002304,0.000002304,0.000002304,0.000002304,0.000002304,0.000002304,0.000002304,0.000002304,0.000002304,0.000002304,0.000002304,0.000002304,0.000002304,0.000002304,0.000002304,0.000002304,0.000002304,0.000002304,0.000002166,0.000002047,0.000001947,0.000001868,0.000001806,0.000001759,0.000001723,0.000001699,0.000001682,0.000001672,0.000001668,0.000001666,0.000001666,0.000001666,0.000001664,0.000001661,0.000001656,0.000001649,0.000001639,0.000001625,0.000001608,0.000001588,0.000001563,0.000001534,0.000001501,0.000001465,0.000001427,0.000001386,0.000001345,0.000001302,0.000001260,0.000001219,0.000001180,0.000001144,0.000001110,0.000001081,0.000001056,0.000001035,0.000001019,0.000001007,0.000001001,0.000000999,0.000001001,0.000001006,0.000001014,0.000001011,0.000001009,0.000001004,0.000000997,0.000000987,0.000000972,0.000000952,0.000000928,0.000000899,0.000000867,0.000000834,0.000000800,0.000000767,0.000000737,0.000000711,0.000000690,0.000000673,0.000000659,0.000000649,0.000000641,0.000000633,0.000000626,0.000000618,0.000000607,0.000000593,0.000000574,0.000000553,0.000000530,0.000000508,0.000000487,0.000000468,0.000000452,0.000000439,0.000000428,0.000000420,0.000000413,0.000000409,0.000000407,0.000000409,0.000000414,0.000000422,0.000000431,0.000000440,0.000000445,0.000000444,0.000000437,0.000000424,0.000000409,0.000000393,0.000000380,0.000000371,0.000000366,0.000000363,0.000000337,0.000000311,0.000000284,0.000000258,0.000000233,0.000000212,0.000000193,0.000000176,0.000000160,0.000000145,0.000000132,0.000000120,0.000000120,0.000000120,0.000000120,0.000000120,0.000000120,0.000000120,0.000000120,0.000000120,0.000000120,0.000000120,0.000000120,0.000000120,0.000000120,0.000000120,0.000000120,0.000000120,0.000000120,0.000000120,0.000000120,0.000000120,0.000000120,0.000000120,0.000000120,0.000000120,0.000000120,0.000000120,0.000000120,0.000000120,0.000000120,0.000000120,0.000000120,0.000000120,0.000000120,0.000000120,0.000000120,0.000000120,0.000000120,0.000000120,0.000000120,0.000000120,0.000000120,0.000000120,0.000000120,0.000000120,0.000000120,0.000000120,0.000000120,0.000000120,0.000000120,0.000000120,0.000000120,0.000000120,0.000000120,0.000000120,0.000000120,0.000000120,0.000000120,0.000000120,0.000000120,0.000000120,0.000000120,0.000000120,0.000000120,0.000000120,0.000000120,0.000000120,0.000000120,0.000000120,0.000000120,0.000000120,0.000000120,0.000000120,0.000000120,0.000000120,0.000000120,0.000000120,0.000000120,0.000000120,0.000000120,0.000000120,0.000000120,0.000000120,0.000000120,0.000000120,0.000000120,0.000000120,0.000000120,0.000000120,0.000000120,0.000000120,0.000000120,0.000000120,0.000000120,0.000000120,0.000000120,0.000000120,0.000000120,0.000000120,0.000000120,0.000000120
0,0,88,0.000001857,0.000001857,0.000001857,0.000001857,0.000001857,0.000001857,0.000001857,0.000001857,0.000001857,0.000001857,0.000001857,0.000001857,0.000001857,0.000001857,0.000001857,0.000001857,0.000001857,0.000001857,0.000001857,0.000001857,0.000001857,0.000001857,0.000001857,0.000001857,0.000001857,0.000001857,0.000001857,0.000001754,0.000001668,0.000001598,0.000001544,0.000001501,0.000001469,0.000001445,0.000001428,0.000001417,0.000001409,0.000001405,0.000001401,0.000001398,0.000001394,0.000001390,0.000001385,0.000001379,0.000001371,0.000001361,0.000001349,0.000001334,0.000001317,0.000001296,0.000001272,0.000001245,0.000001216,0.000001184,0.000001150,0.000001116,0.000001081,0.000001046,0.000001012,0.000000979,0.000000949,0.000000922,0.000000897,0.000000876,0.000000859,0.000000845,0.000000836,0.000000830,0.000000829,0.000000830,0.000000835,0.000000842,0.000000839,0.000000837,0.000000833,0.000000828,0.000000819,0.000000806,0.000000790,0.000000770,0.000000746,0.000000720,0.000000692,0.000000664,0.000000636,0.000000612,0.000000590,0.000000572,0.000000558,0.000000547,0.000000539,0.000000532,0.000000526,0.000000520,0.000000513,0.000000504,0.000000492,0.000000477,0.000000459,0.000000440,0.000000421,0.000000404,0.000000388,0.000000375,0.000000364,0.000000355,0.000000348,0.000000343,0.000000339,0.000000338,0.000000339,0.000000343,0.000000350,0.000000358,0.000000365,0.000000369,0.000000369,0.000000362,0.000000352,0.000000339,0.000000326,0.000000316,0.000000308,0.000000304,0.000000301,0.000000280,0.000000258,0.000000236,0.000000214,0.000000193,0.000000176,0.000000160,0.000000146,0.000000132,0.000000120,0.000000110,0.000000100,0.000000100,0.000000100,0.000000100,0.000000100,0.000000100,0.000000100,0.000000100,0.000000100,0.000000100,0.000000100,0.000000100,0.000000100,0.000000100,0.000000100,0.000000100,0.000000100,0.000000100,0.000000100,0.000000100,0.000000100,0.000000100,0.000000100,0.000000100,0.000000100,0.000000100,0.000000100,0.000000100,0.000000100,0.000000100,0.000000100,0.000000100,0.000000100,0.000000100,0.000000100,0.000000100,0.000000100,0.000000100,0.000000100,0.000000100,0.000000100,0.000000100,0.000000100,0.000000100,0.000000100,0.000000100,0.000000100,0.000000100,0.000000100,0.000000100,0.000000100,0.000000100,0.000000100,0.000000100,0.000000100,0.000000100,0.000000100,0.000000100,0.000000100,0.000000100,0.000000100,0.000000100,0.000000100,0.000000100,0.000000100,0.000000100,0.000000100,0.000000100,0.000000100,0.000000100,0.000000100,0.000000100,0.000000100,0.000000100,0.000000100,0.000000100,0.000000100,0.000000100,0.000000100,0.000000100,0.000000100,0.000000100,0.000000100,0.000000100,0.000000100,0.000000100,0.000000100,0.000000100,0.000000100,0.000000100,0.000000100,0.000000100,0.000000100,0.000000100,0.000000100,0.000000100,0.000000100,0.000000100,0.000000100,0.000000100,0.000000100
0,0,89,0.000001503,0.000001503,0.000001503,0.000001503,0.000001503,0.000001503,0.000001503,0.000001503,0.000001503,0.000001503,0.000001503,0.000001503,0.000001503,0.000001503,0.000001503,0.000001503,0.000001503,0.000001503,0.000001503,0.000001503,0.000001503,0.000001503,0.000001503,0.000001503,0.000001503,0.000001503,0.000001503,0.000001429,0.000001369,0.000001321,0.000001284,0.000001254,0.000001232,0.000001215,0.000001203,0.000001194,0.000001187,0.000001181,0.000001176,0.000001170,0.000001164,0.000001159,0.000001153,0.000001146,0.000001138,0.000001130,0.000001119,0.000001107,0.000001092,0.000001075,0.000001056,0.000001033,0.000001009,0.000000982,0.000000955,0.000000926,0.000000897,0.000000868,0.000000840,0.000000813,0.000000788,0.000000765,0.000000745,0.000000727,0.000000713,0.000000701,0.000000694,0.000000689,0.000000688,0.000000689,0.000000693,0.000000698,0.000000697,0.000000695,0.000000692,0.000000687,0.000000680,0.000000669,0.000000656,0.000000639,0.000000619,0.000000597,0.000000574,0.000000551,0.000000528,0.000000508,0.000000490,0.000000475,0.000000463,0.000000454,0.000000447,0.000000441,0.000000436,0.000000431,0.000000425,0.000000418,0.000000408,0.000000396,0.000000381,0.000000365,0.000000350,0.000000335,0.000000322,0.000000311,0.000000302,0.000000295,0.000000289,0.000000284,0.000000282,0.000000281,0.000000282,0.000000285,0.000000290,0.000000297,0.000000303,0.000000306,0.000000306,0.000000301,0.000000292,0.000000281,0.000000271,0.000000262,0.000000256,0.000000252,0.000000250,0.000000232,0.000000214,0.000000196,0.000000178,0.000000160,0.000000146,0.000000133,0.000000121,0.000000110,0.000000100,0.000000091,0.000000083,0.000000083,0.000000083,0.000000083,0.000000083,0.000000083,0.000000083,0.000000083,0.000000083,0.000000083,0.000000083,0.000000083,0.000000083,0.000000083,0.000000083,0.000000083,0.000000083,0.000000083,0.000000083,0.000000083,0.000000083,0.000000083,0.000000083,0.000000083,0.000000083,0.000000083,0.000000083,0.000000083,0.000000083,0.000000083,0.000000083,0.000000083,0.000000083,0.000000083,0.000000083,0.000000083,0.000000083,0.000000083,0.000000083,0.000000083,0.000000083,0.000000083,0.000000083,0.000000083,0.000000083,0.000000083,0.000000083,0.000000083,0.000000083,0.000000083,0.000000083,0.000000083,0.000000083,0.000000083,0.000000083,0.000000083,0.000000083,0.000000083,0.000000083,0.000000083,0.000000083,0.000000083,0.000000083,0.000000083,0.000000083,0.000000083,0.000000083,0.000000083,0.000000083,0.000000083,0.000000083,0.000000083,0.000000083,0.000000083,0.000000083,0.000000083,0.000000083,0.000000083,0.000000083,0.000000083,0.000000083,0.000000083,0.000000083,0.000000083,0.000000083,0.000000083,0.000000083,0.000000083,0.000000083,0.000000083,0.000000083,0.000000083,0.000000083,0.000000083,0.000000083,0.000000083,0.000000083,0.000000083,0.000000083,0.000000083,0.000000083
0,0,90,0.000001225,0.000001225,0.000001225,0.000001225,0.000001225,0.000001225,0.000001225,0.000001225,0.000001225,0.000001225,0.000001225,0.000001225,0.000001225,0.000001225,0.000001225,0.000001225,0.000001225,0.000001225,0.000001225,0.000001225,0.000001225,0.000001225,0.000001225,0.000001225,0.000001225,0.000001225,0.000001225,0.000001173,0.000001132,0.000001099,0.000001072,0.000001052,0.000001036,0.000001023,0.000001014,0.000001005,0.000000998,0.000000991,0.000000984,0.000000977,0.000000971,0.000000965,0.000000958,0.000000952,0.000000945,0.000000937,0.000000928,0.000000918,0.000000906,0.000000892,0.000000876,0.000000857,0.000000837,0.000000815,0.000000792,0.000000768,0.000000744,0.000000720,0.000000697,0.000000674,0.000000654,0.000000635,0.000000618,0.000000603,0.000000591,0.000000582,0.000000576,0.000000572,0.000000571,0.000000572,0.000000575,0.000000580,0.000000578,0.000000576,0.000000574,0.000000570,0.000000564,0.000000555,0.000000544,0.000000530,0.000000514,0.000000496,0.000000476,0.000000457,0.000000438,0.000000421,0.000000406,0.000000394,0.000000384,0.000000377,0.000000371,0.000000366,0.000000362,0.000000358,0.000000353,0.000000347,0.000000339,0.000000328,0.000000316,0.000000303,0.000000290,0.000000278,0.000000267,0.000000259,0.000000251,0.000000245,0.000000240,0.000000236,0.000000234,0.000000233,0.000000234,0.000000236,0.000000241,0.000000246,0.000000251,0.000000254,0.000000254,0.000000250,0.000000242,0.000000233,0.000000225,0.000000217,0.000000212,0.000000209,0.000000207,0.000000193,0.000000178,0.000000162,0.000000147,0.000000133,0.000000121,0.000000110,0.000000100,0.000000091,0.000000083,0.000000075,0.000000069,0.000000069,0.000000069,0.000000069,0.000000069,0.000000069,0.000000069,0.000000069,0.000000069,0.000000069,0.000000069,0.000000069,0.000000069,0.000000069,0.000000069,0.000000069,0.000000069,0.000000069,0.000000069,0.000000069,0.000000069,0.000000069,0.000000069,0.000000069,0.000000069,0.000000069,0.000000069,0.000000069,0.000000069,0.000000069,0.000000069,0.000000069,0.000000069,0.000000069,0.000000069,0.000000069,0.000000069,0.000000069,0.000000069,0.000000069,0.000000069,0.000000069,0.000000069,0.000000069,0.000000069,0.000000069,0.000000069,0.000000069,0.000000069,0.000000069,0.000000069,0.000000069,0.000000069,0.000000069,0.000000069,0.000000069,0.000000069,0.000000069,0.000000069,0.000000069,0.000000069,0.000000069,0.000000069,0.000000069,0.000000069,0.000000069,0.000000069,0.000000069,0.000000069,0.000000069,0.000000069,0.000000069,0.000000069,0.000000069,0.000000069,0.000000069,0.000000069,0.000000069,0.000000069,0.000000069,0.000000069,0.000000069,0.000000069,0.000000069,0.000000069,0.000000069,0.000000069,0.000000069,0.000000069,0.000000069,0.000000069,0.000000069,0.000000069,0.000000069,0.000000069,0.000000069,0.000000069,0.000000069,0.000000069,0.000000069,0.000000069
0,0,91,0.000001006,0.000001006,0.000001006,0.000001006,0.000001006,0.000001006,0.000001006,0.000001006,0.000001006,0.000001006,0.000001006,0.000001006,0.000001006,0.000001006,0.000001006,0.000001006,0.000001006,0.000001006,0.000001006,0.000001006,0.000001006,0.000001006,0.000001006,0.000001006,0.000001006,0.000001006,0.000001006,0.000000970,0.000000941,0.000000918,0.000000899,0.000000884,0.000000872,0.000000862,0.000000854,0.000000846,0.000000837,0.000000829,0.000000822,0.000000815,0.000000808,0.000000802,0.000000796,0.000000790,0.000000784,0.000000777,0.000000770,0.000000762,0.000000752,0.000000740,0.000000727,0.000000711,0.000000695,0.000000676,0.000000657,0.000000638,0.000000618,0.000000598,0.000000578,0.000000560,0.000000542,0.000000527,0.000000513,0.000000501,0.000000491,0.000000483,0.000000478,0.000000475,0.000000474,0.000000475,0.000000477,0.000000481,0.000000480,0.000000478,0.000000476,0.000000473,0.000000468,0.000000461,0.000000452,0.000000440,0.000000426,0.000000411,0.000000395,0.000000379,0.000000364,0.000000350,0.000000337,0.000000327,0.000000319,0.000000313,0.000000308,0.000000304,0.000000300,0.000000297,0.000000293,0.000000288,0.000000281,0.000000272,0.000000262,0.000000252,0.000000241,0.000000231,0.000000222,0.000000215,0.000000208,0.000000203,0.000000199,0.000000196,0.000000194,0.000000193,0.000000194,0.000000196,0.000000200,0.000000204,0.000000208,0.000000211,0.000000211,0.000000207,0.000000201,0.000000194,0.000000186,0.000000180,0.000000176,0.000000174,0.000000172,0.000000160,0.000000147,0.000000135,0.000000122,0.000000110,0.000000101,0.000000092,0.000000083,0.000000076,0.000000069,0.000000063,0.000000057,0.000000057,0.000000057,0.000000057,0.000000057,0.000000057,0.000000057,0.000000057,0.000000057,0.000000057,0.000000057,0.000000057,0.000000057,0.000000057,0.000000057,0.000000057,0.000000057,0.000000057,0.000000057,0.000000057,0.000000057,0.000000057,0.000000057,0.000000057,0.000000057,0.000000057,0.000000057,0.000000057,0.000000057,0.000000057,0.000000057,0.000000057,0.000000057,0.000000057,0.000000057,0.000000057,0.000000057,0.000000057,0.000000057,0.000000057,0.000000057,0.000000057,0.000000057,0.000000057,0.000000057,0.000000057,0.000000057,0.000000057,0.000000057,0.000000057,0.000000057,0.000000057,0.000000057,0.000000057,0.000000057,0.000000057,0.000000057,0.000000057,0.000000057,0.000000057,0.000000057,0.000000057,0.000000057,0.000000057,0.000000057,0.000000057,0.000000057,0.000000057,0.000000057,0.000000057,0.000000057,0.000000057,0.000000057,0.000000057,0.000000057,0.000000057,0.000000057,0.000000057,0.000000057,0.000000057,0.000000057,0.000000057,0.000000057,0.000000057,0.000000057,0.000000057,0.000000057,0.000000057,0.000000057,0.000000057,0.000000057,0.000000057,0.000000057,0.000000057,0.000000057,0.000000057,0.000000057,0.000000057,0.000000057,0.000000057,0.000000057
0,0,92,0.000000831,0.000000831,0.000000831,0.000000831,0.000000831,0.000000831,0.000000831,0.000000831,0.000000831,0.000000831,0.000000831,0.000000831,0.000000831,0.000000831,0.000000831,0.000000831,0.000000831,0.000000831,0.000000831,0.000000831,0.000000831,0.000000831,0.000000831,0.000000831,0.000000831,0.000000831,0.000000831,0.000000806,0.000000786,0.000000770,0.000000756,0.000000745,0.000000735,0.000000726,0.000000718,0.000000709,0.000000701,0.000000693,0.000000685,0.000000678,0.000000672,0.000000666,0.000000661,0.000000655,0.000000650,0.000000645,0.000000639,0.000000632,0.000000624,0.000000614,0.000000603,0.000000590,0.000000576,0.000000561,0.000000546,0.000000529,0.000000513,0.000000496,0.000000480,0.000000464,0.000000450,0.000000437,0.000000426,0.000000416,0.000000407,0.000000401,0.000000396,0.000000394,0.000000393,0.000000394,0.000000396,0.000000399,0.000000398,0.000000397,0.000000395,0.000000393,0.000000388,0.000000382,0.000000375,0.000000365,0.000000354,0.000000341,0.000000328,0.000000315,0.000000302,0.000000290,0.000000280,0.000000271,0.000000265,0.000000259,0.000000255,0.000000252,0.000000249,0.000000246,0.000000243,0.000000239,0.000000233,0.000000226,0.000000218,0.000000209,0.000000200,0.000000191,0.000000184,0.000000178,0.000000173,0.000000169,0.000000165,0.000000163,0.000000161,0.000000160,0.000000161,0.000000163,0.000000166,0.000000170,0.000000173,0.000000175,0.000000175,0.000000172,0.000000167,0.000000161,0.000000155,0.000000150,0.000000146,0.000000144,0.000000143,0.000000133,0.000000122,0.000000112,0.000000102,0.000000092,0.000000084,0.000000076,0.000000069,0.000000063,0.000000057,0.000000052,0.000000047,0.000000047,0.000000047,0.000000047,0.000000047,0.000000047,0.000000047,0.000000047,0.000000047,0.000000047,0.000000047,0.000000047,0.000000047,0.000000047,0.000000047,0.000000047,0.000000047,0.000000047,0.000000047,0.000000047,0.000000047,0.000000047,0.000000047,0.000000047,0.000000047,0.000000047,0.000000047,0.000000047,0.000000047,0.000000047,0.000000047,0.000000047,0.000000047,0.000000047,0.000000047,0.000000047,0.000000047,0.000000047,0.000000047,0.000000047,0.000000047,0.000000047,0.000000047,0.000000047,0.000000047,0.000000047,0.000000047,0.000000047,0.000000047,0.000000047,0.000000047,0.000000047,0.000000047,0.000000047,0.000000047,0.000000047,0.000000047,0.000000047,0.000000047,0.000000047,0.000000047,0.000000047,0.000000047,0.000000047,0.000000047,0.000000047,0.000000047,0.000000047,0.000000047,0.000000047,0.000000047,0.000000047,0.000000047,0.000000047,0.000000047,0.000000047,0.000000047,0.000000047,0.000000047,0.000000047,0.000000047,0.000000047,0.000000047,0.000000047,0.000000047,0.000000047,0.000000047,0.000000047,0.000000047,0.000000047,0.000000047,0.000000047,0.000000047,0.000000047,0.000000047,0.000000047,0.000000047,0.000000047,0.000000047,0.000000047,0.000000047
0,0,93,0.000000691,0.000000691,0.000000691,0.000000691,0.000000691,0.000000691,0.000000691,0.000000691,0.000000691,0.000000691,0.000000691,0.000000691,0.000000691,0.000000691,0.000000691,0.000000691,0.000000691,0.000000691,0.000000691,0.000000691,0.000000691,0.000000691,0.000000691,0.000000691,0.000000691,0.000000691,0.000000691,0.000000674,0.000000659,0.000000647,0.000000637,0.000000628,0.000000619,0.000000611,0.000000602,0.000000594,0.000000585,0.000000577,0.000000570,0.000000564,0.000000558,0.000000553,0.000000548,0.000000544,0.000000539,0.000000535,0.000000530,0.000000524,0.000000518,0.000000510,0.000000500,0.000000490,0.000000478,0.000000466,0.000000453,0.000000439,0.000000425,0.000000412,0.000000398,0.000000385,0.000000374,0.000000363,0.000000353,0.000000345,0.000000338,0.000000333,0.000000329,0.000000327,0.000000326,0.000000327,0.000000329,0.000000331,0.000000330,0.000000329,0.000000328,0.000000326,0.000000322,0.000000317,0.000000311,0.000000303,0.000000294,0.000000283,0.000000272,0.000000261,0.000000251,0.000000241,0.000000232,0.000000225,0.000000220,0.000000215,0.000000212,0.000000209,0.000000207,0.000000205,0.000000202,0.000000198,0.000000194,0.000000188,0.000000181,0.000000173,0.000000166,0.000000159,0.000000153,0.000000148,0.000000143,0.000000140,0.000000137,0.000000135,0.000000134,0.000000133,0.000000134,0.000000135,0.000000138,0.000000141,0.000000144,0.000000145,0.000000145,0.000000143,0.000000138,0.000000133,0.000000128,0.000000124,0.000000121,0.000000119,0.000000119,0.000000110,0.000000102,0.000000093,0.000000084,0.000000076,0.000000069,0.000000063,0.000000057,0.000000052,0.000000047,0.000000043,0.000000039,0.000000039,0.000000039,0.000000039,0.000000039,0.000000039,0.000000039,0.000000039,0.000000039,0.000000039,0.000000039,0.000000039,0.000000039,0.000000039,0.000000039,0.000000039,0.000000039,0.000000039,0.000000039,0.000000039,0.000000039,0.000000039,0.000000039,0.000000039,0.000000039,0.000000039,0.000000039,0.000000039,0.000000039,0.000000039,0.000000039,0.000000039,0.000000039,0.000000039,0.000000039,0.000000039,0.000000039,0.000000039,0.000000039,0.000000039,0.000000039,0.000000039,0.000000039,0.000000039,0.000000039,0.000000039,0.000000039,0.000000039,0.000000039,0.000000039,0.000000039,0.000000039,0.000000039,0.000000039,0.000000039,0.000000039,0.000000039,0.000000039,0.000000039,0.000000039,0.000000039,0.000000039,0.000000039,0.000000039,0.000000039,0.000000039,0.000000039,0.000000039,0.000000039,0.000000039,0.000000039,0.000000039,0.000000039,0.000000039,0.000000039,0.000000039,0.000000039,0.000000039,0.000000039,0.000000039,0.000000039,0.000000039,0.000000039,0.000000039,0.000000039,0.000000039,0.000000039,0.000000039,0.000000039,0.000000039,0.000000039,0.000000039,0.000000039,0.000000039,0.000000039,0.000000039,0.000000039,0.000000039,0.000000039,0.000000039,0.000000039
0,0,94,0.000000577,0.000000577,0.000000577,0.000000577,0.000000577,0.000000577,0.000000577,0.000000577,0.000000577,0.000000577,0.000000577,0.000000577,0.000000577,0.000000577,0.000000577,0.000000577,0.000000577,0.000000577,0.000000577,0.000000577,0.000000577,0.000000577,0.000000577,0.000000577,0.000000577,0.000000577,0.000000577,0.000000565,0.000000554,0.000000545,0.000000537,0.000000529,0.000000521,0.000000512,0.000000504,0.000000496,0.000000488,0.000000481,0.000000474,0.000000468,0.000000463,0.000000459,0.000000455,0.000000451,0.000000447,0.000000444,0.000000440,0.000000435,0.000000429,0.000000423,0.000000415,0.000000407,0.000000397,0.000000387,0.000000376,0.000000364,0.000000353,0.000000342,0.000000330,0.000000320,0.000000310,0.000000301,0.000000293,0.000000286,0.000000281,0.000000276,0.000000273,0.000000271,0.000000271,0.000000271,0.000000273,0.000000275,0.000000274,0.000000273,0.000000272,0.000000270,0.000000267,0.000000263,0.000000258,0.000000251,0.000000244,0.000000235,0.000000226,0.000000217,0.000000208,0.000000200,0.000000193,0.000000187,0.000000182,0.000000179,0.000000176,0.000000174,0.000000172,0.000000170,0.000000167,0.000000165,0.000000161,0.000000156,0.000000150,0.000000144,0.000000138,0.000000132,0.000000127,0.000000123,0.000000119,0.000000116,0.000000114,0.000000112,0.000000111,0.000000110,0.000000111,0.000000112,0.000000114,0.000000117,0.000000119,0.000000121,0.000000120,0.000000118,0.000000115,0.000000111,0.000000107,0.000000103,0.000000101,0.000000099,0.000000098,0.000000091,0.000000084,0.000000077,0.000000070,0.000000063,0.000000058,0.000000052,0.000000048,0.000000043,0.000000039,0.000000036,0.000000033,0.000000033,0.000000033,0.000000033,0.000000033,0.000000033,0.000000033,0.000000033,0.000000033,0.000000033,0.000000033,0.000000033,0.000000033,0.000000033,0.000000033,0.000000033,0.000000033,0.000000033,0.000000033,0.000000033,0.000000033,0.000000033,0.000000033,0.000000033,0.000000033,0.000000033,0.000000033,0.000000033,0.000000033,0.000000033,0.000000033,0.000000033,0.000000033,0.000000033,0.000000033,0.000000033,0.000000033,0.000000033,0.000000033,0.000000033,0.000000033,0.000000033,0.000000033,0.000000033,0.000000033,0.000000033,0.000000033,0.000000033,0.000000033,0.000000033,0.000000033,0.000000033,0.000000033,0.000000033,0.000000033,0.000000033,0.000000033,0.000000033,0.000000033,0.000000033,0.000000033,0.000000033,0.000000033,0.000000033,0.000000033,0.000000033,0.000000033,0.000000033,0.000000033,0.000000033,0.000000033,0.000000033,0.000000033,0.000000033,0.000000033,0.000000033,0.000000033,0.000000033,0.000000033,0.000000033,0.000000033,0.000000033,0.000000033,0.000000033,0.000000033,0.000000033,0.000000033,0.000000033,0.000000033,0.000000033,0.000000033,0.000000033,0.000000033,0.000000033,0.000000033,0.000000033,0.000000033,0.000000033,0.000000033,0.000000033,0.000000033
0,0,95,0.000000484,0.000000484,0.000000484,0.000000484,0.000000484,0.000000484,0.000000484,0.000000484,0.000000484,0.000000484,0.000000484,0.000000484,0.000000484,0.000000484,0.000000484,0.000000484,0.000000484,0.000000484,0.000000484,0.000000484,0.000000484,0.000000484,0.000000484,0.000000484,0.000000484,0.000000484,0.000000484,0.000000475,0.000000467,0.000000459,0.000000452,0.000000445,0.000000437,0.000000429,0.000000421,0.000000413,0.000000406,0.000000400,0.000000394,0.000000389,0.000000384,0.000000380,0.000000377,0.000000374,0.000000371,0.000000368,0.000000365,0.000000361,0.000000356,0.000000351,0.000000345,0.000000337,0.000000329,0.000000321,0.000000312,0.000000302,0.000000293,0.000000283,0.000000274,0.000000265,0.000000257,0.000000250,0.000000243,0.000000238,0.000000233,0.000000229,0.000000227,0.000000225,0.000000225,0.000000225,0.000000226,0.000000228,0.000000228,0.000000227,0.000000226,0.000000224,0.000000222,0.000000219,0.000000214,0.000000209,0.000000202,0.000000195,0.000000188,0.000000180,0.000000173,0.000000166,0.000000160,0.000000155,0.000000151,0.000000148,0.000000146,0.000000144,0.000000142,0.000000141,0.000000139,0.000000137,0.000000133,0.000000129,0.000000124,0.000000119,0.000000114,0.000000109,0.000000105,0.000000102,0.000000099,0.000000096,0.000000094,0.000000093,0.000000092,0.000000092,0.000000092,0.000000093,0.000000095,0.000000097,0.000000099,0.000000100,0.000000100,0.000000098,0.000000095,0.000000092,0.000000088,0.000000086,0.000000084,0.000000082,0.000000082,0.000000076,0.000000070,0.000000064,0.000000058,0.000000052,0.000000048,0.000000043,0.000000039,0.000000036,0.000000033,0.000000030,0.000000027,0.000000027,0.000000027,0.000000027,0.000000027,0.000000027,0.000000027,0.000000027,0.000000027,0.000000027,0.000000027,0.000000027,0.000000027,0.000000027,0.000000027,0.000000027,0.000000027,0.000000027,0.000000027,0.000000027,0.000000027,0.000000027,0.000000027,0.000000027,0.000000027,0.000000027,0.000000027,0.000000027,0.000000027,0.000000027,0.000000027,0.000000027,0.000000027,0.000000027,0.000000027,0.000000027,0.000000027,0.000000027,0.000000027,0.000000027,0.000000027,0.000000027,0.000000027,0.000000027,0.000000027,0.000000027,0.000000027,0.000000027,0.000000027,0.000000027,0.000000027,0.000000027,0.000000027,0.000000027,0.000000027,0.000000027,0.000000027,0.000000027,0.000000027,0.000000027,0.000000027,0.000000027,0.000000027,0.000000027,0.000000027,0.000000027,0.000000027,0.000000027,0.000000027,0.000000027,0.000000027,0.000000027,0.000000027,0.000000027,0.000000027,0.000000027,0.000000027,0.000000027,0.000000027,0.000000027,0.000000027,0.000000027,0.000000027,0.000000027,0.000000027,0.000000027,0.000000027,0.000000027,0.000000027,0.000000027,0.000000027,0.000000027,0.000000027,0.000000027,0.000000027,0.000000027,0.000000027,0.000000027,0.000000027,0.000000027,0.000000027
0,0,96,0.000000407,0.000000407,0.000000407,0.000000407,0.000000407,0.000000407,0.000000407,0.000000407,0.000000407,0.000000407,0.000000407,0.000000407,0.000000407,0.000000407,0.000000407,0.000000407,0.000000407,0.000000407,0.000000407,0.000000407,0.000000407,0.000000407,0.000000407,0.000000407,0.000000407,0.000000407,0.000000407,0.000000400,0.000000393,0.000000387,0.000000380,0.000000373,0.000000366,0.000000358,0.000000351,0.000000344,0.000000338,0.000000332,0.000000327,0.000000322,0.000000319,0.000000315,0.000000313,0.000000310,0.000000308,0.000000305,0.000000303,0.000000300,0.000000296,0.000000291,0.000000286,0.000000280,0.000000273,0.000000266,0.000000259,0.000000251,0.000000243,0.000000235,0.000000228,0.000000220,0.000000213,0.000000207,0.000000202,0.000000197,0.000000193,0.000000190,0.000000188,0.000000187,0.000000186,0.000000187,0.000000188,0.000000189,0.000000189,0.000000188,0.000000187,0.000000186,0.000000184,0.000000181,0.000000178,0.000000173,0.000000168,0.000000162,0.000000156,0.000000149,0.000000143,0.000000138,0.000000133,0.000000129,0.000000126,0.000000123,0.000000121,0.000000120,0.000000118,0.000000117,0.000000115,0.000000113,0.000000111,0.000000107,0.000000103,0.000000099,0.000000095,0.000000091,0.000000087,0.000000084,0.000000082,0.000000080,0.000000078,0.000000077,0.000000076,0.000000076,0.000000076,0.000000077,0.000000079,0.000000080,0.000000082,0.000000083,0.000000083,0.000000082,0.000000079,0.000000076,0.000000073,0.000000071,0.000000069,0.000000068,0.000000068,0.000000063,0.000000058,0.000000053,0.000000048,0.000000043,0.000000040,0.000000036,0.000000033,0.000000030,0.000000027,0.000000025,0.000000022,0.000000022,0.000000022,0.000000022,0.000000022,0.000000022,0.000000022,0.000000022,0.000000022,0.000000022,0.000000022,0.000000022,0.000000022,0.000000022,0.000000022,0.000000022,0.000000022,0.000000022,0.000000022,0.000000022,0.000000022,0.000000022,0.000000022,0.000000022,0.000000022,0.000000022,0.000000022,0.000000022,0.000000022,0.000000022,0.000000022,0.000000022,0.000000022,0.000000022,0.000000022,0.000000022,0.000000022,0.000000022,0.000000022,0.000000022,0.000000022,0.000000022,0.000000022,0.000000022,0.000000022,0.000000022,0.000000022,0.000000022,0.000000022,0.000000022,0.000000022,0.000000022,0.000000022,0.000000022,0.000000022,0.000000022,0.000000022,0.000000022,0.000000022,0.000000022,0.000000022,0.000000022,0.000000022,0.000000022,0.000000022,0.000000022,0.000000022,0.000000022,0.000000022,0.000000022,0.000000022,0.000000022,0.000000022,0.000000022,0.000000022,0.000000022,0.000000022,0.000000022,0.000000022,0.000000022,0.000000022,0.000000022,0.000000022,0.000000022,0.000000022,0.000000022,0.000000022,0.000000022,0.000000022,0.000000022,0.000000022,0.000000022,0.000000022,0.000000022,0.000000022,0.000000022,0.000000022,0.000000022,0.000000022,0.000000022,0.000000022
0,0,97,0.000000343,0.000000343,0.000000343,0.000000343,0.000000343,0.000000343,0.000000343,0.000000343,0.000000343,0.000000343,0.000000343,0.000000343,0.000000343,0.000000343,0.000000343,0.000000343,0.000000343,0.000000343,0.000000343,0.000000343,0.000000343,0.000000343,0.000000343,0.000000343,0.000000343,0.000000343,0.000000343,0.000000337,0.000000331,0.000000325,0.000000319,0.000000312,0.000000305,0.000000299,0.000000292,0.000000286,0.000000280,0.000000275,0.000000271,0.000000267,0.000000264,0.000000262,0.000000259,0.000000257,0.000000256,0.000000253,0.000000251,0.000000249,0.000000245,0.000000242,0.000000237,0.000000232,0.000000227,0.000000221,0.000000215,0.000000208,0.000000202,0.000000195,0.000000189,0.000000183,0.000000177,0.000000172,0.000000167,0.000000164,0.000000160,0.000000158,0.000000156,0.000000155,0.000000155,0.000000155,0.000000156,0.000000157,0.000000157,0.000000156,0.000000156,0.000000155,0.000000153,0.000000151,0.000000147,0.000000144,0.000000139,0.000000134,0.000000129,0.000000124,0.000000119,0.000000114,0.000000110,0.000000107,0.000000104,0.000000102,0.000000101,0.000000099,0.000000098,0.000000097,0.000000096,0.000000094,0.000000092,0.000000089,0.000000086,0.000000082,0.000000079,0.000000075,0.000000073,0.000000070,0.000000068,0.000000066,0.000000065,0.000000064,0.000000063,0.000000063,0.000000063,0.000000064,0.000000065,0.000000067,0.000000068,0.000000069,0.000000069,0.000000068,0.000000066,0.000000063,0.000000061,0.000000059,0.000000058,0.000000057,0.000000056,0.000000052,0.000000048,0.000000044,0.000000040,0.000000036,0.000000033,0.000000030,0.000000027,0.000000025,0.000000022,0.000000020,0.000000019,0.000000019,0.000000019,0.000000019,0.000000019,0.000000019,0.000000019,0.000000019,0.000000019,0.000000019,0.000000019,0.000000019,0.000000019,0.000000019,0.000000019,0.000000019,0.000000019,0.000000019,0.000000019,0.000000019,0.000000019,0.000000019,0.000000019,0.000000019,0.000000019,0.000000019,0.000000019,0.000000019,0.000000019,0.000000019,0.000000019,0.000000019,0.000000019,0.000000019,0.000000019,0.000000019,0.000000019,0.000000019,0.000000019,0.000000019,0.000000019,0.000000019,0.000000019,0.000000019,0.000000019,0.000000019,0.000000019,0.000000019,0.000000019,0.000000019,0.000000019,0.000000019,0.000000019,0.000000019,0.000000019,0.000000019,0.000000019,0.000000019,0.000000019,0.000000019,0.000000019,0.000000019,0.000000019,0.000000019,0.000000019,0.000000019,0.000000019,0.000000019,0.000000019,0.000000019,0.000000019,0.000000019,0.000000019,0.000000019,0.000000019,0.000000019,0.000000019,0.000000019,0.000000019,0.000000019,0.000000019,0.000000019,0.000000019,0.000000019,0.000000019,0.000000019,0.000000019,0.000000019,0.000000019,0.000000019,0.000000019,0.000000019,0.000000019,0.000000019,0.000000019,0.000000019,0.000000019,0.000000019,0.000000019,0.000000019,0.000000019
0,0,98,0.000000289,0.000000289,0.000000289,0.000000289,0.000000289,0.000000289,0.000000289,0.000000289,0.000000289,0.000000289,0.000000289,0.000000289,0.000000289,0.000000289,0.000000289,0.000000289,0.000000289,0.000000289,0.000000289,0.000000289,0.000000289,0.000000289,0.000000289,0.000000289,0.000000289,0.000000289,0.000000289,0.000000284,0.000000279,0.000000273,0.000000267,0.000000261,0.000000255,0.000000249,0.000000243,0.000000238,0.000000233,0.000000229,0.000000225,0.000000222,0.000000219,0.000000217,0.000000215,0.000000214,0.000000212,0.000000210,0.000000208,0.000000206,0.000000204,0.000000201,0.000000197,0.000000193,0.000000188,0.000000183,0.000000178,0.000000173,0.000000167,0.000000162,0.000000157,0.000000152,0.000000147,0.000000143,0.000000139,0.000000136,0.000000133,0.000000131,0.000000129,0.000000129,0.000000128,0.000000129,0.000000129,0.000000130,0.000000130,0.000000130,0.000000129,0.000000128,0.000000127,0.000000125,0.000000122,0.000000119,0.000000116,0.000000112,0.000000107,0.000000103,0.000000099,0.000000095,0.000000091,0.000000089,0.000000086,0.000000085,0.000000083,0.000000082,0.000000081,0.000000081,0.000000079,0.000000078,0.000000076,0.000000074,0.000000071,0.000000068,0.000000065,0.000000063,0.000000060,0.000000058,0.000000056,0.000000055,0.000000054,0.000000053,0.000000053,0.000000052,0.000000053,0.000000053,0.000000054,0.000000055,0.000000057,0.000000057,0.000000057,0.000000056,0.000000054,0.000000053,0.000000051,0.000000049,0.000000048,0.000000047,0.000000047,0.000000043,0.000000040,0.000000037,0.000000033,0.000000030,0.000000027,0.000000025,0.000000023,0.000000021,0.000000019,0.000000017,0.000000015,0.000000015,0.000000015,0.000000015,0.000000015,0.000000015,0.000000015,0.000000015,0.000000015,0.000000015,0.000000015,0.000000015,0.000000015,0.000000015,0.000000015,0.000000015,0.000000015,0.000000015,0.000000015,0.000000015,0.000000015,0.000000015,0.000000015,0.000000015,0.000000015,0.000000015,0.000000015,0.000000015,0.000000015,0.000000015,0.000000015,0.000000015,0.000000015,0.000000015,0.000000015,0.000000015,0.000000015,0.000000015,0.000000015,0.000000015,0.000000015,0.000000015,0.000000015,0.000000015,0.000000015,0.000000015,0.000000015,0.000000015,0.000000015,0.000000015,0.000000015,0.000000015,0.000000015,0.000000015,0.000000015,0.000000015,0.000000015,0.000000015,0.000000015,0.000000015,0.000000015,0.000000015,0.000000015,0.000000015,0.000000015,0.000000015,0.000000015,0.000000015,0.000000015,0.000000015,0.000000015,0.000000015,0.000000015,0.000000015,0.000000015,0.000000015,0.000000015,0.000000015,0.000000015,0.000000015,0.000000015,0.000000015,0.000000015,0.000000015,0.000000015,0.000000015,0.000000015,0.000000015,0.000000015,0.000000015,0.000000015,0.000000015,0.000000015,0.000000015,0.000000015,0.000000015,0.000000015,0.000000015,0.000000015,0.000000015,0.000000015
0,0,99,0.000000243,0.000000243,0.000000243,0.000000243,0.000000243,0.000000243,0.000000243,0.000000243,0.000000243,0.000000243,0.000000243,0.000000243,0.000000243,0.000000243,0.000000243,0.000000243,0.000000243,0.000000243,0.000000243,0.000000243,0.000000243,0.000000243,0.000000243,0.000000243,0.000000243,0.000000243,0.000000243,0.000000239,0.000000234,0.000000228,0.000000223,0.000000217,0.000000212,0.000000207,0.000000202,0.000000197,0.000000193,0.000000190,0.000000187,0.000000184,0.000000182,0.000000180,0.000000179,0.000000177,0.000000176,0.000000175,0.000000173,0.000000171,0.000000169,0.000000166,0.000000163,0.000000160,0.000000156,0.000000152,0.000000148,0.000000143,0.000000139,0.000000134,0.000000130,0.000000126,0.000000122,0.000000118,0.000000115,0.000000113,0.000000110,0.000000109,0.000000107,0.000000107,0.000000107,0.000000107,0.000000107,0.000000108,0.000000108,0.000000108,0.000000107,0.000000106,0.000000105,0.000000104,0.000000102,0.000000099,0.000000096,0.000000093,0.000000089,0.000000085,0.000000082,0.000000079,0.000000076,0.000000074,0.000000072,0.000000070,0.000000069,0.000000068,0.000000068,0.000000067,0.000000066,0.000000065,0.000000063,0.000000061,0.000000059,0.000000057,0.000000054,0.000000052,0.000000050,0.000000048,0.000000047,0.000000046,0.000000045,0.000000044,0.000000044,0.000000043,0.000000044,0.000000044,0.000000045,0.000000046,0.000000047,0.000000047,0.000000047,0.000000047,0.000000045,0.000000044,0.000000042,0.000000041,0.000000040,0.000000039,0.000000039,0.000000036,0.000000033,0.000000030,0.000000028,0.000000025,0.000000023,0.000000021,0.000000019,0.000000017,0.000000015,0.000000014,0.000000013,0.000000013,0.000000013,0.000000013,0.000000013,0.000000013,0.000000013,0.000000013,0.000000013,0.000000013,0.000000013,0.000000013,0.000000013,0.000000013,0.000000013,0.000000013,0.000000013,0.000000013,0.000000013,0.000000013,0.000000013,0.000000013,0.000000013,0.000000013,0.000000013,0.000000013,0.000000013,0.000000013,0.000000013,0.000000013,0.000000013,0.000000013,0.000000013,0.000000013,0.000000013,0.000000013,0.000000013,0.000000013,0.000000013,0.000000013,0.000000013,0.000000013,0.000000013,0.000000013,0.000000013,0.000000013,0.000000013,0.000000013,0.000000013,0.000000013,0.000000013,0.000000013,0.000000013,0.000000013,0.000000013,0.000000013,0.000000013,0.000000013,0.000000013,0.000000013,0.000000013,0.000000013,0.000000013,0.000000013,0.000000013,0.000000013,0.000000013,0.000000013,0.000000013,0.000000013,0.000000013,0.000000013,0.000000013,0.000000013,0.000000013,0.000000013,0.000000013,0.000000013,0.000000013,0.000000013,0.000000013,0.000000013,0.000000013,0.000000013,0.000000013,0.000000013,0.000000013,0.000000013,0.000000013,0.000000013,0.000000013,0.000000013,0.000000013,0.000000013,0.000000013,0.000000013,0.000000013,0.000000013,0.000000013,0.000000013,0.000000013
0,1,0,0.000000000,0.000000000,0.000000000,0.000000000,0.000000000,0.000000000,0.000000000,0.000000000,0.000000000,0.000000000,0.000000000,0.000000000,0.000000000,0.000000000,0.000000000,0.000000000,0.000000000,0.000000000,0.000000000,0.000000000,0.000000000,0.000000000,0.000000000,0.000000000,0.000000000,0.000000000,0.000000000,0.000000000,0.000000000,0.000000000,0.000000000,0.000000000,0.000000000,0.000000000,0.000000000,0.000000000,0.000000000,0.000000000,0.000000000,0.000000000,0.000000000,0.000000000,0.000000000,0.000000000,0.000000000,0.000000000,0.000000000,0.000000000,0.000000000,0.000000000,0.000000000,0.000000000,0.000000000,0.000000000,0.000000000,0.000000000,0.000000000,0.000000000,0.000000000,0.000000000,0.000000000,0.000000000,0.000000000,0.000000000,0.000000000,0.000000000,0.000000000,0.000000000,0.000000000,0.000000000,0.000000000,0.000000000,0.000000000,0.000000000,0.000000000,0.000000000,0.000000000,0.000000000,0.000000000,0.000000000,0.000000000,0.000000000,0.000000000,0.000000000,0.000000000,0.000000000,0.000000000,0.000000000,0.000000000,0.000000000,0.000000000,0.000000000,0.000000000,0.000000000,0.000000000,0.000000000,0.000000000,0.000000000,0.000000000,0.000000000,0.000000000,0.000000000,0.000000000,0.000000000,0.000000000,0.000000000,0.000000000,0.000000000,0.000000000,0.000000000,0.000000000,0.000000000,0.000000000,0.000000000,0.000000000,0.000000000,0.000000000,0.000000000,0.000000000,0.000000000,0.000000000,0.000000000,0.000000000,0.000000000,0.000000000,0.000000000,0.000000000,0.000000000,0.000000000,0.000000000,0.000000000,0.000000000,0.000000000,0.000000000,0.000000000,0.000000000,0.000000000,0.000000000,0.000000000,0.000000000,0.000000000,0.000000000,0.000000000,0.000000000,0.000000000,0.000000000,0.000000000,0.000000000,0.000000000,0.000000000,0.000000000,0.000000000,0.000000000,0.000000000,0.000000000,0.000000000,0.000000000,0.000000000,0.000000000,0.000000000,0.000000000,0.000000000,0.000000000,0.000000000,0.000000000,0.000000000,0.000000000,0.000000000,0.000000000,0.000000000,0.000000000,0.000000000,0.000000000,0.000000000,0.000000000,0.000000000,0.000000000,0.000000000,0.000000000,0.000000000,0.000000000,0.000000000,0.000000000,0.000000000,0.000000000,0.000000000,0.000000000,0.000000000,0.000000000,0.000000000,0.000000000,0.000000000,0.000000000,0.000000000,0.000000000,0.000000000,0.000000000,0.000000000,0.000000000,0.000000000,0.000000000,0.000000000,0.000000000,0.000000000,0.000000000,0.000000000,0.000000000,0.000000000,0.000000000,0.000000000,0.000000000,0.000000000,0.000000000,0.000000000,0.000000000,0.000000000,0.000000000,0.000000000,0.000000000,0.000000000,0.000000000,0.000000000,0.000000000,0.000000000,0.000000000,0.000000000,0.000000000,0.000000000,0.000000000,0.000000000,0.000000000,0.000000000,0.000000000,0.000000000,0.000000000,0.000000000,0.000000000
0,1,1,0.000000000,0.000000000,0.000000000,0.000000000,0.000000000,0.000000000,0.000000000,0.000000000,0.000000000,0.000000000,0.000000000,0.000000000,0.000000000,0.000000000,0.000000000,0.000000000,0.000000000,0.000000000,0.000000000,0.000000000,0.000000000,0.000000000,0.000000000,0.000000000,0.000000000,0.000000000,0.000000000,0.000000000,0.000000000,0.000000000,0.000000000,0.000000000,0.000000000,0.000000000,0.000000000,0.000000000,0.000000000,0.000000000,0.000000000,0.000000000,0.000000000,0.000000000,0.000000000,0.000000000,0.000000000,0.000000000,0.000000000,0.000000000,0.000000000,0.000000000,0.000000000,0.000000000,0.000000000,0.000000000,0.000000000,0.000000000,0.000000000,0.000000000,0.000000000,0.000000000,0.000000000,0.000000000,0.000000000,0.000000000,0.000000000,0.000000000,0.000000000,0.000000000,0.000000000,0.000000000,0.000000000,0.000000000,0.000000000,0.000000000,0.000000000,0.000000000,0.000000000,0.000000000,0.000000000,0.000000000,0.000000000,0.000000000,0.000000000,0.000000000,0.000000000,0.000000000,0.000000000,0.000000000,0.000000000,0.000000000,0.000000000,0.000000000,0.000000000,0.000000000,0.000000000,0.000000000,0.000000000,0.000000000,0.000000000,0.000000000,0.000000000,0.000000000,0.000000000,0.000000000,0.000000000,0.000000000,0.000000000,0.000000000,0.000000000,0.000000000,0.000000000,0.000000000,0.000000000,0.000000000,0.000000000,0.000000000,0.000000000,0.000000000,0.000000000,0.000000000,0.000000000,0.000000000,0.000000000,0.000000000,0.000000000,0.000000000,0.000000000,0.000000000,0.000000000,0.000000000,0.000000000,0.000000000,0.000000000,0.000000000,0.000000000,0.000000000,0.000000000,0.000000000,0.000000000,0.000000000,0.000000000,0.000000000,0.000000000,0.000000000,0.000000000,0.000000000,0.000000000,0.000000000,0.000000000,0.000000000,0.000000000,0.000000000,0.000000000,0.000000000,0.000000000,0.000000000,0.000000000,0.000000000,0.000000000,0.000000000,0.000000000,0.000000000,0.000000000,0.000000000,0.000000000,0.000000000,0.000000000,0.000000000,0.000000000,0.000000000,0.000000000,0.000000000,0.000000000,0.000000000,0.000000000,0.000000000,0.000000000,0.000000000,0.000000000,0.000000000,0.000000000,0.000000000,0.000000000,0.000000000,0.000000000,0.000000000,0.000000000,0.000000000,0.000000000,0.000000000,0.000000000,0.000000000,0.000000000,0.000000000,0.000000000,0.000000000,0.000000000,0.000000000,0.000000000,0.000000000,0.000000000,0.000000000,0.000000000,0.000000000,0.000000000,0.000000000,0.000000000,0.000000000,0.000000000,0.000000000,0.000000000,0.000000000,0.000000000,0.000000000,0.000000000,0.000000000,0.000000000,0.000000000,0.000000000,0.000000000,0.000000000,0.000000000,0.000000000,0.000000000,0.000000000,0.000000000,0.000000000,0.000000000,0.000000000,0.000000000,0.000000000,0.000000000,0.000000000,0.000000000,0.000000000,0.000000000,0.000000000
0,1,2,0.000000000,0.000000000,0.000000000,0.000000000,0.000000000,0.000000000,0.000000000,0.000000000,0.000000000,0.000000000,0.000000000,0.000000000,0.000000000,0.000000000,0.000000000,0.000000000,0.000000000,0.000000000,0.000000000,0.000000000,0.000000000,0.000000000,0.000000000,0.000000000,0.000000000,0.000000000,0.000000000,0.000000000,0.000000000,0.000000000,0.000000000,0.000000000,0.000000000,0.000000000,0.000000000,0.000000000,0.000000000,0.000000000,0.000000000,0.000000000,0.000000000,0.000000000,0.000000000,0.000000000,0.000000000,0.000000000,0.000000000,0.000000000,0.000000000,0.000000000,0.000000000,0.000000000,0.000000000,0.000000000,0.000000000,0.000000000,0.000000000,0.000000000,0.000000000,0.000000000,0.000000000,0.000000000,0.000000000,0.000000000,0.000000000,0.000000000,0.000000000,0.000000000,0.000000000,0.000000000,0.000000000,0.000000000,0.000000000,0.000000000,0.000000000,0.000000000,0.000000000,0.000000000,0.000000000,0.000000000,0.000000000,0.000000000,0.000000000,0.000000000,0.000000000,0.000000000,0.000000000,0.000000000,0.000000000,0.000000000,0.000000000,0.000000000,0.000000000,0.000000000,0.000000000,0.000000000,0.000000000,0.000000000,0.000000000,0.000000000,0.000000000,0.000000000,0.000000000,0.000000000,0.000000000,0.000000000,0.000000000,0.000000000,0.000000000,0.000000000,0.000000000,0.000000000,0.000000000,0.000000000,0.000000000,0.000000000,0.000000000,0.000000000,0.000000000,0.000000000,0.000000000,0.000000000,0.000000000,0.000000000,0.000000000,0.000000000,0.000000000,0.000000000,0.000000000,0.000000000,0.000000000,0.000000000,0.000000000,0.000000000,0.000000000,0.000000000,0.000000000,0.000000000,0.000000000,0.000000000,0.000000000,0.000000000,0.000000000,0.000000000,0.000000000,0.000000000,0.000000000,0.000000000,0.000000000,0.000000000,0.000000000,0.000000000,0.000000000,0.000000000,0.000000000,0.000000000,0.000000000,0.000000000,0.000000000,0.000000000,0.000000000,0.000000000,0.000000000,0.000000000,0.000000000,0.000000000,0.000000000,0.000000000,0.000000000,0.000000000,0.000000000,0.000000000,0.000000000,0.000000000,0.000000000,0.000000000,0.000000000,0.000000000,0.000000000,0.000000000,0.000000000,0.000000000,0.000000000,0.000000000,0.000000000,0.000000000,0.000000000,0.000000000,0.000000000,0.000000000,0.000000000,0.000000000,0.000000000,0.000000000,0.000000000,0.000000000,0.000000000,0.000000000,0.000000000,0.000000000,0.000000000,0.000000000,0.000000000,0.000000000,0.000000000,0.000000000,0.000000000,0.000000000,0.000000000,0.000000000,0.000000000,0.000000000,0.000000000,0.000000000,0.000000000,0.000000000,0.000000000,0.000000000,0.000000000,0.000000000,0.000000000,0.000000000,0.000000000,0.000000000,0.000000000,0.000000000,0.000000000,0.000000000,0.000000000,0.000000000,0.000000000,0.000000000,0.000000000,0.000000000,0.000000000,0.000000000,0.000000000
0,1,3,0.000000000,0.000000000,0.000000000,0.000000000,0.000000000,0.000000000,0.000000000,0.000000000,0.000000000,0.000000000,0.000000000,0.000000000,0.000000000,0.000000000,0.000000000,0.000000000,0.000000000,0.000000000,0.000000000,0.000000000,0.000000000,0.000000000,0.000000000,0.000000000,0.000000000,0.000000000,0.000000000,0.000000000,0.000000000,0.000000000,0.000000000,0.000000000,0.000000000,0.000000000,0.000000000,0.000000000,0.000000000,0.000000000,0.000000000,0.000000000,0.000000000,0.000000000,0.000000000,0.000000000,0.000000000,0.000000000,0.000000000,0.000000000,0.000000000,0.000000000,0.000000000,0.000000000,0.000000000,0.000000000,0.000000000,0.000000000,0.000000000,0.000000000,0.000000000,0.000000000,0.000000000,0.000000000,0.000000000,0.000000000,0.000000000,0.000000000,0.000000000,0.000000000,0.000000000,0.000000000,0.000000000,0.000000000,0.000000000,0.000000000,0.000000000,0.000000000,0.000000000,0.000000000,0.000000000,0.000000000,0.000000000,0.000000000,0.000000000,0.000000000,0.000000000,0.000000000,0.000000000,0.000000000,0.000000000,0.000000000,0.000000000,0.000000000,0.000000000,0.000000000,0.000000000,0.000000000,0.000000000,0.000000000,0.000000000,0.000000000,0.000000000,0.000000000,0.000000000,0.000000000,0.000000000,0.000000000,0.000000000,0.000000000,0.000000000,0.000000000,0.000000000,0.000000000,0.000000000,0.000000000,0.000000000,0.000000000,0.000000000,0.000000000,0.000000000,0.000000000,0.000000000,0.000000000,0.000000000,0.000000000,0.000000000,0.000000000,0.000000000,0.000000000,0.000000000,0.000000000,0.000000000,0.000000000,0.000000000,0.000000000,0.000000000,0.000000000,0.000000000,0.000000000,0.000000000,0.000000000,0.000000000,0.000000000,0.000000000,0.000000000,0.000000000,0.000000000,0.000000000,0.000000000,0.000000000,0.000000000,0.000000000,0.000000000,0.000000000,0.000000000,0.000000000,0.000000000,0.000000000,0.000000000,0.000000000,0.000000000,0.000000000,0.000000000,0.000000000,0.000000000,0.000000000,0.000000000,0.000000000,0.000000000,0.000000000,0.000000000,0.000000000,0.000000000,0.000000000,0.000000000,0.000000000,0.000000000,0.000000000,0.000000000,0.000000000,0.000000000,0.000000000,0.000000000,0.000000000,0.000000000,0.000000000,0.000000000,0.000000000,0.000000000,0.000000000,0.000000000,0.000000000,0.000000000,0.000000000,0.000000000,0.000000000,0.000000000,0.000000000,0.000000000,0.000000000,0.000000000,0.000000000,0.000000000,0.000000000,0.000000000,0.000000000,0.000000000,0.000000000,0.000000000,0.000000000,0.000000000,0.000000000,0.000000000,0.000000000,0.000000000,0.000000000,0.000000000,0.000000000,0.000000000,0.000000000,0.000000000,0.000000000,0.000000000,0.000000000,0.000000000,0.000000000,0.000000000,0.000000000,0.000000000,0.000000000,0.000000000,0.000000000,0.000000000,0.000000000,0.000000000,0.000000000,0.000000000,0.000000000
0,1,4,0.000000000,0.000000000,0.000000000,0.000000000,0.000000000,0.000000000,0.000000000,0.000000000,0.000000000,0.000000000,0.000000000,0.000000000,0.000000000,0.000000000,0.000000000,0.000000000,0.000000000,0.000000000,0.000000000,0.000000000,0.000000000,0.000000000,0.000000000,0.000000000,0.000000000,0.000000000,0.000000000,0.000000000,0.000000000,0.000000000,0.000000000,0.000000000,0.000000000,0.000000000,0.000000000,0.000000000,0.000000000,0.000000000,0.000000000,0.000000000,0.000000000,0.000000000,0.000000000,0.000000000,0.000000000,0.000000000,0.000000000,0.000000000,0.000000000,0.000000000,0.000000000,0.000000000,0.000000000,0.000000000,0.000000000,0.000000000,0.000000000,0.000000000,0.000000000,0.000000000,0.000000000,0.000000000,0.000000000,0.000000000,0.000000000,0.000000000,0.000000000,0.000000000,0.000000000,0.000000000,0.000000000,0.000000000,0.000000000,0.000000000,0.000000000,0.000000000,0.000000000,0.000000000,0.000000000,0.000000000,0.000000000,0.000000000,0.000000000,0.000000000,0.000000000,0.000000000,0.000000000,0.000000000,0.000000000,0.000000000,0.000000000,0.000000000,0.000000000,0.000000000,0.000000000,0.000000000,0.000000000,0.000000000,0.000000000,0.000000000,0.000000000,0.000000000,0.000000000,0.000000000,0.000000000,0.000000000,0.000000000,0.000000000,0.000000000,0.000000000,0.000000000,0.000000000,0.000000000,0.000000000,0.000000000,0.000000000,0.000000000,0.000000000,0.000000000,0.000000000,0.000000000,0.000000000,0.000000000,0.000000000,0.000000000,0.000000000,0.000000000,0.000000000,0.000000000,0.000000000,0.000000000,0.000000000,0.000000000,0.000000000,0.000000000,0.000000000,0.000000000,0.000000000,0.000000000,0.000000000,0.000000000,0.000000000,0.000000000,0.000000000,0.000000000,0.000000000,0.000000000,0.000000000,0.000000000,0.000000000,0.000000000,0.000000000,0.000000000,0.000000000,0.000000000,0.000000000,0.000000000,0.000000000,0.000000000,0.000000000,0.000000000,0.000000000,0.000000000,0.000000000,0.000000000,0.000000000,0.000000000,0.000000000,0.000000000,0.000000000,0.000000000,0.000000000,0.000000000,0.000000000,0.000000000,0.000000000,0.000000000,0.000000000,0.000000000,0.000000000,0.000000000,0.000000000,0.000000000,0.000000000,0.000000000,0.000000000,0.000000000,0.000000000,0.000000000,0.000000000,0.000000000,0.000000000,0.000000000,0.000000000,0.000000000,0.000000000,0.000000000,0.000000000,0.000000000,0.000000000,0.000000000,0.000000000,0.000000000,0.000000000,0.000000000,0.000000000,0.000000000,0.000000000,0.000000000,0.000000000,0.000000000,0.000000000,0.000000000,0.000000000,0.000000000,0.000000000,0.000000000,0.000000000,0.000000000,0.000000000,0.000000000,0.000000000,0.000000000,0.000000000,0.000000000,0.000000000,0.000000000,0.000000000,0.000000000,0.000000000,0.000000000,0.000000000,0.000000000,0.000000000,0.000000000,0.000000000,0.000000000
0,1,5,0.000000000,0.000000000,0.000000000,0.000000000,0.000000000,0.000000000,0.000000000,0.000000000,0.000000000,0.000000000,0.000000000,0.000000000,0.000000000,0.000000000,0.000000000,0.000000000,0.000000000,0.000000000,0.000000000,0.000000000,0.000000000,0.000000000,0.000000000,0.000000000,0.000000000,0.000000000,0.000000000,0.000000000,0.000000000,0.000000000,0.000000000,0.000000000,0.000000000,0.000000000,0.000000000,0.000000000,0.000000000,0.000000000,0.000000000,0.000000000,0.000000000,0.000000000,0.000000000,0.000000000,0.000000000,0.000000000,0.000000000,0.000000000,0.000000000,0.000000000,0.000000000,0.000000000,0.000000000,0.000000000,0.000000000,0.000000000,0.000000000,0.000000000,0.000000000,0.000000000,0.000000000,0.000000000,0.000000000,0.000000000,0.000000000,0.000000000,0.000000000,0.000000000,0.000000000,0.000000000,0.000000000,0.000000000,0.000000000,0.000000000,0.000000000,0.000000000,0.000000000,0.000000000,0.000000000,0.000000000,0.000000000,0.000000000,0.000000000,0.000000000,0.000000000,0.000000000,0.000000000,0.000000000,0.000000000,0.000000000,0.000000000,0.000000000,0.000000000,0.000000000,0.000000000,0.000000000,0.000000000,0.000000000,0.000000000,0.000000000,0.000000000,0.000000000,0.000000000,0.000000000,0.000000000,0.000000000,0.000000000,0.000000000,0.000000000,0.000000000,0.000000000,0.000000000,0.000000000,0.000000000,0.000000000,0.000000000,0.000000000,0.000000000,0.000000000,0.000000000,0.000000000,0.000000000,0.000000000,0.000000000,0.000000000,0.000000000,0.000000000,0.000000000,0.000000000,0.000000000,0.000000000,0.000000000,0.000000000,0.000000000,0.000000000,0.000000000,0.000000000,0.000000000,0.000000000,0.000000000,0.000000000,0.000000000,0.000000000,0.000000000,0.000000000,0.000000000,0.000000000,0.000000000,0.000000000,0.000000000,0.000000000,0.000000000,0.000000000,0.000000000,0.000000000,0.000000000,0.000000000,0.000000000,0.000000000,0.000000000,0.000000000,0.000000000,0.000000000,0.000000000,0.000000000,0.000000000,0.000000000,0.000000000,0.000000000,0.000000000,0.000000000,0.000000000,0.000000000,0.000000000,0.000000000,0.000000000,0.000000000,0.000000000,0.000000000,0.000000000,0.000000000,0.000000000,0.000000000,0.000000000,0.000000000,0.000000000,0.000000000,0.000000000,0.000000000,0.000000000,0.000000000,0.000000000,0.000000000,0.000000000,0.000000000,0.000000000,0.000000000,0.000000000,0.000000000,0.000000000,0.000000000,0.000000000,0.000000000,0.000000000,0.000000000,0.000000000,0.000000000,0.000000000,0.000000000,0.000000000,0.000000000,0.000000000,0.000000000,0.000000000,0.000000000,0.000000000,0.000000000,0.000000000,0.000000000,0.000000000,0.000000000,0.000000000,0.000000000,0.000000000,0.000000000,0.000000000,0.000000000,0.000000000,0.000000000,0.000000000,0.000000000,0.000000000,0.000000000,0.000000000,0.000000000,0.000000000,0.000000000
0,1,6,0.000000000,0.000000000,0.000000000,0.000000000,0.000000000,0.000000000,0.000000000,0.000000000,0.000000000,0.000000000,0.000000000,0.000000000,0.000000000,0.000000000,0.000000000,0.000000000,0.000000000,0.000000000,0.000000000,0.000000000,0.000000000,0.000000000,0.000000000,0.000000000,0.000000000,0.000000000,0.000000000,0.000000000,0.000000000,0.000000000,0.000000000,0.000000000,0.000000000,0.000000000,0.000000000,0.000000000,0.000000000,0.000000000,0.000000000,0.000000000,0.000000000,0.000000000,0.000000000,0.000000000,0.000000000,0.000000000,0.000000000,0.000000000,0.000000000,0.000000000,0.000000000,0.000000000,0.000000000,0.000000000,0.000000000,0.000000000,0.000000000,0.000000000,0.000000000,0.000000000,0.000000000,0.000000000,0.000000000,0.000000000,0.000000000,0.000000000,0.000000000,0.000000000,0.000000000,0.000000000,0.000000000,0.000000000,0.000000000,0.000000000,0.000000000,0.000000000,0.000000000,0.000000000,0.000000000,0.000000000,0.000000000,0.000000000,0.000000000,0.000000000,0.000000000,0.000000000,0.000000000,0.000000000,0.000000000,0.000000000,0.000000000,0.000000000,0.000000000,0.000000000,0.000000000,0.000000000,0.000000000,0.000000000,0.000000000,0.000000000,0.000000000,0.000000000,0.000000000,0.000000000,0.000000000,0.000000000,0.000000000,0.000000000,0.000000000,0.000000000,0.000000000,0.000000000,0.000000000,0.000000000,0.000000000,0.000000000,0.000000000,0.000000000,0.000000000,0.000000000,0.000000000,0.000000000,0.000000000,0.000000000,0.000000000,0.000000000,0.000000000,0.000000000,0.000000000,0.000000000,0.000000000,0.000000000,0.000000000,0.000000000,0.000000000,0.000000000,0.000000000,0.000000000,0.000000000,0.000000000,0.000000000,0.000000000,0.000000000,0.000000000,0.000000000,0.000000000,0.000000000,0.000000000,0.000000000,0.000000000,0.000000000,0.000000000,0.000000000,0.000000000,0.000000000,0.000000000,0.000000000,0.000000000,0.000000000,0.000000000,0.000000000,0.000000000,0.000000000,0.000000000,0.000000000,0.000000000,0.000000000,0.000000000,0.000000000,0.000000000,0.000000000,0.000000000,0.000000000,0.000000000,0.000000000,0.000000000,0.000000000,0.000000000,0.000000000,0.000000000,0.000000000,0.000000000,0.000000000,0.000000000,0.000000000,0.000000000,0.000000000,0.000000000,0.000000000,0.000000000,0.000000000,0.000000000,0.000000000,0.000000000,0.000000000,0.000000000,0.000000000,0.000000000,0.000000000,0.000000000,0.000000000,0.000000000,0.000000000,0.000000000,0.000000000,0.000000000,0.000000000,0.000000000,0.000000000,0.000000000,0.000000000,0.000000000,0.000000000,0.000000000,0.000000000,0.000000000,0.000000000,0.000000000,0.000000000,0.000000000,0.000000000,0.000000000,0.000000000,0.000000000,0.000000000,0.000000000,0.000000000,0.000000000,0.000000000,0.000000000,0.000000000,0.000000000,0.000000000,0.000000000,0.000000000,0.000000000,0.000000000
0,1,7,0.000000000,0.000000000,0.000000000,0.000000000,0.000000000,0.000000000,0.000000000,0.000000000,0.000000000,0.000000000,0.000000000,0.000000000,0.000000000,0.000000000,0.000000000,0.000000000,0.000000000,0.000000000,0.000000000,0.000000000,0.000000000,0.000000000,0.000000000,0.000000000,0.000000000,0.000000000,0.000000000,0.000000000,0.000000000,0.000000000,0.000000000,0.000000000,0.000000000,0.000000000,0.000000000,0.000000000,0.000000000,0.000000000,0.000000000,0.000000000,0.000000000,0.000000000,0.000000000,0.000000000,0.000000000,0.000000000,0.000000000,0.000000000,0.000000000,0.000000000,0.000000000,0.000000000,0.000000000,0.000000000,0.000000000,0.000000000,0.000000000,0.000000000,0.000000000,0.000000000,0.000000000,0.000000000,0.000000000,0.000000000,0.000000000,0.000000000,0.000000000,0.000000000,0.000000000,0.000000000,0.000000000,0.000000000,0.000000000,0.000000000,0.000000000,0.000000000,0.000000000,0.000000000,0.000000000,0.000000000,0.000000000,0.000000000,0.000000000,0.000000000,0.000000000,0.000000000,0.000000000,0.000000000,0.000000000,0.000000000,0.000000000,0.000000000,0.000000000,0.000000000,0.000000000,0.000000000,0.000000000,0.000000000,0.000000000,0.000000000,0.000000000,0.000000000,0.000000000,0.000000000,0.000000000,0.000000000,0.000000000,0.000000000,0.000000000,0.000000000,0.000000000,0.000000000,0.000000000,0.000000000,0.000000000,0.000000000,0.000000000,0.000000000,0.000000000,0.000000000,0.000000000,0.000000000,0.000000000,0.000000000,0.000000000,0.000000000,0.000000000,0.000000000,0.000000000,0.000000000,0.000000000,0.000000000,0.000000000,0.000000000,0.000000000,0.000000000,0.000000000,0.000000000,0.000000000,0.000000000,0.000000000,0.000000000,0.000000000,0.000000000,0.000000000,0.000000000,0.000000000,0.000000000,0.000000000,0.000000000,0.000000000,0.000000000,0.000000000,0.000000000,0.000000000,0.000000000,0.000000000,0.000000000,0.000000000,0.000000000,0.000000000,0.000000000,0.000000000,0.000000000,0.000000000,0.000000000,0.000000000,0.000000000,0.000000000,0.000000000,0.000000000,0.000000000,0.000000000,0.000000000,0.000000000,0.000000000,0.000000000,0.000000000,0.000000000,0.000000000,0.000000000,0.000000000,0.000000000,0.000000000,0.000000000,0.000000000,0.000000000,0.000000000,0.000000000,0.000000000,0.000000000,0.000000000,0.000000000,0.000000000,0.000000000,0.000000000,0.000000000,0.000000000,0.000000000,0.000000000,0.000000000,0.000000000,0.000000000,0.000000000,0.000000000,0.000000000,0.000000000,0.000000000,0.000000000,0.000000000,0.000000000,0.000000000,0.000000000,0.000000000,0.000000000,0.000000000,0.000000000,0.000000000,0.000000000,0.000000000,0.000000000,0.000000000,0.000000000,0.000000000,0.000000000,0.000000000,0.000000000,0.000000000,0.000000000,0.000000000,0.000000000,0.000000000,0.000000000,0.000000000,0.000000000,0.000000000,0.000000000
0,1,8,0.000003987,0.000003987,0.000003987,0.000003987,0.000003987,0.000003987,0.000003987,0.000003987,0.000003987,0.000003987,0.000003987,0.000003987,0.000003987,0.000003987,0.000003987,0.000003987,0.000003987,0.000003987,0.000003987,0.000003987,0.000003987,0.000003987,0.000003987,0.000003987,0.000003987,0.000003987,0.000003987,0.000004612,0.000005337,0.000006177,0.000007149,0.000008273,0.000009571,0.000011069,0.000012793,0.000014774,0.000017047,0.000019649,0.000022624,0.000026022,0.000029900,0.000034325,0.000039378,0.000045166,0.000051822,0.000059509,0.000068431,0.000078827,0.000090946,0.000105041,0.000121291,0.000139790,0.000160517,0.000183276,0.000207659,0.000233006,0.000258397,0.000282737,0.000305080,0.000324711,0.000341617,0.000356218,0.000369218,0.000381545,0.000394310,0.000408780,0.000426394,0.000448652,0.000476679,0.000511413,0.000552950,0.000600927,0.000645338,0.000691630,0.000737276,0.000779128,0.000813561,0.000837088,0.000847789,0.000845221,0.000831477,0.000809699,0.000783360,0.000756115,0.000731346,0.000712028,0.000700848,0.000700003,0.000710189,0.000731644,0.000763318,0.000803671,0.000850745,0.000901816,0.000953249,0.001000415,0.001037797,0.001060290,0.001066815,0.001058513,0.001039030,0.001012835,0.000983825,0.000953399,0.000922321,0.000891309,0.000861019,0.000832373,0.000807480,0.000788486,0.000777053,0.000774824,0.000782559,0.000796751,0.000812720,0.000825522,0.000829971,0.000822347,0.000805031,0.000781863,0.000756222,0.000731125,0.000708703,0.000688660,0.000670169,0.000646123,0.000618595,0.000587995,0.000555146,0.000520970,0.000481544,0.000443556,0.000407603,0.000373861,0.000342376,0.000313150,0.000286149,0.000286149,0.000286149,0.000286149,0.000286149,0.000286149,0.000286149,0.000286149,0.000286149,0.000286149,0.000286149,0.000286149,0.000286149,0.000286149,0.000286149,0.000286149,0.000286149,0.000286149,0.000286149,0.000286149,0.000286149,0.000286149,0.000286149,0.000286149,0.000286149,0.000286149,0.000286149,0.000286149,0.000286149,0.000286149,0.000286149,0.000286149,0.000286149,0.000286149,0.000286149,0.000286149,0.000286149,0.000286149,0.000286149,0.000286149,0.000286149,0.000286149,0.000286149,0.000286149,0.000286149,0.000286149,0.000286149,0.000286149,0.000286149,0.000286149,0.000286149,0.000286149,0.000286149,0.000286149,0.000286149,0.000286149,0.000286149,0.000286149,0.000286149,0.000286149,0.000286149,0.000286149,0.000286149,0.000286149,0.000286149,0.000286149,0.000286149,0.000286149,0.000286149,0.000286149,0.000286149,0.000286149,0.000286149,0.000286149,0.000286149,0.000286149,0.000286149,0.000286149,0.000286149,0.000286149,0.000286149,0.000286149,0.000286149,0.000286149,0.000286149,0.000286149,0.000286149,0.000286149,0.000286149,0.000286149,0.000286149,0.000286149,0.000286149,0.000286149,0.000286149,0.000286149,0.000286149,0.000286149,0.000286149,0.000286149,0.000286149
0,1,9,0.000009293,0.000009293,0.000009293,0.000009293,0.000009293,0.000009293,0.000009293,0.000009293,0.000009293,0.000009293,0.000009293,0.000009293,0.000009293,0.000009293,0.000009293,0.000009293,0.000009293,0.000009293,0.000009293,0.000009293,0.000009293,0.000009293,0.000009293,0.000009293,0.000009293,0.000009293,0.000009293,0.000010751,0.000012441,0.000014398,0.000016663,0.000019282,0.000022309,0.000025800,0.000029819,0.000034437,0.000039734,0.000045798,0.000052732,0.000060648,0.000069677,0.000079974,0.000091726,0.000105177,0.000120631,0.000138467,0.000159148,0.000183225,0.000211231,0.000243564,0.000280481,0.000322047,0.000368023,0.000417751,0.000470069,0.000523267,0.000575084,0.000622961,0.000665042,0.000701001,0.000731399,0.000757411,0.000780738,0.000803493,0.000828121,0.000857377,0.000894386,0.000942457,0.001003743,0.001078532,0.001166360,0.001266124,0.001356349,0.001448136,0.001535817,0.001612557,0.001670771,0.001703500,0.001708214,0.001688136,0.001648856,0.001596856,0.001538958,0.001482139,0.001432744,0.001396354,0.001378099,0.001382354,0.001410030,0.001458946,0.001526323,0.001608939,0.001702546,0.001801258,0.001897337,0.001981181,0.002041693,0.002069037,0.002062568,0.002028675,0.001975782,0.001912670,0.001846726,0.001780474,0.001715192,0.001652045,0.001592072,0.001536800,0.001489767,0.001454056,0.001432497,0.001428104,0.001442263,0.001468516,0.001498246,0.001522353,0.001531273,0.001518121,0.001487123,0.001444838,0.001397417,0.001350487,0.001308034,0.001269550,0.001233540,0.001186975,0.001133766,0.001074769,0.001011709,0.000946791,0.000872983,0.000802382,0.000735984,0.000674023,0.000616503,0.000563361,0.000514475,0.000514475,0.000514475,0.000514475,0.000514475,0.000514475,0.000514475,0.000514475,0.000514475,0.000514475,0.000514475,0.000514475,0.000514475,0.000514475,0.000514475,0.000514475,0.000514475,0.000514475,0.000514475,0.000514475,0.000514475,0.000514475,0.000514475,0.000514475,0.000514475,0.000514475,0.000514475,0.000514475,0.000514475,0.000514475,0.000514475,0.000514475,0.000514475,0.000514475,0.000514475,0.000514475,0.000514475,0.000514475,0.000514475,0.000514475,0.000514475,0.000514475,0.000514475,0.000514475,0.000514475,0.000514475,0.000514475,0.000514475,0.000514475,0.000514475,0.000514475,0.000514475,0.000514475,0.000514475,0.000514475,0.000514475,0.000514475,0.000514475,0.000514475,0.000514475,0.000514475,0.000514475,0.000514475,0.000514475,0.000514475,0.000514475,0.000514475,0.000514475,0.000514475,0.000514475,0.000514475,0.000514475,0.000514475,0.000514475,0.000514475,0.000514475,0.000514475,0.000514475,0.000514475,0.000514475,0.000514475,0.000514475,0.000514475,0.000514475,0.000514475,0.000514475,0.000514475,0.000514475,0.000514475,0.000514475,0.000514475,0.000514475,0.000514475,0.000514475,0.000514475,0.000514475,0.000514475,0.000514475,0.000514475,0.000514475,0.000514475
0,1,10,0.000021660,0.000021660,0.000021660,0.000021660,0.000021660,0.000021660,0.000021660,0.000021660,0.000021660,0.000021660,0.000021660,0.000021660,0.000021660,0.000021660,0.000021660,0.000021660,0.000021660,0.000021660,0.000021660,0.000021660,0.000021660,0.000021660,0.000021660,0.000021660,0.000021660,0.000021660,0.000021660,0.000025059,0.000028997,0.000033559,0.000038839,0.000044944,0.000051998,0.000060135,0.000069502,0.000080266,0.000092611,0.000106745,0.000122897,0.000141328,0.000162339,0.000186283,0.000213590,0.000244819,0.000280671,0.000322009,0.000369899,0.000425524,0.000489747,0.000563177,0.000646097,0.000738274,0.000838732,0.000945495,0.001055459,0.001164356,0.001266842,0.001357698,0.001435402,0.001500488,0.001554765,0.001601200,0.001643727,0.001687031,0.001736429,0.001797888,0.001878226,0.001983914,0.002116120,0.002274195,0.002456549,0.002660039,0.002838733,0.003015267,0.003177185,0.003310004,0.003398332,0.003430575,0.003409905,0.003345778,0.003249966,0.003135345,0.003015002,0.002902045,0.002808322,0.002744366,0.002720173,0.002743295,0.002810368,0.002915875,0.003054117,0.003218126,0.003398618,0.003582934,0.003754832,0.003894783,0.003981065,0.003997118,0.003949921,0.003854772,0.003728468,0.003587819,0.003446539,0.003309002,0.003177209,0.003052936,0.002937737,0.002833723,0.002745739,0.002679034,0.002638781,0.002630499,0.002656738,0.002705617,0.002761291,0.002807014,0.002825149,0.002802703,0.002746455,0.002668301,0.002579690,0.002491110,0.002410008,0.002335507,0.002264913,0.002174412,0.002071381,0.001957819,0.001837889,0.001715772,0.001578657,0.001448351,0.001326496,0.001213364,0.001108829,0.001012659,0.000924532,0.000924532,0.000924532,0.000924532,0.000924532,0.000924532,0.000924532,0.000924532,0.000924532,0.000924532,0.000924532,0.000924532,0.000924532,0.000924532,0.000924532,0.000924532,0.000924532,0.000924532,0.000924532,0.000924532,0.000924532,0.000924532,0.000924532,0.000924532,0.000924532,0.000924532,0.000924532,0.000924532,0.000924532,0.000924532,0.000924532,0.000924532,0.000924532,0.000924532,0.000924532,0.000924532,0.000924532,0.000924532,0.000924532,0.000924532,0.000924532,0.000924532,0.000924532,0.000924532,0.000924532,0.000924532,0.000924532,0.000924532,0.000924532,0.000924532,0.000924532,0.000924532,0.000924532,0.000924532,0.000924532,0.000924532,0.000924532,0.000924532,0.000924532,0.000924532,0.000924532,0.000924532,0.000924532,0.000924532,0.000924532,0.000924532,0.000924532,0.000924532,0.000924532,0.000924532,0.000924532,0.000924532,0.000924532,0.000924532,0.000924532,0.000924532,0.000924532,0.000924532,0.000924532,0.000924532,0.000924532,0.000924532,0.000924532,0.000924532,0.000924532,0.000924532,0.000924532,0.000924532,0.000924532,0.000924532,0.000924532,0.000924532,0.000924532,0.000924532,0.000924532,0.000924532,0.000924532,0.000924532,0.000924532,0.000924532,0.000924532
0,1,11,0.000050337,0.000050337,0.000050337,0.000050337,0.000050337,0.000050337,0.000050337,0.000050337,0.000050337,0.000050337,0.000050337,0.000050337,0.000050337,0.000050337,0.000050337,0.000050337,0.000050337,0.000050337,0.000050337,0.000050337,0.000050337,0.000050337,0.000050337,0.000050337,0.000050337,0.000050337,0.000050337,0.000058234,0.000067387,0.000077987,0.000090256,0.000104444,0.000120835,0.000139742,0.000161509,0.000186520,0.000215203,0.000248029,0.000285522,0.000328278,0.000376984,0.000432447,0.000495649,0.000567865,0.000650690,0.000746098,0.000856369,0.000983482,0.001128812,0.001293138,0.001476354,0.001677054,0.001892053,0.002115894,0.002340705,0.002556275,0.002751600,0.002920377,0.003061900,0.003178628,0.003275435,0.003359340,0.003439126,0.003524979,0.003628352,0.003762157,0.003939564,0.004167403,0.004445740,0.004772127,0.005141745,0.005546194,0.005888106,0.006213620,0.006496129,0.006705965,0.006816513,0.006820662,0.006731017,0.006567993,0.006355249,0.006117594,0.005879598,0.005665578,0.005497610,0.005395794,0.005377227,0.005446506,0.005594968,0.005811645,0.006084430,0.006398101,0.006732507,0.007060880,0.007349959,0.007561235,0.007656934,0.007620780,0.007472385,0.007242672,0.006964027,0.006667797,0.006378853,0.006104492,0.005847600,0.005610687,0.005395218,0.005201864,0.005038707,0.004915299,0.004841072,0.004826124,0.004875146,0.004966397,0.005070865,0.005157852,0.005194498,0.005155042,0.005051480,0.004905808,0.004739269,0.004571338,0.004415844,0.004271292,0.004132853,0.003957284,0.003758886,0.003543255,0.003318304,0.003091419,0.002839363,0.002601205,0.002379616,0.002174825,0.001986383,0.001813672,0.001655867,0.001655867,0.001655867,0.001655867,0.001655867,0.001655867,0.001655867,0.001655867,0.001655867,0.001655867,0.001655867,0.001655867,0.001655867,0.001655867,0.001655867,0.001655867,0.001655867,0.001655867,0.001655867,0.001655867,0.001655867,0.001655867,0.001655867,0.001655867,0.001655867,0.001655867,0.001655867,0.001655867,0.001655867,0.001655867,0.001655867,0.001655867,0.001655867,0.001655867,0.001655867,0.001655867,0.001655867,0.001655867,0.001655867,0.001655867,0.001655867,0.001655867,0.001655867,0.001655867,0.001655867,0.001655867,0.001655867,0.001655867,0.001655867,0.001655867,0.001655867,0.001655867,0.001655867,0.001655867,0.001655867,0.001655867,0.001655867,0.001655867,0.001655867,0.001655867,0.001655867,0.001655867,0.001655867,0.001655867,0.001655867,0.001655867,0.001655867,0.001655867,0.001655867,0.001655867,0.001655867,0.001655867,0.001655867,0.001655867,0.001655867,0.001655867,0.001655867,0.001655867,0.001655867,0.001655867,0.001655867,0.001655867,0.001655867,0.001655867,0.001655867,0.001655867,0.001655867,0.001655867,0.001655867,0.001655867,0.001655867,0.001655867,0.001655867,0.001655867,0.001655867,0.001655867,0.001655867,0.001655867,0.001655867,0.001655867,0.001655867
0,1,12,0.000114906,0.000114906,0.000114906,0.000114906,0.000114906,0.000114906,0.000114906,0.000114906,0.000114906,0.000114906,0.000114906,0.000114906,0.000114906,0.000114906,0.000114906,0.000114906,0.000114906,0.000114906,0.000114906,0.000114906,0.000114906,0.000114906,0.000114906,0.000114906,0.000114906,0.000114906,0.000114906,0.000132931,0.000153823,0.000178020,0.000206023,0.000238406,0.000275818,0.000318969,0.000368646,0.000425721,0.000491149,0.000565982,0.000651399,0.000748737,0.000859532,0.000985590,0.001129099,0.001292908,0.001480583,0.001696245,0.001943571,0.002225836,0.002544937,0.002901147,0.003292515,0.003713981,0.004156481,0.004606096,0.005044061,0.005449577,0.005808934,0.006113877,0.006365687,0.006571723,0.006743745,0.006897385,0.007051491,0.007227594,0.007449908,0.007742540,0.008119186,0.008589416,0.009151518,0.009797842,0.010515225,0.011282751,0.011899607,0.012458535,0.012905473,0.013189426,0.013288450,0.013200811,0.012954928,0.012591874,0.012156866,0.011695890,0.011253714,0.010874424,0.010598683,0.010459429,0.010469201,0.010633257,0.010935322,0.011353104,0.011860861,0.012425992,0.013006170,0.013547108,0.013983922,0.014250585,0.014304028,0.014126031,0.013757421,0.013257255,0.012685105,0.012097099,0.011536733,0.011015574,0.010537326,0.010103857,0.009711801,0.009360874,0.009065504,0.008842779,0.008709610,0.008684160,0.008774952,0.008943009,0.009136263,0.009298731,0.009367936,0.009296525,0.009106227,0.008837016,0.008527573,0.008213346,0.007919476,0.007643467,0.007376850,0.007043665,0.006673150,0.006275994,0.005865973,0.005455802,0.005004143,0.004579537,0.004186214,0.003824158,0.003492217,0.003188830,0.002911724,0.002911724,0.002911724,0.002911724,0.002911724,0.002911724,0.002911724,0.002911724,0.002911724,0.002911724,0.002911724,0.002911724,0.002911724,0.002911724,0.002911724,0.002911724,0.002911724,0.002911724,0.002911724,0.002911724,0.002911724,0.002911724,0.002911724,0.002911724,0.002911724,0.002911724,0.002911724,0.002911724,0.002911724,0.002911724,0.002911724,0.002911724,0.002911724,0.002911724,0.002911724,0.002911724,0.002911724,0.002911724,0.002911724,0.002911724,0.002911724,0.002911724,0.002911724,0.002911724,0.002911724,0.002911724,0.002911724,0.002911724,0.002911724,0.002911724,0.002911724,0.002911724,0.002911724,0.002911724,0.002911724,0.002911724,0.002911724,0.002911724,0.002911724,0.002911724,0.002911724,0.002911724,0.002911724,0.002911724,0.002911724,0.002911724,0.002911724,0.002911724,0.002911724,0.002911724,0.002911724,0.002911724,0.002911724,0.002911724,0.002911724,0.002911724,0.002911724,0.002911724,0.002911724,0.002911724,0.002911724,0.002911724,0.002911724,0.002911724,0.002911724,0.002911724,0.002911724,0.002911724,0.002911724,0.002911724,0.002911724,0.002911724,0.002911724,0.002911724,0.002911724,0.002911724,0.002911724,0.002911724,0.002911724,0.002911724,0.002911724
0,1,13,0.000253088,0.000253088,0.000253088,0.000253088,0.000253088,0.000253088,0.000253088,0.000253088,0.000253088,0.000253088,0.000253088,0.000253088,0.000253088,0.000253088,0.000253088,0.000253088,0.000253088,0.000253088,0.000253088,0.000253088,0.000253088,0.000253088,0.000253088,0.000253088,0.000253088,0.000253088,0.000253088,0.000292787,0.000338796,0.000392081,0.000453746,0.000525052,0.000607429,0.000702436,0.000811794,0.000937380,0.001081257,0.001245704,0.001433264,0.001646813,0.001889658,0.002165669,0.002479537,0.002837373,0.003246287,0.003712421,0.004241517,0.004838424,0.005504487,0.006237048,0.007028276,0.007863528,0.008719837,0.009564712,0.010361135,0.011084502,0.011716303,0.012245169,0.012678223,0.013033649,0.013337281,0.013621740,0.013925477,0.014292196,0.014764779,0.015365217,0.016112372,0.017022211,0.018087012,0.019286114,0.020587168,0.021942433,0.022957658,0.023813688,0.024420562,0.024736424,0.024741762,0.024440814,0.023890667,0.023168058,0.022354398,0.021530822,0.020775600,0.020165763,0.019764039,0.019591861,0.019665633,0.019996662,0.020553864,0.021292575,0.022159979,0.023089785,0.023998411,0.024783226,0.025337300,0.025589434,0.025483573,0.024996859,0.024206382,0.023216936,0.022131190,0.021043963,0.020027399,0.019098729,0.018259605,0.017502532,0.016819107,0.016208728,0.015696279,0.015311280,0.015083003,0.015043002,0.015206278,0.015505658,0.015849895,0.016136577,0.016255784,0.016125430,0.015783659,0.015300500,0.014743771,0.014175495,0.013639559,0.013131959,0.012639875,0.012039206,0.011381486,0.010684582,0.009971394,0.009262871,0.008488200,0.007763044,0.007093840,0.006479933,0.005918530,0.005405501,0.004936722,0.004936722,0.004936722,0.004936722,0.004936722,0.004936722,0.004936722,0.004936722,0.004936722,0.004936722,0.004936722,0.004936722,0.004936722,0.004936722,0.004936722,0.004936722,0.004936722,0.004936722,0.004936722,0.004936722,0.004936722,0.004936722,0.004936722,0.004936722,0.004936722,0.004936722,0.004936722,0.004936722,0.004936722,0.004936722,0.004936722,0.004936722,0.004936722,0.004936722,0.004936722,0.004936722,0.004936722,0.004936722,0.004936722,0.004936722,0.004936722,0.004936722,0.004936722,0.004936722,0.004936722,0.004936722,0.004936722,0.004936722,0.004936722,0.004936722,0.004936722,0.004936722,0.004936722,0.004936722,0.004936722,0.004936722,0.004936722,0.004936722,0.004936722,0.004936722,0.004936722,0.004936722,0.004936722,0.004936722,0.004936722,0.004936722,0.004936722,0.004936722,0.004936722,0.004936722,0.004936722,0.004936722,0.004936722,0.004936722,0.004936722,0.004936722,0.004936722,0.004936722,0.004936722,0.004936722,0.004936722,0.004936722,0.004936722,0.004936722,0.004936722,0.004936722,0.004936722,0.004936722,0.004936722,0.004936722,0.004936722,0.004936722,0.004936722,0.004936722,0.004936722,0.004936722,0.004936722,0.004936722,0.004936722,0.004936722,0.004936722
0,1,14,0.000525714,0.000525714,0.000525714,0.000525714,0.000525714,0.000525714,0.000525714,0.000525714,0.000525714,0.000525714,0.000525714,0.000525714,0.000525714,0.000525714,0.000525714,0.000525714,0.000525714,0.000525714,0.000525714,0.000525714,0.000525714,0.000525714,0.000525714,0.000525714,0.000525714,0.000525714,0.000525714,0.000608157,0.000703700,0.000814343,0.000942376,0.001090414,0.001261416,0.001458598,0.001685446,0.001945782,0.002243805,0.002584143,0.002971943,0.003413007,0.003913993,0.004482669,0.005128446,0.005862627,0.006694645,0.007633001,0.008685413,0.009856885,0.011144403,0.012536161,0.014009593,0.015528753,0.017042262,0.018489695,0.019831190,0.021035885,0.022077813,0.022943835,0.023654091,0.024247477,0.024775433,0.025300834,0.025896970,0.026635510,0.027549608,0.028665702,0.030014408,0.031618886,0.033456210,0.035478037,0.037614027,0.039766610,0.041218644,0.042324904,0.043017205,0.043257285,0.043022919,0.042329056,0.041278188,0.040001860,0.038636144,0.037315276,0.036168621,0.035305283,0.034761421,0.034561120,0.034735734,0.035304340,0.036209188,0.037365784,0.038673668,0.040009329,0.041222744,0.042155804,0.042704693,0.042783109,0.042313816,0.041271154,0.039785088,0.038024578,0.036151746,0.034314471,0.032623948,0.031100112,0.029727892,0.028491129,0.027376246,0.026382303,0.025549852,0.024927022,0.024561638,0.024505412,0.024783342,0.025284584,0.025852267,0.026317126,0.026499953,0.026267573,0.025683316,0.024862661,0.023917325,0.022949157,0.022029971,0.021156099,0.020316233,0.019312534,0.018227338,0.017088417,0.015931310,0.014788325,0.013545327,0.012385880,0.011319216,0.010342917,0.009450020,0.008633534,0.007887031,0.007887031,0.007887031,0.007887031,0.007887031,0.007887031,0.007887031,0.007887031,0.007887031,0.007887031,0.007887031,0.007887031,0.007887031,0.007887031,0.007887031,0.007887031,0.007887031,0.007887031,0.007887031,0.007887031,0.007887031,0.007887031,0.007887031,0.007887031,0.007887031,0.007887031,0.007887031,0.007887031,0.007887031,0.007887031,0.007887031,0.007887031,0.007887031,0.007887031,0.007887031,0.007887031,0.007887031,0.007887031,0.007887031,0.007887031,0.007887031,0.007887031,0.007887031,0.007887031,0.007887031,0.007887031,0.007887031,0.007887031,0.007887031,0.007887031,0.007887031,0.007887031,0.007887031,0.007887031,0.007887031,0.007887031,0.007887031,0.007887031,0.007887031,0.007887031,0.007887031,0.007887031,0.007887031,0.007887031,0.007887031,0.007887031,0.007887031,0.007887031,0.007887031,0.007887031,0.007887031,0.007887031,0.007887031,0.007887031,0.007887031,0.007887031,0.007887031,0.007887031,0.007887031,0.007887031,0.007887031,0.007887031,0.007887031,0.007887031,0.007887031,0.007887031,0.007887031,0.007887031,0.007887031,0.007887031,0.007887031,0.007887031,0.007887031,0.007887031,0.007887031,0.007887031,0.007887031,0.007887031,0.007887031,0.007887031,0.007887031
0,1,15,0.000986780,0.000986780,0.000986780,0.000986780,0.000986780,0.000986780,0.000986780,0.000986780,0.000986780,0.000986780,0.000986780,0.000986780,0.000986780,0.000986780,0.000986780,0.000986780,0.000986780,0.000986780,0.000986780,0.000986780,0.000986780,0.000986780,0.000986780,0.000986780,0.000986780,0.000986780,0.000986780,0.001141469,0.001320718,0.001528272,0.001768413,0.002046032,0.002366634,0.002736102,0.003160839,0.003647862,0.004204854,0.004840249,0.005563389,0.006384767,0.007316376,0.008372178,0.009567487,0.010914738,0.012424687,0.014106507,0.015966615,0.018005124,0.020206378,0.022538210,0.024949374,0.027366248,0.029702939,0.031904139,0.033926260,0.035730546,0.037285872,0.038581271,0.039659318,0.040591268,0.041467203,0.042395226,0.043481857,0.044771086,0.046295454,0.048093251,0.050207264,0.052664855,0.055414048,0.058359776,0.061371796,0.064279029,0.065957169,0.067127512,0.067733115,0.067729840,0.067093399,0.065851947,0.064165745,0.062234977,0.060263820,0.058453840,0.056971775,0.055869388,0.055179202,0.054942264,0.055207180,0.055998920,0.057219821,0.058727603,0.060354549,0.061900283,0.063156461,0.063992716,0.064297721,0.063963644,0.062894873,0.061065894,0.058666360,0.055935431,0.053099560,0.050364157,0.047876901,0.045640010,0.043626089,0.041812124,0.040178643,0.038724585,0.037509777,0.036605209,0.036081572,0.036015531,0.036441840,0.037186314,0.038015357,0.038680041,0.038917517,0.038533835,0.037624305,0.036360766,0.034909058,0.033419700,0.032001925,0.030664207,0.029391668,0.027896545,0.026296892,0.024631320,0.022949342,0.021295778,0.019504678,0.017838871,0.016309518,0.014909288,0.013627608,0.012454715,0.011381605,0.011381605,0.011381605,0.011381605,0.011381605,0.011381605,0.011381605,0.011381605,0.011381605,0.011381605,0.011381605,0.011381605,0.011381605,0.011381605,0.011381605,0.011381605,0.011381605,0.011381605,0.011381605,0.011381605,0.011381605,0.011381605,0.011381605,0.011381605,0.011381605,0.011381605,0.011381605,0.011381605,0.011381605,0.011381605,0.011381605,0.011381605,0.011381605,0.011381605,0.011381605,0.011381605,0.011381605,0.011381605,0.011381605,0.011381605,0.011381605,0.011381605,0.011381605,0.011381605,0.011381605,0.011381605,0.011381605,0.011381605,0.011381605,0.011381605,0.011381605,0.011381605,0.011381605,0.011381605,0.011381605,0.011381605,0.011381605,0.011381605,0.011381605,0.011381605,0.011381605,0.011381605,0.011381605,0.011381605,0.011381605,0.011381605,0.011381605,0.011381605,0.011381605,0.011381605,0.011381605,0.011381605,0.011381605,0.011381605,0.011381605,0.011381605,0.011381605,0.011381605,0.011381605,0.011381605,0.011381605,0.011381605,0.011381605,0.011381605,0.011381605,0.011381605,0.011381605,0.011381605,0.011381605,0.011381605,0.011381605,0.011381605,0.011381605,0.011381605,0.011381605,0.011381605,0.011381605,0.011381605,0.011381605,0.011381605,0.011381605
0,1,16,0.001595901,0.001595901,0.001595901,0.001595901,0.001595901,0.001595901,0.001595901,0.001595901,0.001595901,0.001595901,0.001595901,0.001595901,0.001595901,0.001595901,0.001595901,0.001595901,0.001595901,0.001595901,0.001595901,0.001595901,0.001595901,0.001595901,0.001595901,0.001595901,0.001595901,0.001595901,0.001595901,0.001845950,0.002135659,0.002471062,0.002859054,0.003307471,0.003824995,0.004420932,0.005105410,0.005889480,0.006785189,0.007805704,0.008965535,0.010280910,0.011770300,0.013452940,0.015341256,0.017445666,0.019774250,0.022330940,0.025113718,0.028109252,0.031278743,0.034558128,0.037855892,0.041066615,0.044129353,0.046995379,0.049618681,0.051959620,0.053988103,0.055700835,0.057168620,0.058500450,0.059830460,0.061291588,0.062930815,0.064779931,0.066878987,0.069274036,0.072014678,0.075125020,0.078513655,0.082028636,0.085472234,0.088638706,0.090162896,0.091114435,0.091433732,0.091073389,0.090006553,0.088270635,0.086076539,0.083684693,0.081360018,0.079327540,0.077656612,0.076383797,0.075556044,0.075228713,0.075463131,0.076284100,0.077550255,0.079059243,0.080576858,0.081864199,0.082780973,0.083207453,0.083020384,0.082101094,0.080344226,0.077726446,0.074482457,0.070902345,0.067258293,0.063788777,0.060641322,0.057811094,0.055264445,0.052972899,0.050912221,0.049081371,0.047556500,0.046428038,0.045786294,0.045725795,0.046276838,0.047214988,0.048243397,0.049046027,0.049290509,0.048733829,0.047500370,0.045811154,0.043878719,0.041899571,0.040029292,0.038280333,0.036631369,0.034721848,0.032697546,0.030604687,0.028502746,0.026445341,0.024224461,0.022163540,0.020271079,0.018537145,0.016948961,0.015494698,0.014163416,0.014163416,0.014163416,0.014163416,0.014163416,0.014163416,0.014163416,0.014163416,0.014163416,0.014163416,0.014163416,0.014163416,0.014163416,0.014163416,0.014163416,0.014163416,0.014163416,0.014163416,0.014163416,0.014163416,0.014163416,0.014163416,0.014163416,0.014163416,0.014163416,0.014163416,0.014163416,0.014163416,0.014163416,0.014163416,0.014163416,0.014163416,0.014163416,0.014163416,0.014163416,0.014163416,0.014163416,0.014163416,0.014163416,0.014163416,0.014163416,0.014163416,0.014163416,0.014163416,0.014163416,0.014163416,0.014163416,0.014163416,0.014163416,0.014163416,0.014163416,0.014163416,0.014163416,0.014163416,0.014163416,0.014163416,0.014163416,0.014163416,0.014163416,0.014163416,0.014163416,0.014163416,0.014163416,0.014163416,0.014163416,0.014163416,0.014163416,0.014163416,0.014163416,0.014163416,0.014163416,0.014163416,0.014163416,0.014163416,0.014163416,0.014163416,0.014163416,0.014163416,0.014163416,0.014163416,0.014163416,0.014163416,0.014163416,0.014163416,0.014163416,0.014163416,0.014163416,0.014163416,0.014163416,0.014163416,0.014163416,0.014163416,0.014163416,0.014163416,0.014163416,0.014163416,0.014163416,0.014163416,0.014163416,0.014163416,0.014163416
0,1,17,0.002151027,0.002151027,0.002151027,0.002151027,0.002151027,0.002151027,0.002151027,0.002151027,0.002151027,0.002151027,0.002151027,0.002151027,0.002151027,0.002151027,0.002151027,0.002151027,0.002151027,0.002151027,0.002151027,0.002151027,0.002151027,0.002151027,0.002151027,0.002151027,0.002151027,0.002151027,0.002151027,0.002487898,0.002878150,0.003329889,0.003852332,0.004455796,0.005151758,0.005952515,0.006871398,0.007922895,0.009122734,0.010488020,0.012037521,0.013792124,0.015772949,0.017991659,0.020453948,0.023163393,0.026118793,0.029311888,0.032725265,0.036325872,0.040047778,0.043794385,0.047456756,0.050979895,0.054325114,0.057451823,0.060322139,0.062904596,0.065177278,0.067147991,0.068910779,0.070603231,0.072360931,0.074219342,0.076198233,0.078329020,0.080651630,0.083211181,0.086054358,0.089194307,0.092505368,0.095792872,0.098860860,0.101659970,0.102700407,0.103236185,0.103211396,0.102579162,0.101310019,0.099440926,0.097200404,0.094871075,0.092696992,0.090752087,0.089083852,0.087741332,0.086780899,0.086265255,0.086259831,0.086784325,0.087669273,0.088677669,0.089576543,0.090241751,0.090563590,0.090424058,0.089702097,0.088280888,0.086055897,0.083006162,0.079378503,0.075473441,0.071561328,0.067853232,0.064494856,0.061480304,0.058773306,0.056343107,0.054163506,0.052233053,0.050632596,0.049458505,0.048803469,0.048753311,0.049337117,0.050315201,0.051370153,0.052164747,0.052346235,0.051659625,0.050241827,0.048332042,0.046164405,0.043968004,0.041909267,0.039998424,0.038210668,0.036168255,0.034022171,0.031818951,0.029618607,0.027474905,0.025168518,0.023029176,0.021064394,0.019263936,0.017614601,0.016104160,0.014721298,0.014721298,0.014721298,0.014721298,0.014721298,0.014721298,0.014721298,0.014721298,0.014721298,0.014721298,0.014721298,0.014721298,0.014721298,0.014721298,0.014721298,0.014721298,0.014721298,0.014721298,0.014721298,0.014721298,0.014721298,0.014721298,0.014721298,0.014721298,0.014721298,0.014721298,0.014721298,0.014721298,0.014721298,0.014721298,0.014721298,0.014721298,0.014721298,0.014721298,0.014721298,0.014721298,0.014721298,0.014721298,0.014721298,0.014721298,0.014721298,0.014721298,0.014721298,0.014721298,0.014721298,0.014721298,0.014721298,0.014721298,0.014721298,0.014721298,0.014721298,0.014721298,0.014721298,0.014721298,0.014721298,0.014721298,0.014721298,0.014721298,0.014721298,0.014721298,0.014721298,0.014721298,0.014721298,0.014721298,0.014721298,0.014721298,0.014721298,0.014721298,0.014721298,0.014721298,0.014721298,0.014721298,0.014721298,0.014721298,0.014721298,0.014721298,0.014721298,0.014721298,0.014721298,0.014721298,0.014721298,0.014721298,0.014721298,0.014721298,0.014721298,0.014721298,0.014721298,0.014721298,0.014721298,0.014721298,0.014721298,0.014721298,0.014721298,0.014721298,0.014721298,0.014721298,0.014721298,0.014721298,0.014721298,0.014721298,0.014721298
0,1,18,0.002473535,0.002473535,0.002473535,0.002473535,0.002473535,0.002473535,0.002473535,0.002473535,0.002473535,0.002473535,0.002473535,0.002473535,0.002473535,0.002473535,0.002473535,0.002473535,0.002473535,0.002473535,0.002473535,0.002473535,0.002473535,0.002473535,0.002473535,0.002473535,0.002473535,0.002473535,0.002473535,0.002860811,0.003309421,0.003828630,0.004428819,0.005121660,0.005920146,0.006838154,0.007890677,0.009093954,0.010465543,0.012024468,0.013791514,0.015787161,0.018021714,0.020497841,0.023212071,0.026157033,0.029318584,0.032673550,0.036187856,0.039810076,0.043453828,0.047021042,0.050470209,0.053778096,0.056921686,0.059875385,0.062615456,0.065123412,0.067388803,0.069429729,0.071351292,0.073270712,0.075202441,0.077145480,0.079113488,0.081131722,0.083233350,0.085455453,0.087834681,0.090371094,0.092923330,0.095329009,0.097571988,0.099662652,0.100162804,0.100319909,0.100085827,0.099417529,0.098284343,0.096714877,0.094919694,0.093116186,0.091355653,0.089673662,0.088126677,0.086771250,0.085668601,0.084883115,0.084478318,0.084468984,0.084682792,0.084917684,0.085081032,0.085091683,0.084851308,0.084253677,0.083189324,0.081552052,0.079246052,0.076252108,0.072797980,0.069148881,0.065516615,0.062086121,0.058989963,0.056220540,0.053742625,0.051526480,0.049546883,0.047801532,0.046363725,0.045317709,0.044734075,0.044688575,0.045207667,0.046070418,0.046984458,0.047640195,0.047716002,0.046982669,0.045570453,0.043707385,0.041628547,0.039545519,0.037606385,0.035818102,0.034156447,0.032282516,0.030330539,0.028340804,0.026365316,0.024449043,0.022390814,0.020482618,0.018730935,0.017126438,0.015657189,0.014312150,0.013081121,0.013081121,0.013081121,0.013081121,0.013081121,0.013081121,0.013081121,0.013081121,0.013081121,0.013081121,0.013081121,0.013081121,0.013081121,0.013081121,0.013081121,0.013081121,0.013081121,0.013081121,0.013081121,0.013081121,0.013081121,0.013081121,0.013081121,0.013081121,0.013081121,0.013081121,0.013081121,0.013081121,0.013081121,0.013081121,0.013081121,0.013081121,0.013081121,0.013081121,0.013081121,0.013081121,0.013081121,0.013081121,0.013081121,0.013081121,0.013081121,0.013081121,0.013081121,0.013081121,0.013081121,0.013081121,0.013081121,0.013081121,0.013081121,0.013081121,0.013081121,0.013081121,0.013081121,0.013081121,0.013081121,0.013081121,0.013081121,0.013081121,0.013081121,0.013081121,0.013081121,0.013081121,0.013081121,0.013081121,0.013081121,0.013081121,0.013081121,0.013081121,0.013081121,0.013081121,0.013081121,0.013081121,0.013081121,0.013081121,0.013081121,0.013081121,0.013081121,0.013081121,0.013081121,0.013081121,0.013081121,0.013081121,0.013081121,0.013081121,0.013081121,0.013081121,0.013081121,0.013081121,0.013081121,0.013081121,0.013081121,0.013081121,0.013081121,0.013081121,0.013081121,0.013081121,0.013081121,0.013081121,0.013081121,0.013081121,0.013081121
0,1,19,0.002519516,0.002519516,0.002519516,0.002519516,0.002519516,0.002519516,0.002519516,0.002519516,0.002519516,0.002519516,0.002519516,0.002519516,0.002519516,0.002519516,0.002519516,0.002519516,0.002519516,0.002519516,0.002519516,0.002519516,0.002519516,0.002519516,0.002519516,0.002519516,0.002519516,0.002519516,0.002519516,0.002913975,0.003370868,0.003899458,0.004510174,0.005214761,0.006026260,0.006958566,0.008026645,0.009246665,0.010636048,0.012213615,0.013997582,0.015996609,0.018211851,0.020637352,0.023259709,0.026060532,0.029013853,0.032084313,0.035225926,0.038376618,0.041459079,0.044445925,0.047328227,0.050098993,0.052750850,0.055273315,0.057656753,0.059895265,0.061989040,0.063963136,0.065892980,0.067773270,0.069582473,0.071313016,0.072971154,0.074573941,0.076145443,0.077712588,0.079300719,0.080900781,0.082416075,0.083856643,0.085256291,0.086633928,0.086753105,0.086708494,0.086461096,0.085973992,0.085217916,0.084211162,0.083084837,0.081856451,0.080531329,0.079144100,0.077749282,0.076405548,0.075175069,0.074120297,0.073299968,0.072726661,0.072275522,0.071883254,0.071498509,0.071053389,0.070466359,0.069648070,0.068505982,0.066949965,0.064898187,0.062332933,0.059435657,0.056396780,0.053385274,0.050553590,0.048009490,0.045744220,0.043726660,0.041930746,0.040334534,0.038935074,0.037788166,0.036950051,0.036475844,0.036427394,0.036825439,0.037488323,0.038176301,0.038636720,0.038609356,0.037912008,0.036659626,0.035056969,0.033298622,0.031553846,0.029939574,0.028459640,0.027093245,0.025570592,0.023997545,0.022405005,0.020831880,0.019308661,0.017675332,0.016162356,0.014774571,0.013504313,0.012341899,0.011278398,0.010305583,0.010305583,0.010305583,0.010305583,0.010305583,0.010305583,0.010305583,0.010305583,0.010305583,0.010305583,0.010305583,0.010305583,0.010305583,0.010305583,0.010305583,0.010305583,0.010305583,0.010305583,0.010305583,0.010305583,0.010305583,0.010305583,0.010305583,0.010305583,0.010305583,0.010305583,0.010305583,0.010305583,0.010305583,0.010305583,0.010305583,0.010305583,0.010305583,0.010305583,0.010305583,0.010305583,0.010305583,0.010305583,0.010305583,0.010305583,0.010305583,0.010305583,0.010305583,0.010305583,0.010305583,0.010305583,0.010305583,0.010305583,0.010305583,0.010305583,0.010305583,0.010305583,0.010305583,0.010305583,0.010305583,0.010305583,0.010305583,0.010305583,0.010305583,0.010305583,0.010305583,0.010305583,0.010305583,0.010305583,0.010305583,0.010305583,0.010305583,0.010305583,0.010305583,0.010305583,0.010305583,0.010305583,0.010305583,0.010305583,0.010305583,0.010305583,0.010305583,0.010305583,0.010305583,0.010305583,0.010305583,0.010305583,0.010305583,0.010305583,0.010305583,0.010305583,0.010305583,0.010305583,0.010305583,0.010305583,0.010305583,0.010305583,0.010305583,0.010305583,0.010305583,0.010305583,0.010305583,0.010305583,0.010305583,0.010305583,0.010305583
0,1,20,0.002359708,0.002359708,0.002359708,0.002359708,0.002359708,0.002359708,0.002359708,0.002359708,0.002359708,0.002359708,0.002359708,0.002359708,0.002359708,0.002359708,0.002359708,0.002359708,0.002359708,0.002359708,0.002359708,0.002359708,0.002359708,0.002359708,0.002359708,0.002359708,0.002359708,0.002359708,0.002359708,0.002729170,0.003156963,0.003651658,0.004222919,0.004881610,0.005639775,0.006510213,0.007506675,0.008643981,0.009938061,0.011404210,0.013049616,0.014874807,0.016873814,0.019033042,0.021331190,0.023741830,0.026231406,0.028758095,0.031271354,0.033721349,0.036094171,0.038390345,0.040613734,0.042769276,0.044861002,0.046889740,0.048856473,0.050764733,0.052622544,0.054434514,0.056170704,0.057796744,0.059288055,0.060632681,0.061831213,0.062894031,0.063837778,0.064681487,0.065442548,0.066140960,0.066822347,0.067530989,0.068299249,0.069147244,0.069095393,0.069022282,0.068897738,0.068692130,0.068380318,0.067938388,0.067328829,0.066529098,0.065542692,0.064398185,0.063142804,0.061832954,0.060528356,0.059287132,0.058162011,0.057188329,0.056354714,0.055629686,0.054970217,0.054321887,0.053620571,0.052795215,0.051772147,0.050479491,0.048851602,0.046866553,0.044640559,0.042315583,0.040021503,0.037874051,0.035953848,0.034252298,0.032744167,0.031408498,0.030227781,0.029196563,0.028346823,0.027718876,0.027354340,0.027299316,0.027568344,0.028023846,0.028485092,0.028762864,0.028664305,0.028060450,0.027053411,0.025800221,0.024445179,0.023112370,0.021886444,0.020768903,0.019743398,0.018612525,0.017452849,0.016285201,0.015134031,0.014020618,0.012828755,0.011725685,0.010714708,0.009790032,0.008944434,0.008171270,0.007464436,0.007464436,0.007464436,0.007464436,0.007464436,0.007464436,0.007464436,0.007464436,0.007464436,0.007464436,0.007464436,0.007464436,0.007464436,0.007464436,0.007464436,0.007464436,0.007464436,0.007464436,0.007464436,0.007464436,0.007464436,0.007464436,0.007464436,0.007464436,0.007464436,0.007464436,0.007464436,0.007464436,0.007464436,0.007464436,0.007464436,0.007464436,0.007464436,0.007464436,0.007464436,0.007464436,0.007464436,0.007464436,0.007464436,0.007464436,0.007464436,0.007464436,0.007464436,0.007464436,0.007464436,0.007464436,0.007464436,0.007464436,0.007464436,0.007464436,0.007464436,0.007464436,0.007464436,0.007464436,0.007464436,0.007464436,0.007464436,0.007464436,0.007464436,0.007464436,0.007464436,0.007464436,0.007464436,0.007464436,0.007464436,0.007464436,0.007464436,0.007464436,0.007464436,0.007464436,0.007464436,0.007464436,0.007464436,0.007464436,0.007464436,0.007464436,0.007464436,0.007464436,0.007464436,0.007464436,0.007464436,0.007464436,0.007464436,0.007464436,0.007464436,0.007464436,0.007464436,0.007464436,0.007464436,0.007464436,0.007464436,0.007464436,0.007464436,0.007464436,0.007464436,0.007464436,0.007464436,0.007464436,0.007464436,0.007464436,0.007464436
0,1,21,0.002108550,0.002108550,0.002108550,0.002108550,0.002108550,0.002108550,0.002108550,0.002108550,0.002108550,0.002108550,0.002108550,0.002108550,0.002108550,0.002108550,0.002108550,0.002108550,0.002108550,0.002108550,0.002108550,0.002108550,0.002108550,0.002108550,0.002108550,0.002108550,0.002108550,0.002108550,0.002108550,0.002438610,0.002820611,0.003262133,0.003771712,0.004358927,0.005034382,0.005809312,0.006695767,0.007706694,0.008854531,0.010145263,0.011579373,0.013151782,0.014850834,0.016657510,0.018545669,0.020484679,0.022438100,0.024363243,0.026221930,0.028014947,0.029749701,0.031435417,0.033083477,0.034705623,0.036312459,0.037911703,0.039511004,0.041119914,0.042732612,0.044278733,0.045709605,0.046991660,0.048100193,0.049021883,0.049754739,0.050305707,0.050687556,0.050915491,0.051028151,0.051139922,0.051312273,0.051580723,0.051971545,0.052502122,0.052432033,0.052430287,0.052474569,0.052542790,0.052588643,0.052484264,0.052170578,0.051627603,0.050856969,0.049881383,0.048740599,0.047486536,0.046174409,0.044856920,0.043598152,0.042495567,0.041552485,0.040740217,0.040023029,0.039358181,0.038696685,0.037984189,0.037164528,0.036182893,0.034984453,0.033534308,0.031914080,0.030228164,0.028571091,0.027026235,0.025650959,0.024437839,0.023367678,0.022424647,0.021593783,0.020863841,0.020256349,0.019800480,0.019526020,0.019465500,0.019628378,0.019915417,0.020197117,0.020339023,0.020208090,0.019725042,0.018966579,0.018044354,0.017059757,0.016099058,0.015220407,0.014423895,0.013697320,0.012903107,0.012093230,0.011279281,0.010477591,0.009702898,0.008874772,0.008108890,0.007407411,0.006766202,0.006180152,0.005644574,0.005254508,0.005254508,0.005254508,0.005254508,0.005254508,0.005254508,0.005254508,0.005254508,0.005254508,0.005254508,0.005254508,0.005254508,0.005254508,0.005254508,0.005254508,0.005254508,0.005254508,0.005254508,0.005254508,0.005254508,0.005254508,0.005254508,0.005254508,0.005254508,0.005254508,0.005254508,0.005254508,0.005254508,0.005254508,0.005254508,0.005254508,0.005254508,0.005254508,0.005254508,0.005254508,0.005254508,0.005254508,0.005254508,0.005254508,0.005254508,0.005254508,0.005254508,0.005254508,0.005254508,0.005254508,0.005254508,0.005254508,0.005254508,0.005254508,0.005254508,0.005254508,0.005254508,0.005254508,0.005254508,0.005254508,0.005254508,0.005254508,0.005254508,0.005254508,0.005254508,0.005254508,0.005254508,0.005254508,0.005254508,0.005254508,0.005254508,0.005254508,0.005254508,0.005254508,0.005254508,0.005254508,0.005254508,0.005254508,0.005254508,0.005254508,0.005254508,0.005254508,0.005254508,0.005254508,0.005254508,0.005254508,0.005254508,0.005254508,0.005254508,0.005254508,0.005254508,0.005254508,0.005254508,0.005254508,0.005254508,0.005254508,0.005254508,0.005254508,0.005254508,0.005254508,0.005254508,0.005254508,0.005254508,0.005254508,0.005254508,0.005254508
0,1,22,0.001865026,0.001865026,0.001865026,0.001865026,0.001865026,0.001865026,0.001865026,0.001865026,0.001865026,0.001865026,0.001865026,0.001865026,0.001865026,0.001865026,0.001865026,0.001865026,0.001865026,0.001865026,0.001865026,0.001865026,0.001865026,0.001865026,0.001865026,0.001865026,0.001865026,0.001865026,0.001865026,0.002156766,0.002494246,0.002884092,0.003333754,0.003851578,0.004446785,0.005129121,0.005909007,0.006796502,0.007796667,0.008910170,0.010133078,0.011455929,0.012863018,0.014331982,0.015834385,0.017338386,0.018808045,0.020211599,0.021550784,0.022841116,0.024095354,0.025327127,0.026551327,0.027782800,0.029035313,0.030320324,0.031649362,0.033021016,0.034373324,0.035630312,0.036747862,0.037694902,0.038448719,0.038997141,0.039338463,0.039479351,0.039432111,0.039230671,0.038983267,0.038797081,0.038718041,0.038772173,0.038979085,0.039352665,0.039339455,0.039441741,0.039643976,0.039910434,0.040123688,0.040163756,0.039982818,0.039563980,0.038908587,0.038035915,0.036980551,0.035789951,0.034514635,0.033215600,0.031997246,0.030941392,0.030044607,0.029280878,0.028620448,0.028029689,0.027471293,0.026904199,0.026286252,0.025573062,0.024711061,0.023671979,0.022514876,0.021314778,0.020139111,0.019046901,0.018078402,0.017227665,0.016480517,0.015823991,0.015242155,0.014726189,0.014291674,0.013959410,0.013750368,0.013687102,0.013775513,0.013944986,0.014104150,0.014160725,0.014029528,0.013658748,0.013103016,0.012440258,0.011740480,0.011062682,0.010446196,0.009890407,0.009386368,0.008838883,0.008281512,0.007721742,0.007170780,0.006638714,0.006070508,0.005545276,0.005064437,0.004625098,0.004223710,0.003931444,0.003659327,0.003659327,0.003659327,0.003659327,0.003659327,0.003659327,0.003659327,0.003659327,0.003659327,0.003659327,0.003659327,0.003659327,0.003659327,0.003659327,0.003659327,0.003659327,0.003659327,0.003659327,0.003659327,0.003659327,0.003659327,0.003659327,0.003659327,0.003659327,0.003659327,0.003659327,0.003659327,0.003659327,0.003659327,0.003659327,0.003659327,0.003659327,0.003659327,0.003659327,0.003659327,0.003659327,0.003659327,0.003659327,0.003659327,0.003659327,0.003659327,0.003659327,0.003659327,0.003659327,0.003659327,0.003659327,0.003659327,0.003659327,0.003659327,0.003659327,0.003659327,0.003659327,0.003659327,0.003659327,0.003659327,0.003659327,0.003659327,0.003659327,0.003659327,0.003659327,0.003659327,0.003659327,0.003659327,0.003659327,0.003659327,0.003659327,0.003659327,0.003659327,0.003659327,0.003659327,0.003659327,0.003659327,0.003659327,0.003659327,0.003659327,0.003659327,0.003659327,0.003659327,0.003659327,0.003659327,0.003659327,0.003659327,0.003659327,0.003659327,0.003659327,0.003659327,0.003659327,0.003659327,0.003659327,0.003659327,0.003659327,0.003659327,0.003659327,0.003659327,0.003659327,0.003659327,0.003659327,0.003659327,0.003659327,0.003659327,0.003659327
0,1,23,0.001683382,0.001683382,0.001683382,0.001683382,0.001683382,0.001683382,0.001683382,0.001683382,0.001683382,0.001683382,0.001683382,0.001683382,0.001683382,0.001683382,0.001683382,0.001683382,0.001683382,0.001683382,0.001683382,0.001683382,0.001683382,0.001683382,0.001683382,0.001683382,0.001683382,0.001683382,0.001683382,0.001946398,0.002250473,0.002601507,0.003006120,0.003471717,0.004006460,0.004618948,0.005317478,0.006106448,0.006986746,0.007955481,0.009005111,0.010122763,0.011289827,0.012481925,0.013669816,0.014822145,0.015911663,0.016938251,0.017915382,0.018861355,0.019791457,0.020721216,0.021666883,0.022644553,0.023669512,0.024755425,0.025904836,0.027071678,0.028189666,0.029192117,0.030039233,0.030703131,0.031164239,0.031413168,0.031450549,0.031285101,0.030946124,0.030524045,0.030118907,0.029812166,0.029636998,0.029611756,0.029750863,0.030065639,0.030134283,0.030341411,0.030661303,0.031003709,0.031260319,0.031335765,0.031191089,0.030812892,0.030203802,0.029382193,0.028380199,0.027242211,0.026025730,0.024823302,0.023721702,0.022777434,0.021982633,0.021313701,0.020745474,0.020250948,0.019801139,0.019364593,0.018906855,0.018385091,0.017757739,0.017004257,0.016167668,0.015302392,0.014457088,0.013674155,0.012982345,0.012377007,0.011846633,0.011377904,0.010958773,0.010583268,0.010262857,0.010012611,0.009847513,0.009783403,0.009823899,0.009917919,0.010001188,0.010013032,0.009895107,0.009611842,0.009202533,0.008722272,0.008220074,0.007736907,0.007299810,0.006907888,0.006554158,0.006170594,0.005780297,0.005388504,0.005003050,0.004630972,0.004233876,0.003866934,0.003531110,0.003224356,0.003001033,0.002793135,0.002599601,0.002599601,0.002599601,0.002599601,0.002599601,0.002599601,0.002599601,0.002599601,0.002599601,0.002599601,0.002599601,0.002599601,0.002599601,0.002599601,0.002599601,0.002599601,0.002599601,0.002599601,0.002599601,0.002599601,0.002599601,0.002599601,0.002599601,0.002599601,0.002599601,0.002599601,0.002599601,0.002599601,0.002599601,0.002599601,0.002599601,0.002599601,0.002599601,0.002599601,0.002599601,0.002599601,0.002599601,0.002599601,0.002599601,0.002599601,0.002599601,0.002599601,0.002599601,0.002599601,0.002599601,0.002599601,0.002599601,0.002599601,0.002599601,0.002599601,0.002599601,0.002599601,0.002599601,0.002599601,0.002599601,0.002599601,0.002599601,0.002599601,0.002599601,0.002599601,0.002599601,0.002599601,0.002599601,0.002599601,0.002599601,0.002599601,0.002599601,0.002599601,0.002599601,0.002599601,0.002599601,0.002599601,0.002599601,0.002599601,0.002599601,0.002599601,0.002599601,0.002599601,0.002599601,0.002599601,0.002599601,0.002599601,0.002599601,0.002599601,0.002599601,0.002599601,0.002599601,0.002599601,0.002599601,0.002599601,0.002599601,0.002599601,0.002599601,0.002599601,0.002599601,0.002599601,0.002599601,0.002599601,0.002599601,0.002599601,0.002599601
0,1,24,0.001558108,0.001558108,0.001558108,0.001558108,0.001558108,0.001558108,0.001558108,0.001558108,0.001558108,0.001558108,0.001558108,0.001558108,0.001558108,0.001558108,0.001558108,0.001558108,0.001558108,0.001558108,0.001558108,0.001558108,0.001558108,0.001558108,0.001558108,0.001558108,0.001558108,0.001558108,0.001558108,0.001801145,0.002081936,0.002405859,0.002778935,0.003207883,0.003700092,0.004262622,0.004899378,0.005611441,0.006396772,0.007249418,0.008158834,0.009109461,0.010080645,0.011046970,0.011979475,0.012853673,0.013667862,0.014431905,0.015161812,0.015876940,0.016593542,0.017327761,0.018096239,0.018915580,0.019802015,0.020761589,0.021760481,0.022747435,0.023662922,0.024447591,0.025065802,0.025493361,0.025714662,0.025724233,0.025526411,0.025145657,0.024658793,0.024151113,0.023700449,0.023368437,0.023178685,0.023144070,0.023275630,0.023583396,0.023737812,0.024029412,0.024389235,0.024732322,0.024970683,0.025026660,0.024868590,0.024486882,0.023886546,0.023086782,0.022119163,0.021034843,0.019917343,0.018845251,0.017881415,0.017064227,0.016383221,0.015817056,0.015344210,0.014942597,0.014589242,0.014257785,0.013914640,0.013526017,0.013060992,0.012504275,0.011887714,0.011251501,0.010631447,0.010058680,0.009554241,0.009113734,0.008725631,0.008379719,0.008067453,0.007784698,0.007540083,0.007344763,0.007209658,0.007146096,0.007156242,0.007203168,0.007243275,0.007233644,0.007132584,0.006915034,0.006609726,0.006256369,0.005889990,0.005539660,0.005224396,0.004942985,0.004689236,0.004414211,0.004134449,0.003853702,0.003577578,0.003311111,0.003026845,0.002764225,0.002523923,0.002348998,0.002186171,0.002034608,0.001893532,0.001893532,0.001893532,0.001893532,0.001893532,0.001893532,0.001893532,0.001893532,0.001893532,0.001893532,0.001893532,0.001893532,0.001893532,0.001893532,0.001893532,0.001893532,0.001893532,0.001893532,0.001893532,0.001893532,0.001893532,0.001893532,0.001893532,0.001893532,0.001893532,0.001893532,0.001893532,0.001893532,0.001893532,0.001893532,0.001893532,0.001893532,0.001893532,0.001893532,0.001893532,0.001893532,0.001893532,0.001893532,0.001893532,0.001893532,0.001893532,0.001893532,0.001893532,0.001893532,0.001893532,0.001893532,0.001893532,0.001893532,0.001893532,0.001893532,0.001893532,0.001893532,0.001893532,0.001893532,0.001893532,0.001893532,0.001893532,0.001893532,0.001893532,0.001893532,0.001893532,0.001893532,0.001893532,0.001893532,0.001893532,0.001893532,0.001893532,0.001893532,0.001893532,0.001893532,0.001893532,0.001893532,0.001893532,0.001893532,0.001893532,0.001893532,0.001893532,0.001893532,0.001893532,0.001893532,0.001893532,0.001893532,0.001893532,0.001893532,0.001893532,0.001893532,0.001893532,0.001893532,0.001893532,0.001893532,0.001893532,0.001893532,0.001893532,0.001893532,0.001893532,0.001893532,0.001893532,0.001893532,0.001893532,0.001893532,0.001893532
0,1,25,0.001476630,0.001476630,0.001476630,0.001476630,0.001476630,0.001476630,0.001476630,0.001476630,0.001476630,0.001476630,0.001476630,0.001476630,0.001476630,0.001476630,0.001476630,0.001476630,0.001476630,0.001476630,0.001476630,0.001476630,0.001476630,0.001476630,0.001476630,0.001476630,0.001476630,0.001476630,0.001476630,0.001706460,0.001971801,0.002277659,0.002629629,0.003033940,0.003496851,0.004021944,0.004610441,0.005260978,0.005968878,0.006725501,0.007517784,0.008328098,0.009134494,0.009911374,0.010635305,0.011302887,0.011921073,0.012502378,0.013063966,0.013625296,0.014202791,0.014812652,0.015471598,0.016196610,0.016997214,0.017849193,0.018713129,0.019541606,0.020280357,0.020876203,0.021297736,0.021524972,0.021546956,0.021362961,0.020992139,0.020500177,0.019961223,0.019443247,0.019006541,0.018697888,0.018534118,0.018524609,0.018678615,0.019006088,0.019233220,0.019554516,0.019903650,0.020210033,0.020400287,0.020410190,0.020214484,0.019807679,0.019197908,0.018406258,0.017471979,0.016468973,0.015469845,0.014533552,0.013705268,0.013010592,0.012437786,0.011967659,0.011581704,0.011261634,0.010987541,0.010733192,0.010471574,0.010177012,0.009826016,0.009406936,0.008943766,0.008466763,0.008002832,0.007575337,0.007199430,0.006869424,0.006576347,0.006312790,0.006072549,0.005852704,0.005659884,0.005502510,0.005388691,0.005326669,0.005318287,0.005338163,0.005354463,0.005335575,0.005251025,0.005082697,0.004851950,0.004587955,0.004316256,0.004057926,0.003826455,0.003620018,0.003433870,0.003232177,0.003027054,0.002821253,0.002618880,0.002423621,0.002215379,0.002023021,0.001882747,0.001752183,0.001630658,0.001517548,0.001412274,0.001412274,0.001412274,0.001412274,0.001412274,0.001412274,0.001412274,0.001412274,0.001412274,0.001412274,0.001412274,0.001412274,0.001412274,0.001412274,0.001412274,0.001412274,0.001412274,0.001412274,0.001412274,0.001412274,0.001412274,0.001412274,0.001412274,0.001412274,0.001412274,0.001412274,0.001412274,0.001412274,0.001412274,0.001412274,0.001412274,0.001412274,0.001412274,0.001412274,0.001412274,0.001412274,0.001412274,0.001412274,0.001412274,0.001412274,0.001412274,0.001412274,0.001412274,0.001412274,0.001412274,0.001412274,0.001412274,0.001412274,0.001412274,0.001412274,0.001412274,0.001412274,0.001412274,0.001412274,0.001412274,0.001412274,0.001412274,0.001412274,0.001412274,0.001412274,0.001412274,0.001412274,0.001412274,0.001412274,0.001412274,0.001412274,0.001412274,0.001412274,0.001412274,0.001412274,0.001412274,0.001412274,0.001412274,0.001412274,0.001412274,0.001412274,0.001412274,0.001412274,0.001412274,0.001412274,0.001412274,0.001412274,0.001412274,0.001412274,0.001412274,0.001412274,0.001412274,0.001412274,0.001412274,0.001412274,0.001412274,0.001412274,0.001412274,0.001412274,0.001412274,0.001412274,0.001412274,0.001412274,0.001412274,0.001412274,0.001412274
0,1,26,0.001430688,0.001430688,0.001430688,0.001430688,0.001430688,0.001430688,0.001430688,0.001430688,0.001430688,0.001430688,0.001430688,0.001430688,0.001430688,0.001430688,0.001430688,0.001430688,0.001430688,0.001430688,0.001430688,0.001430688,0.001430688,0.001430688,0.001430688,0.001430688,0.001430688,0.001430688,0.001430688,0.001652781,0.001908984,0.002204055,0.002543297,0.002932120,0.003373974,0.003870235,0.004420056,0.005019772,0.005662278,0.006336557,0.007027468,0.007715882,0.008379257,0.008996270,0.009561260,0.010078477,0.010557569,0.011012508,0.011460809,0.011921592,0.012411135,0.012945588,0.013541825,0.014211037,0.014937007,0.015689805,0.016431881,0.017118731,0.017700495,0.018129561,0.018378998,0.018433562,0.018287535,0.017954282,0.017489730,0.016958974,0.016422618,0.015934461,0.015541305,0.015279091,0.015160162,0.015192026,0.015383492,0.015737190,0.015994656,0.016307700,0.016620135,0.016871660,0.016999978,0.016951631,0.016707298,0.016265850,0.015639022,0.014856444,0.013978767,0.013071924,0.012192306,0.011383873,0.010678859,0.010093922,0.009616951,0.009230793,0.008919497,0.008666683,0.008451923,0.008253676,0.008050988,0.007823958,0.007554373,0.007233147,0.006878692,0.006514232,0.006160400,0.005834614,0.005546664,0.005291976,0.005063896,0.004856927,0.004666466,0.004490413,0.004333959,0.004203586,0.004105417,0.004046014,0.004028326,0.004033285,0.004036733,0.004014898,0.003945014,0.003813656,0.003636962,0.003436761,0.003232052,0.003038278,0.002864797,0.002710074,0.002570556,0.002419418,0.002265734,0.002111563,0.001959981,0.001813747,0.001657819,0.001543079,0.001436036,0.001336409,0.001243684,0.001157386,0.001077069,0.001077069,0.001077069,0.001077069,0.001077069,0.001077069,0.001077069,0.001077069,0.001077069,0.001077069,0.001077069,0.001077069,0.001077069,0.001077069,0.001077069,0.001077069,0.001077069,0.001077069,0.001077069,0.001077069,0.001077069,0.001077069,0.001077069,0.001077069,0.001077069,0.001077069,0.001077069,0.001077069,0.001077069,0.001077069,0.001077069,0.001077069,0.001077069,0.001077069,0.001077069,0.001077069,0.001077069,0.001077069,0.001077069,0.001077069,0.001077069,0.001077069,0.001077069,0.001077069,0.001077069,0.001077069,0.001077069,0.001077069,0.001077069,0.001077069,0.001077069,0.001077069,0.001077069,0.001077069,0.001077069,0.001077069,0.001077069,0.001077069,0.001077069,0.001077069,0.001077069,0.001077069,0.001077069,0.001077069,0.001077069,0.001077069,0.001077069,0.001077069,0.001077069,0.001077069,0.001077069,0.001077069,0.001077069,0.001077069,0.001077069,0.001077069,0.001077069,0.001077069,0.001077069,0.001077069,0.001077069,0.001077069,0.001077069,0.001077069,0.001077069,0.001077069,0.001077069,0.001077069,0.001077069,0.001077069,0.001077069,0.001077069,0.001077069,0.001077069,0.001077069,0.001077069,0.001077069,0.001077069,0.001077069,0.001077069,0.001077069
0,1,27,0.001415001,0.001415001,0.001415001,0.001415001,0.001415001,0.001415001,0.001415001,0.001415001,0.001415001,0.001415001,0.001415001,0.001415001,0.001415001,0.001415001,0.001415001,0.001415001,0.001415001,0.001415001,0.001415001,0.001415001,0.001415001,0.001415001,0.001415001,0.001415001,0.001415001,0.001415001,0.001415001,0.001633975,0.001886362,0.002176766,0.002509896,0.002888863,0.003315276,0.003788740,0.004306378,0.004862314,0.005447202,0.006047949,0.006647764,0.007226600,0.007765179,0.008257250,0.008704013,0.009112432,0.009493825,0.009862885,0.010237071,0.010635054,0.011072975,0.011567099,0.012129321,0.012748685,0.013403292,0.014063765,0.014693840,0.015251448,0.015690742,0.015969462,0.016065537,0.015968990,0.015687494,0.015267966,0.014767560,0.014240889,0.013737036,0.013298552,0.012962114,0.012755984,0.012689842,0.012770641,0.013000987,0.013357798,0.013614464,0.013898478,0.014160822,0.014348988,0.014409570,0.014298222,0.014001344,0.013522379,0.012882186,0.012130868,0.011324313,0.010515375,0.009747627,0.009053672,0.008456322,0.007966051,0.007570957,0.007255793,0.007005898,0.006804149,0.006633403,0.006476605,0.006317193,0.006139441,0.005928943,0.005678455,0.005402361,0.005118832,0.004843595,0.004588775,0.004361950,0.004159765,0.003977174,0.003810012,0.003654795,0.003509993,0.003379744,0.003269123,0.003183204,0.003128346,0.003106894,0.003103911,0.003100721,0.003079094,0.003021661,0.002918239,0.002781207,0.002627199,0.002470488,0.002322279,0.002189587,0.002071241,0.001964525,0.001848938,0.001731415,0.001613532,0.001497640,0.001385846,0.001291164,0.001201770,0.001118377,0.001040765,0.000968533,0.000901310,0.000838749,0.000838749,0.000838749,0.000838749,0.000838749,0.000838749,0.000838749,0.000838749,0.000838749,0.000838749,0.000838749,0.000838749,0.000838749,0.000838749,0.000838749,0.000838749,0.000838749,0.000838749,0.000838749,0.000838749,0.000838749,0.000838749,0.000838749,0.000838749,0.000838749,0.000838749,0.000838749,0.000838749,0.000838749,0.000838749,0.000838749,0.000838749,0.000838749,0.000838749,0.000838749,0.000838749,0.000838749,0.000838749,0.000838749,0.000838749,0.000838749,0.000838749,0.000838749,0.000838749,0.000838749,0.000838749,0.000838749,0.000838749,0.000838749,0.000838749,0.000838749,0.000838749,0.000838749,0.000838749,0.000838749,0.000838749,0.000838749,0.000838749,0.000838749,0.000838749,0.000838749,0.000838749,0.000838749,0.000838749,0.000838749,0.000838749,0.000838749,0.000838749,0.000838749,0.000838749,0.000838749,0.000838749,0.000838749,0.000838749,0.000838749,0.000838749,0.000838749,0.000838749,0.000838749,0.000838749,0.000838749,0.000838749,0.000838749,0.000838749,0.000838749,0.000838749,0.000838749,0.000838749,0.000838749,0.000838749,0.000838749,0.000838749,0.000838749,0.000838749,0.000838749,0.000838749,0.000838749,0.000838749,0.000838749,0.000838749,0.000838749
0,1,28,0.001426416,0.001426416,0.001426416,0.001426416,0.001426416,0.001426416,0.001426416,0.001426416,0.001426416,0.001426416,0.001426416,0.001426416,0.001426416,0.001426416,0.001426416,0.001426416,0.001426416,0.001426416,0.001426416,0.001426416,0.001426416,0.001426416,0.001426416,0.001426416,0.001426416,0.001426416,0.001426416,0.001646364,0.001899635,0.002190404,0.002521462,0.002894368,0.003309198,0.003763751,0.004253129,0.004769334,0.005300964,0.005833176,0.006348006,0.006827882,0.007266469,0.007663590,0.008023160,0.008353969,0.008668335,0.008981260,0.009310023,0.009672959,0.010086290,0.010561998,0.011092658,0.011661899,0.012247496,0.012820254,0.013344940,0.013781786,0.014088907,0.014229478,0.014186761,0.013963387,0.013598101,0.013140643,0.012640247,0.012142202,0.011686129,0.011305887,0.011030762,0.010883808,0.010873489,0.011001463,0.011248621,0.011589718,0.011827223,0.012070426,0.012275677,0.012396759,0.012387842,0.012212688,0.011863350,0.011352614,0.010721099,0.010016698,0.009285451,0.008569509,0.007902400,0.007308175,0.006802832,0.006392610,0.006066175,0.005809287,0.005606541,0.005443279,0.005305664,0.005179958,0.005052831,0.004911624,0.004744720,0.004546222,0.004327570,0.004102888,0.003883436,0.003678836,0.003495397,0.003330603,0.003180552,0.003042026,0.002912345,0.002790379,0.002679485,0.002584004,0.002509028,0.002459631,0.002437422,0.002430510,0.002424202,0.002404260,0.002357168,0.002275023,0.002167468,0.002047287,0.001925114,0.001809570,0.001706122,0.001613857,0.001530658,0.001440553,0.001348945,0.001257064,0.001166741,0.001100508,0.001025300,0.000954296,0.000888060,0.000826418,0.000769051,0.000715664,0.000665980,0.000665980,0.000665980,0.000665980,0.000665980,0.000665980,0.000665980,0.000665980,0.000665980,0.000665980,0.000665980,0.000665980,0.000665980,0.000665980,0.000665980,0.000665980,0.000665980,0.000665980,0.000665980,0.000665980,0.000665980,0.000665980,0.000665980,0.000665980,0.000665980,0.000665980,0.000665980,0.000665980,0.000665980,0.000665980,0.000665980,0.000665980,0.000665980,0.000665980,0.000665980,0.000665980,0.000665980,0.000665980,0.000665980,0.000665980,0.000665980,0.000665980,0.000665980,0.000665980,0.000665980,0.000665980,0.000665980,0.000665980,0.000665980,0.000665980,0.000665980,0.000665980,0.000665980,0.000665980,0.000665980,0.000665980,0.000665980,0.000665980,0.000665980,0.000665980,0.000665980,0.000665980,0.000665980,0.000665980,0.000665980,0.000665980,0.000665980,0.000665980,0.000665980,0.000665980,0.000665980,0.000665980,0.000665980,0.000665980,0.000665980,0.000665980,0.000665980,0.000665980,0.000665980,0.000665980,0.000665980,0.000665980,0.000665980,0.000665980,0.000665980,0.000665980,0.000665980,0.000665980,0.000665980,0.000665980,0.000665980,0.000665980,0.000665980,0.000665980,0.000665980,0.000665980,0.000665980,0.000665980,0.000665980,0.000665980,0.000665980
0,1,29,0.001463360,0.001463360,0.001463360,0.001463360,0.001463360,0.001463360,0.001463360,0.001463360,0.001463360,0.001463360,0.001463360,0.001463360,0.001463360,0.001463360,0.001463360,0.001463360,0.001463360,0.001463360,0.001463360,0.001463360,0.001463360,0.001463360,0.001463360,0.001463360,0.001463360,0.001463360,0.001463360,0.001688085,0.001946277,0.002240481,0.002572157,0.002941526,0.003347049,0.003784664,0.004247462,0.004725427,0.005205340,0.005670991,0.006106270,0.006504881,0.006865889,0.007191679,0.007488110,0.007765191,0.008035833,0.008315182,0.008620408,0.008969789,0.009375777,0.009833256,0.010329731,0.010848045,0.011365411,0.011852688,0.012275687,0.012597081,0.012779166,0.012790855,0.012627453,0.012320616,0.011913235,0.011449313,0.010970656,0.010514605,0.010113239,0.009793884,0.009580636,0.009493288,0.009535216,0.009689400,0.009934799,0.010248821,0.010455690,0.010650961,0.010795311,0.010847964,0.010769922,0.010532476,0.010137460,0.009616738,0.009010805,0.008360293,0.007702877,0.007072035,0.006493474,0.005984841,0.005557232,0.005214031,0.004944036,0.004732384,0.004565670,0.004431836,0.004319531,0.004217502,0.004114837,0.004001166,0.003866951,0.003707298,0.003531150,0.003348854,0.003169498,0.003001147,0.002849124,0.002711509,0.002585226,0.002467749,0.002356985,0.002252094,0.002156094,0.002073423,0.002008232,0.001964389,0.001942999,0.001934454,0.001927011,0.001909349,0.001870760,0.001804975,0.001719524,0.001624150,0.001527197,0.001435505,0.001353412,0.001280191,0.001214166,0.001142665,0.001069977,0.000997074,0.000943322,0.000889758,0.000828941,0.000771525,0.000717966,0.000668122,0.000621737,0.000578570,0.000538399,0.000538399,0.000538399,0.000538399,0.000538399,0.000538399,0.000538399,0.000538399,0.000538399,0.000538399,0.000538399,0.000538399,0.000538399,0.000538399,0.000538399,0.000538399,0.000538399,0.000538399,0.000538399,0.000538399,0.000538399,0.000538399,0.000538399,0.000538399,0.000538399,0.000538399,0.000538399,0.000538399,0.000538399,0.000538399,0.000538399,0.000538399,0.000538399,0.000538399,0.000538399,0.000538399,0.000538399,0.000538399,0.000538399,0.000538399,0.000538399,0.000538399,0.000538399,0.000538399,0.000538399,0.000538399,0.000538399,0.000538399,0.000538399,0.000538399,0.000538399,0.000538399,0.000538399,0.000538399,0.000538399,0.000538399,0.000538399,0.000538399,0.000538399,0.000538399,0.000538399,0.000538399,0.000538399,0.000538399,0.000538399,0.000538399,0.000538399,0.000538399,0.000538399,0.000538399,0.000538399,0.000538399,0.000538399,0.000538399,0.000538399,0.000538399,0.000538399,0.000538399,0.000538399,0.000538399,0.000538399,0.000538399,0.000538399,0.000538399,0.000538399,0.000538399,0.000538399,0.000538399,0.000538399,0.000538399,0.000538399,0.000538399,0.000538399,0.000538399,0.000538399,0.000538399,0.000538399,0.000538399,0.000538399,0.000538399,0.000538399
0,1,30,0.001525489,0.001525489,0.001525489,0.001525489,0.001525489,0.001525489,0.001525489,0.001525489,0.001525489,0.001525489,0.001525489,0.001525489,0.001525489,0.001525489,0.001525489,0.001525489,0.001525489,0.001525489,0.001525489,0.001525489,0.001525489,0.001525489,0.001525489,0.001525489,0.001525489,0.001525489,0.001525489,0.001758398,0.002023992,0.002323657,0.002657667,0.003024781,0.003421747,0.003842598,0.004278449,0.004717428,0.005144806,0.005545741,0.005914082,0.006248375,0.006550069,0.006823469,0.007075824,0.007317972,0.007563223,0.007826883,0.008126236,0.008476089,0.008873491,0.009308607,0.009767937,0.010233359,0.010681476,0.011083293,0.011405907,0.011614797,0.011676879,0.011572929,0.011325755,0.010972185,0.010551204,0.010101057,0.009656943,0.009249653,0.008905430,0.008646879,0.008494677,0.008462444,0.008536788,0.008699076,0.008930476,0.009209912,0.009378361,0.009520989,0.009602264,0.009586449,0.009441010,0.009148181,0.008728567,0.008215572,0.007644600,0.007049811,0.006461864,0.005907262,0.005405660,0.004969931,0.004607671,0.004319822,0.004094137,0.003917518,0.003778738,0.003667730,0.003575042,0.003491315,0.003407473,0.003314880,0.003205572,0.003075148,0.002929976,0.002778530,0.002628534,0.002486844,0.002358010,0.002240539,0.002131971,0.002030294,0.001933852,0.001842235,0.001758749,0.001687086,0.001630468,0.001591880,0.001572082,0.001563206,0.001555722,0.001540489,0.001508868,0.001455718,0.001386783,0.001309847,0.001231638,0.001157673,0.001091450,0.001032385,0.000979123,0.000921448,0.000862817,0.000819578,0.000775385,0.000731349,0.000681352,0.000634152,0.000590124,0.000549151,0.000511021,0.000475537,0.000442517,0.000442517,0.000442517,0.000442517,0.000442517,0.000442517,0.000442517,0.000442517,0.000442517,0.000442517,0.000442517,0.000442517,0.000442517,0.000442517,0.000442517,0.000442517,0.000442517,0.000442517,0.000442517,0.000442517,0.000442517,0.000442517,0.000442517,0.000442517,0.000442517,0.000442517,0.000442517,0.000442517,0.000442517,0.000442517,0.000442517,0.000442517,0.000442517,0.000442517,0.000442517,0.000442517,0.000442517,0.000442517,0.000442517,0.000442517,0.000442517,0.000442517,0.000442517,0.000442517,0.000442517,0.000442517,0.000442517,0.000442517,0.000442517,0.000442517,0.000442517,0.000442517,0.000442517,0.000442517,0.000442517,0.000442517,0.000442517,0.000442517,0.000442517,0.000442517,0.000442517,0.000442517,0.000442517,0.000442517,0.000442517,0.000442517,0.000442517,0.000442517,0.000442517,0.000442517,0.000442517,0.000442517,0.000442517,0.000442517,0.000442517,0.000442517,0.000442517,0.000442517,0.000442517,0.000442517,0.000442517,0.000442517,0.000442517,0.000442517,0.000442517,0.000442517,0.000442517,0.000442517,0.000442517,0.000442517,0.000442517,0.000442517,0.000442517,0.000442517,0.000442517,0.000442517,0.000442517,0.000442517,0.000442517,0.000442517,0.000442517
0,1,31,0.001613192,0.001613192,0.001613192,0.001613192,0.001613192,0.001613192,0.001613192,0.001613192,0.001613192,0.001613192,0.001613192,0.001613192,0.001613192,0.001613192,0.001613192,0.001613192,0.001613192,0.001613192,0.001613192,0.001613192,0.001613192,0.001613192,0.001613192,0.001613192,0.001613192,0.001613192,0.001613192,0.001856413,0.002131041,0.002437394,0.002774411,0.003139258,0.003526880,0.003929384,0.004336013,0.004733281,0.005107444,0.005452577,0.005766909,0.006051202,0.006308760,0.006545326,0.006769167,0.006991735,0.007226717,0.007489735,0.007795031,0.008143231,0.008526962,0.008935300,0.009353585,0.009762715,0.010138812,0.010453319,0.010675065,0.010772902,0.010724215,0.010536315,0.010238155,0.009864151,0.009448972,0.009025477,0.008623224,0.008267780,0.007981039,0.007782392,0.007686489,0.007690629,0.007779868,0.007937594,0.008146190,0.008385433,0.008509673,0.008596260,0.008613269,0.008529900,0.008323361,0.007995070,0.007568806,0.007074691,0.006543297,0.006003130,0.005479024,0.004991913,0.004556787,0.004182983,0.003875122,0.003631255,0.003440344,0.003291243,0.003174427,0.003081379,0.003004119,0.002934752,0.002865617,0.002789413,0.002699151,0.002590190,0.002467767,0.002339170,0.002211055,0.002089332,0.001977932,0.001875682,0.001780584,0.001691016,0.001605845,0.001525465,0.001452694,0.001390452,0.001341268,0.001307476,0.001289598,0.001281109,0.001274173,0.001261295,0.001235332,0.001191806,0.001135358,0.001072359,0.001008319,0.000947754,0.000893528,0.000845163,0.000801550,0.000754325,0.000719991,0.000683904,0.000647021,0.000610270,0.000568545,0.000529156,0.000492414,0.000458221,0.000426403,0.000396792,0.000369237,0.000369237,0.000369237,0.000369237,0.000369237,0.000369237,0.000369237,0.000369237,0.000369237,0.000369237,0.000369237,0.000369237,0.000369237,0.000369237,0.000369237,0.000369237,0.000369237,0.000369237,0.000369237,0.000369237,0.000369237,0.000369237,0.000369237,0.000369237,0.000369237,0.000369237,0.000369237,0.000369237,0.000369237,0.000369237,0.000369237,0.000369237,0.000369237,0.000369237,0.000369237,0.000369237,0.000369237,0.000369237,0.000369237,0.000369237,0.000369237,0.000369237,0.000369237,0.000369237,0.000369237,0.000369237,0.000369237,0.000369237,0.000369237,0.000369237,0.000369237,0.000369237,0.000369237,0.000369237,0.000369237,0.000369237,0.000369237,0.000369237,0.000369237,0.000369237,0.000369237,0.000369237,0.000369237,0.000369237,0.000369237,0.000369237,0.000369237,0.000369237,0.000369237,0.000369237,0.000369237,0.000369237,0.000369237,0.000369237,0.000369237,0.000369237,0.000369237,0.000369237,0.000369237,0.000369237,0.000369237,0.000369237,0.000369237,0.000369237,0.000369237,0.000369237,0.000369237,0.000369237,0.000369237,0.000369237,0.000369237,0.000369237,0.000369237,0.000369237,0.000369237,0.000369237,0.000369237,0.000369237,0.000369237,0.000369237,0.000369237
0,1,32,0.001726482,0.001726482,0.001726482,0.001726482,0.001726482,0.001726482,0.001726482,0.001726482,0.001726482,0.001726482,0.001726482,0.001726482,0.001726482,0.001726482,0.001726482,0.001726482,0.001726482,0.001726482,0.001726482,0.001726482,0.001726482,0.001726482,0.001726482,0.001726482,0.001726482,0.001726482,0.001726482,0.001981413,0.002266011,0.002579356,0.002918890,0.003280061,0.003655952,0.004036796,0.004410150,0.004763215,0.005090341,0.005389599,0.005661280,0.005907925,0.006134283,0.006347196,0.006555726,0.006771883,0.007009843,0.007282556,0.007591141,0.007932012,0.008296676,0.008672977,0.009045082,0.009393048,0.009692832,0.009916794,0.010036130,0.010028703,0.009896547,0.009654194,0.009329567,0.008953983,0.008557816,0.008169140,0.007812869,0.007510554,0.007281026,0.007137967,0.007080674,0.007104276,0.007195607,0.007339170,0.007517975,0.007712329,0.007787746,0.007815781,0.007768182,0.007622300,0.007373017,0.007026915,0.006606271,0.006137797,0.005647633,0.005159416,0.004693187,0.004265452,0.003887628,0.003565994,0.003301913,0.003093031,0.002929796,0.002802617,0.002703317,0.002624603,0.002559654,0.002501722,0.002444255,0.002380788,0.002304533,0.002211390,0.002105944,0.001994552,0.001883028,0.001776526,0.001678479,0.001587954,0.001503310,0.001423393,0.001347898,0.001277228,0.001213636,0.001159457,0.001116694,0.001087197,0.001071323,0.001063602,0.001057509,0.001046761,0.001025208,0.000989080,0.000942227,0.000889937,0.000836783,0.000786514,0.000741507,0.000701363,0.000665164,0.000638086,0.000609039,0.000578509,0.000547306,0.000516216,0.000480919,0.000447597,0.000416516,0.000387592,0.000360676,0.000335628,0.000312319,0.000312319,0.000312319,0.000312319,0.000312319,0.000312319,0.000312319,0.000312319,0.000312319,0.000312319,0.000312319,0.000312319,0.000312319,0.000312319,0.000312319,0.000312319,0.000312319,0.000312319,0.000312319,0.000312319,0.000312319,0.000312319,0.000312319,0.000312319,0.000312319,0.000312319,0.000312319,0.000312319,0.000312319,0.000312319,0.000312319,0.000312319,0.000312319,0.000312319,0.000312319,0.000312319,0.000312319,0.000312319,0.000312319,0.000312319,0.000312319,0.000312319,0.000312319,0.000312319,0.000312319,0.000312319,0.000312319,0.000312319,0.000312319,0.000312319,0.000312319,0.000312319,0.000312319,0.000312319,0.000312319,0.000312319,0.000312319,0.000312319,0.000312319,0.000312319,0.000312319,0.000312319,0.000312319,0.000312319,0.000312319,0.000312319,0.000312319,0.000312319,0.000312319,0.000312319,0.000312319,0.000312319,0.000312319,0.000312319,0.000312319,0.000312319,0.000312319,0.000312319,0.000312319,0.000312319,0.000312319,0.000312319,0.000312319,0.000312319,0.000312319,0.000312319,0.000312319,0.000312319,0.000312319,0.000312319,0.000312319,0.000312319,0.000312319,0.000312319,0.000312319,0.000312319,0.000312319,0.000312319,0.000312319,0.000312319,0.000312319
0,1,33,0.001865284,0.001865284,0.001865284,0.001865284,0.001865284,0.001865284,0.001865284,0.001865284,0.001865284,0.001865284,0.001865284,0.001865284,0.001865284,0.001865284,0.001865284,0.001865284,0.001865284,0.001865284,0.001865284,0.001865284,0.001865284,0.001865284,0.001865284,0.001865284,0.001865284,0.001865284,0.001865284,0.002132686,0.002427326,0.002746868,0.003087101,0.003441664,0.003801788,0.004155975,0.004492238,0.004805218,0.005092950,0.005355430,0.005594650,0.005814583,0.006021119,0.006221991,0.006426974,0.006648710,0.006898993,0.007178478,0.007484315,0.007811788,0.008151156,0.008489013,0.008808492,0.009089119,0.009307178,0.009436609,0.009456410,0.009367213,0.009178221,0.008904384,0.008571698,0.008208134,0.007840070,0.007491505,0.007183671,0.006935199,0.006759406,0.006655427,0.006620446,0.006650729,0.006734088,0.006855598,0.006998604,0.007143862,0.007166730,0.007134568,0.007025914,0.006833948,0.006558813,0.006207705,0.005800967,0.005361975,0.004912890,0.004473210,0.004059056,0.003683439,0.003354618,0.003075563,0.002846793,0.002666131,0.002525235,0.002415765,0.002330632,0.002263523,0.002208542,0.002159854,0.002111603,0.002057484,0.001991496,0.001910176,0.001817598,0.001719377,0.001620652,0.001525966,0.001438345,0.001357038,0.001280835,0.001209332,0.001142326,0.001080064,0.001024363,0.000977103,0.000939887,0.000914200,0.000900286,0.000893517,0.000888348,0.000879316,0.000861207,0.000830854,0.000791492,0.000747562,0.000702908,0.000660677,0.000622865,0.000589140,0.000569546,0.000546358,0.000521484,0.000495340,0.000468620,0.000441997,0.000411773,0.000383241,0.000356626,0.000331860,0.000308813,0.000287366,0.000267408,0.000267408,0.000267408,0.000267408,0.000267408,0.000267408,0.000267408,0.000267408,0.000267408,0.000267408,0.000267408,0.000267408,0.000267408,0.000267408,0.000267408,0.000267408,0.000267408,0.000267408,0.000267408,0.000267408,0.000267408,0.000267408,0.000267408,0.000267408,0.000267408,0.000267408,0.000267408,0.000267408,0.000267408,0.000267408,0.000267408,0.000267408,0.000267408,0.000267408,0.000267408,0.000267408,0.000267408,0.000267408,0.000267408,0.000267408,0.000267408,0.000267408,0.000267408,0.000267408,0.000267408,0.000267408,0.000267408,0.000267408,0.000267408,0.000267408,0.000267408,0.000267408,0.000267408,0.000267408,0.000267408,0.000267408,0.000267408,0.000267408,0.000267408,0.000267408,0.000267408,0.000267408,0.000267408,0.000267408,0.000267408,0.000267408,0.000267408,0.000267408,0.000267408,0.000267408,0.000267408,0.000267408,0.000267408,0.000267408,0.000267408,0.000267408,0.000267408,0.000267408,0.000267408,0.000267408,0.000267408,0.000267408,0.000267408,0.000267408,0.000267408,0.000267408,0.000267408,0.000267408,0.000267408,0.000267408,0.000267408,0.000267408,0.000267408,0.000267408,0.000267408,0.000267408,0.000267408,0.000267408,0.000267408,0.000267408,0.000267408
0,1,34,0.002029285,0.002029285,0.002029285,0.002029285,0.002029285,0.002029285,0.002029285,0.002029285,0.002029285,0.002029285,0.002029285,0.002029285,0.002029285,0.002029285,0.002029285,0.002029285,0.002029285,0.002029285,0.002029285,0.002029285,0.002029285,0.002029285,0.002029285,0.002029285,0.002029285,0.002029285,0.002029285,0.002309078,0.002612758,0.002936394,0.003274008,0.003617404,0.003956068,0.004278786,0.004580495,0.004859272,0.005114953,0.005349164,0.005565304,0.005768508,0.005965620,0.006165175,0.006377702,0.006613695,0.006873264,0.007153283,0.007449829,0.007756962,0.008063679,0.008355457,0.008614689,0.008820857,0.008951244,0.008986610,0.008927123,0.008780211,0.008555917,0.008268566,0.007941761,0.007600184,0.007266684,0.006961926,0.006704380,0.006507299,0.006369953,0.006289482,0.006264156,0.006290800,0.006357724,0.006450290,0.006552106,0.006644505,0.006612030,0.006521804,0.006366539,0.006144199,0.005856043,0.005509193,0.005121855,0.004714256,0.004305048,0.003910243,0.003542783,0.003212516,0.002924298,0.002680089,0.002480198,0.002322619,0.002200007,0.002105047,0.002031536,0.001973958,0.001927166,0.001885900,0.001844409,0.001797065,0.001738684,0.001666325,0.001583654,0.001495690,0.001407022,0.001321690,0.001242380,0.001168621,0.001099894,0.001035894,0.000976355,0.000921406,0.000872520,0.000831224,0.000798813,0.000776494,0.000764435,0.000758645,0.000754255,0.000746584,0.000731206,0.000705432,0.000672009,0.000634708,0.000596791,0.000560932,0.000528827,0.000509874,0.000492914,0.000472844,0.000451315,0.000428687,0.000405561,0.000382519,0.000356360,0.000331666,0.000308633,0.000287198,0.000267252,0.000248691,0.000231418,0.000231418,0.000231418,0.000231418,0.000231418,0.000231418,0.000231418,0.000231418,0.000231418,0.000231418,0.000231418,0.000231418,0.000231418,0.000231418,0.000231418,0.000231418,0.000231418,0.000231418,0.000231418,0.000231418,0.000231418,0.000231418,0.000231418,0.000231418,0.000231418,0.000231418,0.000231418,0.000231418,0.000231418,0.000231418,0.000231418,0.000231418,0.000231418,0.000231418,0.000231418,0.000231418,0.000231418,0.000231418,0.000231418,0.000231418,0.000231418,0.000231418,0.000231418,0.000231418,0.000231418,0.000231418,0.000231418,0.000231418,0.000231418,0.000231418,0.000231418,0.000231418,0.000231418,0.000231418,0.000231418,0.000231418,0.000231418,0.000231418,0.000231418,0.000231418,0.000231418,0.000231418,0.000231418,0.000231418,0.000231418,0.000231418,0.000231418,0.000231418,0.000231418,0.000231418,0.000231418,0.000231418,0.000231418,0.000231418,0.000231418,0.000231418,0.000231418,0.000231418,0.000231418,0.000231418,0.000231418,0.000231418,0.000231418,0.000231418,0.000231418,0.000231418,0.000231418,0.000231418,0.000231418,0.000231418,0.000231418,0.000231418,0.000231418,0.000231418,0.000231418,0.000231418,0.000231418,0.000231418,0.000231418,0.000231418,0.000231418
0,1,35,0.002217507,0.002217507,0.002217507,0.002217507,0.002217507,0.002217507,0.002217507,0.002217507,0.002217507,0.002217507,0.002217507,0.002217507,0.002217507,0.002217507,0.002217507,0.002217507,0.002217507,0.002217507,0.002217507,0.002217507,0.002217507,0.002217507,0.002217507,0.002217507,0.002217507,0.002217507,0.002217507,0.002508529,0.002818931,0.003143049,0.003473082,0.003799080,0.004110700,0.004403252,0.004674905,0.004925437,0.005156248,0.005370339,0.005572282,0.005768204,0.005965816,0.006174489,0.006402778,0.006649950,0.006912457,0.007186134,0.007465903,0.007744613,0.008010127,0.008247086,0.008437622,0.008561836,0.008603071,0.008561919,0.008444932,0.008260446,0.008018332,0.007731646,0.007421457,0.007109414,0.006815390,0.006557471,0.006348861,0.006189052,0.006075345,0.006006007,0.005979908,0.005994093,0.006037115,0.006094549,0.006150382,0.006186810,0.006099914,0.005964251,0.005776749,0.005536432,0.005245011,0.004909085,0.004544675,0.004169116,0.003798009,0.003444459,0.003118439,0.002826353,0.002571872,0.002356583,0.002180645,0.002042214,0.001934779,0.001851877,0.001788036,0.001738399,0.001698287,0.001662498,0.001625860,0.001583451,0.001530764,0.001465295,0.001390385,0.001310562,0.001229959,0.001152195,0.001079794,0.001012828,0.000950877,0.000893587,0.000840646,0.000792093,0.000749129,0.000713002,0.000684771,0.000665429,0.000655059,0.000650097,0.000646333,0.000639759,0.000626579,0.000604491,0.000575848,0.000543883,0.000511390,0.000480660,0.000461920,0.000445365,0.000430549,0.000413017,0.000394210,0.000374444,0.000354243,0.000334115,0.000311266,0.000289696,0.000269576,0.000250854,0.000233431,0.000217218,0.000202131,0.000202131,0.000202131,0.000202131,0.000202131,0.000202131,0.000202131,0.000202131,0.000202131,0.000202131,0.000202131,0.000202131,0.000202131,0.000202131,0.000202131,0.000202131,0.000202131,0.000202131,0.000202131,0.000202131,0.000202131,0.000202131,0.000202131,0.000202131,0.000202131,0.000202131,0.000202131,0.000202131,0.000202131,0.000202131,0.000202131,0.000202131,0.000202131,0.000202131,0.000202131,0.000202131,0.000202131,0.000202131,0.000202131,0.000202131,0.000202131,0.000202131,0.000202131,0.000202131,0.000202131,0.000202131,0.000202131,0.000202131,0.000202131,0.000202131,0.000202131,0.000202131,0.000202131,0.000202131,0.000202131,0.000202131,0.000202131,0.000202131,0.000202131,0.000202131,0.000202131,0.000202131,0.000202131,0.000202131,0.000202131,0.000202131,0.000202131,0.000202131,0.000202131,0.000202131,0.000202131,0.000202131,0.000202131,0.000202131,0.000202131,0.000202131,0.000202131,0.000202131,0.000202131,0.000202131,0.000202131,0.000202131,0.000202131,0.000202131,0.000202131,0.000202131,0.000202131,0.000202131,0.000202131,0.000202131,0.000202131,0.000202131,0.000202131,0.000202131,0.000202131,0.000202131,0.000202131,0.000202131,0.000202131,0.000202131,0.000202131
0,1,36,0.002427838,0.002427838,0.002427838,0.002427838,0.002427838,0.002427838,0.002427838,0.002427838,0.002427838,0.002427838,0.002427838,0.002427838,0.002427838,0.002427838,0.002427838,0.002427838,0.002427838,0.002427838,0.002427838,0.002427838,0.002427838,0.002427838,0.002427838,0.002427838,0.002427838,0.002427838,0.002427838,0.002727583,0.003040842,0.003360147,0.003675932,0.003978328,0.004263224,0.004529001,0.004775449,0.005003847,0.005216944,0.005418911,0.005615338,0.005813266,0.006021302,0.006246977,0.006487943,0.006739872,0.006998188,0.007257616,0.007511946,0.007752954,0.007967652,0.008140311,0.008253453,0.008292703,0.008260145,0.008162343,0.008006711,0.007801551,0.007555904,0.007281245,0.006996177,0.006719715,0.006469352,0.006258023,0.006085315,0.005948710,0.005846633,0.005778052,0.005742161,0.005736064,0.005748490,0.005765327,0.005771203,0.005751944,0.005621729,0.005453723,0.005245715,0.004997216,0.004709933,0.004389676,0.004050340,0.003706655,0.003371603,0.003055485,0.002764949,0.002505095,0.002279047,0.002088100,0.001932313,0.001809993,0.001715336,0.001642596,0.001586916,0.001543857,0.001508756,0.001476905,0.001443743,0.001404945,0.001356570,0.001296491,0.001227783,0.001154565,0.001080583,0.001009214,0.000943134,0.000882429,0.000826640,0.000775376,0.000728297,0.000685374,0.000647589,0.000615972,0.000591397,0.000574661,0.000565705,0.000561419,0.000558168,0.000552489,0.000541106,0.000522030,0.000497293,0.000469686,0.000441624,0.000423123,0.000406625,0.000392050,0.000379007,0.000363573,0.000347017,0.000329616,0.000311833,0.000294114,0.000273999,0.000255011,0.000237300,0.000220818,0.000205481,0.000191209,0.000177928,0.000177928,0.000177928,0.000177928,0.000177928,0.000177928,0.000177928,0.000177928,0.000177928,0.000177928,0.000177928,0.000177928,0.000177928,0.000177928,0.000177928,0.000177928,0.000177928,0.000177928,0.000177928,0.000177928,0.000177928,0.000177928,0.000177928,0.000177928,0.000177928,0.000177928,0.000177928,0.000177928,0.000177928,0.000177928,0.000177928,0.000177928,0.000177928,0.000177928,0.000177928,0.000177928,0.000177928,0.000177928,0.000177928,0.000177928,0.000177928,0.000177928,0.000177928,0.000177928,0.000177928,0.000177928,0.000177928,0.000177928,0.000177928,0.000177928,0.000177928,0.000177928,0.000177928,0.000177928,0.000177928,0.000177928,0.000177928,0.000177928,0.000177928,0.000177928,0.000177928,0.000177928,0.000177928,0.000177928,0.000177928,0.000177928,0.000177928,0.000177928,0.000177928,0.000177928,0.000177928,0.000177928,0.000177928,0.000177928,0.000177928,0.000177928,0.000177928,0.000177928,0.000177928,0.000177928,0.000177928,0.000177928,0.000177928,0.000177928,0.000177928,0.000177928,0.000177928,0.000177928,0.000177928,0.000177928,0.000177928,0.000177928,0.000177928,0.000177928,0.000177928,0.000177928,0.000177928,0.000177928,0.000177928,0.000177928,0.000177928
0,1,37,0.002656542,0.002656542,0.002656542,0.002656542,0.002656542,0.002656542,0.002656542,0.002656542,0.002656542,0.002656542,0.002656542,0.002656542,0.002656542,0.002656542,0.002656542,0.002656542,0.002656542,0.002656542,0.002656542,0.002656542,0.002656542,0.002656542,0.002656542,0.002656542,0.002656542,0.002656542,0.002656542,0.002960908,0.003271433,0.003578879,0.003873694,0.004152005,0.004412669,0.004655621,0.004882102,0.005094709,0.005297354,0.005495245,0.005694917,0.005904355,0.006130428,0.006370002,0.006617150,0.006866495,0.007112366,0.007348411,0.007567436,0.007760444,0.007914050,0.008012798,0.008044373,0.008012306,0.007924261,0.007787544,0.007609561,0.007397959,0.007160596,0.006907277,0.006654385,0.006418765,0.006212873,0.006036087,0.005885902,0.005760882,0.005660211,0.005583330,0.005529634,0.005496273,0.005472244,0.005443982,0.005399355,0.005334425,0.005172890,0.004983562,0.004764618,0.004515662,0.004238104,0.003936830,0.003623735,0.003311245,0.003009724,0.002726238,0.002466156,0.002233905,0.002032163,0.001862002,0.001723410,0.001614840,0.001531094,0.001467040,0.001418223,0.001380218,0.001348785,0.001319750,0.001289072,0.001252930,0.001207873,0.001152104,0.001088476,0.001020758,0.000952472,0.000887059,0.000826902,0.000771983,0.000721818,0.000675995,0.000634155,0.000596219,0.000562996,0.000535341,0.000513955,0.000499411,0.000491627,0.000487901,0.000485075,0.000480139,0.000470246,0.000453666,0.000432168,0.000408175,0.000391219,0.000374828,0.000360213,0.000347301,0.000335746,0.000322073,0.000307406,0.000291990,0.000276236,0.000260539,0.000242721,0.000225899,0.000210210,0.000195609,0.000182023,0.000169380,0.000157615,0.000157615,0.000157615,0.000157615,0.000157615,0.000157615,0.000157615,0.000157615,0.000157615,0.000157615,0.000157615,0.000157615,0.000157615,0.000157615,0.000157615,0.000157615,0.000157615,0.000157615,0.000157615,0.000157615,0.000157615,0.000157615,0.000157615,0.000157615,0.000157615,0.000157615,0.000157615,0.000157615,0.000157615,0.000157615,0.000157615,0.000157615,0.000157615,0.000157615,0.000157615,0.000157615,0.000157615,0.000157615,0.000157615,0.000157615,0.000157615,0.000157615,0.000157615,0.000157615,0.000157615,0.000157615,0.000157615,0.000157615,0.000157615,0.000157615,0.000157615,0.000157615,0.000157615,0.000157615,0.000157615,0.000157615,0.000157615,0.000157615,0.000157615,0.000157615,0.000157615,0.000157615,0.000157615,0.000157615,0.000157615,0.000157615,0.000157615,0.000157615,0.000157615,0.000157615,0.000157615,0.000157615,0.000157615,0.000157615,0.000157615,0.000157615,0.000157615,0.000157615,0.000157615,0.000157615,0.000157615,0.000157615,0.000157615,0.000157615,0.000157615,0.000157615,0.000157615,0.000157615,0.000157615,0.000157615,0.000157615,0.000157615,0.000157615,0.000157615,0.000157615,0.000157615,0.000157615,0.000157615,0.000157615,0.000157615,0.000157615
0,1,38,0.002897784,0.002897784,0.002897784,0.002897784,0.002897784,0.002897784,0.002897784,0.002897784,0.002897784,0.002897784,0.002897784,0.002897784,0.002897784,0.002897784,0.002897784,0.002897784,0.002897784,0.002897784,0.002897784,0.002897784,0.002897784,0.002897784,0.002897784,0.002897784,0.002897784,0.002897784,0.002897784,0.003200891,0.003501291,0.003789708,0.004062403,0.004318383,0.004558019,0.004782660,0.004994834,0.005198295,0.005397995,0.005600113,0.005812162,0.006040469,0.006281423,0.006528311,0.006774098,0.007012296,0.007236187,0.007438505,0.007611385,0.007745513,0.007827750,0.007847576,0.007809953,0.007723667,0.007596955,0.007437062,0.007250808,0.007044836,0.006825698,0.006601627,0.006387132,0.006194136,0.006021555,0.005866559,0.005727659,0.005604201,0.005495943,0.005402711,0.005324120,0.005257468,0.005192234,0.005117850,0.005031640,0.004932251,0.004749782,0.004548378,0.004326277,0.004082922,0.003819255,0.003539199,0.003252820,0.002970145,0.002698414,0.002443417,0.002209849,0.002001577,0.001820915,0.001668757,0.001545049,0.001448381,0.001374083,0.001317443,0.001274042,0.001239851,0.001211100,0.001184069,0.001155163,0.001120998,0.001078559,0.001026337,0.000966996,0.000904105,0.000841247,0.000781511,0.000726915,0.000677362,0.000632354,0.000591469,0.000554338,0.000520850,0.000491672,0.000467496,0.000448820,0.000436118,0.000429320,0.000426066,0.000423598,0.000419287,0.000410647,0.000396168,0.000377393,0.000363343,0.000348249,0.000333658,0.000320648,0.000309153,0.000298867,0.000286695,0.000273638,0.000259916,0.000245892,0.000231919,0.000216057,0.000201083,0.000187117,0.000174120,0.000162026,0.000150772,0.000140299,0.000140299,0.000140299,0.000140299,0.000140299,0.000140299,0.000140299,0.000140299,0.000140299,0.000140299,0.000140299,0.000140299,0.000140299,0.000140299,0.000140299,0.000140299,0.000140299,0.000140299,0.000140299,0.000140299,0.000140299,0.000140299,0.000140299,0.000140299,0.000140299,0.000140299,0.000140299,0.000140299,0.000140299,0.000140299,0.000140299,0.000140299,0.000140299,0.000140299,0.000140299,0.000140299,0.000140299,0.000140299,0.000140299,0.000140299,0.000140299,0.000140299,0.000140299,0.000140299,0.000140299,0.000140299,0.000140299,0.000140299,0.000140299,0.000140299,0.000140299,0.000140299,0.000140299,0.000140299,0.000140299,0.000140299,0.000140299,0.000140299,0.000140299,0.000140299,0.000140299,0.000140299,0.000140299,0.000140299,0.000140299,0.000140299,0.000140299,0.000140299,0.000140299,0.000140299,0.000140299,0.000140299,0.000140299,0.000140299,0.000140299,0.000140299,0.000140299,0.000140299,0.000140299,0.000140299,0.000140299,0.000140299,0.000140299,0.000140299,0.000140299,0.000140299,0.000140299,0.000140299,0.000140299,0.000140299,0.000140299,0.000140299,0.000140299,0.000140299,0.000140299,0.000140299,0.000140299,0.000140299,0.000140299,0.000140299,0.000140299
0,1,39,0.003143249,0.003143249,0.003143249,0.003143249,0.003143249,0.003143249,0.003143249,0.003143249,0.003143249,0.003143249,0.003143249,0.003143249,0.003143249,0.003143249,0.003143249,0.003143249,0.003143249,0.003143249,0.003143249,0.003143249,0.003143249,0.003143249,0.003143249,0.003143249,0.003143249,0.003143249,0.003143249,0.003437380,0.003720086,0.003987762,0.004239472,0.004475702,0.004698217,0.004909628,0.005113606,0.005314945,0.005519587,0.005734708,0.005966229,0.006210146,0.006459263,0.006705710,0.006941285,0.007158449,0.007349619,0.007506943,0.007622364,0.007686888,0.007692196,0.007644583,0.007553993,0.007429621,0.007279524,0.007110350,0.006928009,0.006738017,0.006545681,0.006357888,0.006184424,0.006023670,0.005872201,0.005728117,0.005590700,0.005459935,0.005336109,0.005219477,0.005109984,0.005005278,0.004897646,0.004785386,0.004667972,0.004544083,0.004349614,0.004143839,0.003924858,0.003691797,0.003445060,0.003187636,0.002927572,0.002671912,0.002426647,0.002196876,0.001986723,0.001799579,0.001637458,0.001501115,0.001390470,0.001304246,0.001238135,0.001187506,0.001148339,0.001117045,0.001090257,0.001064649,0.001037016,0.001004366,0.000964068,0.000914875,0.000859384,0.000801229,0.000743657,0.000689336,0.000639976,0.000595415,0.000555156,0.000518773,0.000485901,0.000456404,0.000430813,0.000409629,0.000393264,0.000382134,0.000376177,0.000373326,0.000371162,0.000367385,0.000359814,0.000347127,0.000337079,0.000324530,0.000311047,0.000298015,0.000286394,0.000276127,0.000266939,0.000256067,0.000244405,0.000232148,0.000219622,0.000207141,0.000192973,0.000179599,0.000167125,0.000155516,0.000144714,0.000134662,0.000125309,0.000125309,0.000125309,0.000125309,0.000125309,0.000125309,0.000125309,0.000125309,0.000125309,0.000125309,0.000125309,0.000125309,0.000125309,0.000125309,0.000125309,0.000125309,0.000125309,0.000125309,0.000125309,0.000125309,0.000125309,0.000125309,0.000125309,0.000125309,0.000125309,0.000125309,0.000125309,0.000125309,0.000125309,0.000125309,0.000125309,0.000125309,0.000125309,0.000125309,0.000125309,0.000125309,0.000125309,0.000125309,0.000125309,0.000125309,0.000125309,0.000125309,0.000125309,0.000125309,0.000125309,0.000125309,0.000125309,0.000125309,0.000125309,0.000125309,0.000125309,0.000125309,0.000125309,0.000125309,0.000125309,0.000125309,0.000125309,0.000125309,0.000125309,0.000125309,0.000125309,0.000125309,0.000125309,0.000125309,0.000125309,0.000125309,0.000125309,0.000125309,0.000125309,0.000125309,0.000125309,0.000125309,0.000125309,0.000125309,0.000125309,0.000125309,0.000125309,0.000125309,0.000125309,0.000125309,0.000125309,0.000125309,0.000125309,0.000125309,0.000125309,0.000125309,0.000125309,0.000125309,0.000125309,0.000125309,0.000125309,0.000125309,0.000125309,0.000125309,0.000125309,0.000125309,0.000125309,0.000125309,0.000125309,0.000125309,0.000125309
0,1,40,0.003381948,0.003381948,0.003381948,0.003381948,0.003381948,0.003381948,0.003381948,0.003381948,0.003381948,0.003381948,0.003381948,0.003381948,0.003381948,0.003381948,0.003381948,0.003381948,0.003381948,0.003381948,0.003381948,0.003381948,0.003381948,0.003381948,0.003381948,0.003381948,0.003381948,0.003381948,0.003381948,0.003659180,0.003922001,0.004169549,0.004402332,0.004622202,0.004832177,0.005035996,0.005238364,0.005445068,0.005663063,0.005897986,0.006145557,0.006398185,0.006647477,0.006884350,0.007099507,0.007284563,0.007431417,0.007532140,0.007579127,0.007568208,0.007507541,0.007408172,0.007280293,0.007132789,0.006973038,0.006806794,0.006638952,0.006473958,0.006316068,0.006167888,0.006025735,0.005885505,0.005744598,0.005601847,0.005457204,0.005311291,0.005164994,0.005019128,0.004874166,0.004730315,0.004588227,0.004447985,0.004308803,0.004169175,0.003970303,0.003766507,0.003555632,0.003336430,0.003108756,0.002874372,0.002638635,0.002407401,0.002185971,0.001978844,0.001789650,0.001621376,0.001475785,0.001353521,0.001254497,0.001177457,0.001118155,0.001072387,0.001036574,0.001007508,0.000982171,0.000957585,0.000930896,0.000899467,0.000861013,0.000814620,0.000763056,0.000709639,0.000657204,0.000608053,0.000563629,0.000523727,0.000487855,0.000455597,0.000426594,0.000400676,0.000378209,0.000359611,0.000345244,0.000335473,0.000330243,0.000327740,0.000325840,0.000322523,0.000315877,0.000310640,0.000301648,0.000290417,0.000278352,0.000266689,0.000256289,0.000247101,0.000238879,0.000229149,0.000218713,0.000207744,0.000196534,0.000185365,0.000172687,0.000160718,0.000149555,0.000139167,0.000129500,0.000120505,0.000112135,0.000112135,0.000112135,0.000112135,0.000112135,0.000112135,0.000112135,0.000112135,0.000112135,0.000112135,0.000112135,0.000112135,0.000112135,0.000112135,0.000112135,0.000112135,0.000112135,0.000112135,0.000112135,0.000112135,0.000112135,0.000112135,0.000112135,0.000112135,0.000112135,0.000112135,0.000112135,0.000112135,0.000112135,0.000112135,0.000112135,0.000112135,0.000112135,0.000112135,0.000112135,0.000112135,0.000112135,0.000112135,0.000112135,0.000112135,0.000112135,0.000112135,0.000112135,0.000112135,0.000112135,0.000112135,0.000112135,0.000112135,0.000112135,0.000112135,0.000112135,0.000112135,0.000112135,0.000112135,0.000112135,0.000112135,0.000112135,0.000112135,0.000112135,0.000112135,0.000112135,0.000112135,0.000112135,0.000112135,0.000112135,0.000112135,0.000112135,0.000112135,0.000112135,0.000112135,0.000112135,0.000112135,0.000112135,0.000112135,0.000112135,0.000112135,0.000112135,0.000112135,0.000112135,0.000112135,0.000112135,0.000112135,0.000112135,0.000112135,0.000112135,0.000112135,0.000112135,0.000112135,0.000112135,0.000112135,0.000112135,0.000112135,0.000112135,0.000112135,0.000112135,0.000112135,0.000112135,0.000112135,0.000112135,0.000112135,0.000112135
0,1,41,0.003601803,0.003601803,0.003601803,0.003601803,0.003601803,0.003601803,0.003601803,0.003601803,0.003601803,0.003601803,0.003601803,0.003601803,0.003601803,0.003601803,0.003601803,0.003601803,0.003601803,0.003601803,0.003601803,0.003601803,0.003601803,0.003601803,0.003601803,0.003601803,0.003601803,0.003601803,0.003601803,0.003859537,0.004102648,0.004331683,0.004548488,0.004756146,0.004958794,0.005161194,0.005369039,0.005589134,0.005826936,0.006078011,0.006334504,0.006587597,0.006827652,0.007044458,0.007227847,0.007368965,0.007459728,0.007492796,0.007465478,0.007389862,0.007278650,0.007142977,0.006992581,0.006835565,0.006678358,0.006525740,0.006381655,0.006249683,0.006130087,0.006012339,0.005890183,0.005760216,0.005620504,0.005470555,0.005311031,0.005143291,0.004968974,0.004789655,0.004608471,0.004433450,0.004266630,0.004107570,0.003955062,0.003807287,0.003610370,0.003413687,0.003214792,0.003012061,0.002804482,0.002591831,0.002378475,0.002169602,0.001969905,0.001783357,0.001613161,0.001461954,0.001331285,0.001221712,0.001133054,0.001063834,0.001010211,0.000968447,0.000935345,0.000908029,0.000883794,0.000859976,0.000834041,0.000803676,0.000767003,0.000723635,0.000676133,0.000627423,0.000579971,0.000535756,0.000495990,0.000460443,0.000428637,0.000400168,0.000374674,0.000351909,0.000332177,0.000315842,0.000303223,0.000294641,0.000290048,0.000287849,0.000286180,0.000283267,0.000282802,0.000278113,0.000270063,0.000260008,0.000249206,0.000238764,0.000229453,0.000221227,0.000213865,0.000205154,0.000195810,0.000185989,0.000175953,0.000165954,0.000154603,0.000143887,0.000133893,0.000124593,0.000115938,0.000107885,0.000100391,0.000100391,0.000100391,0.000100391,0.000100391,0.000100391,0.000100391,0.000100391,0.000100391,0.000100391,0.000100391,0.000100391,0.000100391,0.000100391,0.000100391,0.000100391,0.000100391,0.000100391,0.000100391,0.000100391,0.000100391,0.000100391,0.000100391,0.000100391,0.000100391,0.000100391,0.000100391,0.000100391,0.000100391,0.000100391,0.000100391,0.000100391,0.000100391,0.000100391,0.000100391,0.000100391,0.000100391,0.000100391,0.000100391,0.000100391,0.000100391,0.000100391,0.000100391,0.000100391,0.000100391,0.000100391,0.000100391,0.000100391,0.000100391,0.000100391,0.000100391,0.000100391,0.000100391,0.000100391,0.000100391,0.000100391,0.000100391,0.000100391,0.000100391,0.000100391,0.000100391,0.000100391,0.000100391,0.000100391,0.000100391,0.000100391,0.000100391,0.000100391,0.000100391,0.000100391,0.000100391,0.000100391,0.000100391,0.000100391,0.000100391,0.000100391,0.000100391,0.000100391,0.000100391,0.000100391,0.000100391,0.000100391,0.000100391,0.000100391,0.000100391,0.000100391,0.000100391,0.000100391,0.000100391,0.000100391,0.000100391,0.000100391,0.000100391,0.000100391,0.000100391,0.000100391,0.000100391,0.000100391,0.000100391,0.000100391,0.000100391
0,1,42,0.003795192,0.003795192,0.003795192,0.003795192,0.003795192,0.003795192,0.003795192,0.003795192,0.003795192,0.003795192,0.003795192,0.003795192,0.003795192,0.003795192,0.003795192,0.003795192,0.003795192,0.003795192,0.003795192,0.003795192,0.003795192,0.003795192,0.003795192,0.003795192,0.003795192,0.003795192,0.003795192,0.004033240,0.004257887,0.004470986,0.004675582,0.004875856,0.005076956,0.005284619,0.005505546,0.005745081,0.005998750,0.006258579,0.006515470,0.006759343,0.006979414,0.007164590,0.007304238,0.007389597,0.007413297,0.007373015,0.007282216,0.007157346,0.007011025,0.006853782,0.006694449,0.006540099,0.006396156,0.006266511,0.006154371,0.006059545,0.005969470,0.005871167,0.005758985,0.005630103,0.005483241,0.005318655,0.005137850,0.004943099,0.004737004,0.004523987,0.004314879,0.004118522,0.003936095,0.003766519,0.003608086,0.003458609,0.003268843,0.003083309,0.002899290,0.002714480,0.002526233,0.002333905,0.002141351,0.001953167,0.001773502,0.001605863,0.001453077,0.001317476,0.001200427,0.001102327,0.001022679,0.000960159,0.000911371,0.000872983,0.000842134,0.000816247,0.000792898,0.000769716,0.000744460,0.000715199,0.000680644,0.000640552,0.000597193,0.000553129,0.000510494,0.000470984,0.000435616,0.000404142,0.000376106,0.000351107,0.000328738,0.000308764,0.000291451,0.000277118,0.000266047,0.000258517,0.000254486,0.000252557,0.000251093,0.000253349,0.000252933,0.000248740,0.000241539,0.000232546,0.000222885,0.000213546,0.000205218,0.000197860,0.000191276,0.000183485,0.000175127,0.000166344,0.000157368,0.000148424,0.000138272,0.000128689,0.000119750,0.000111432,0.000103691,0.000096489,0.000089786,0.000089786,0.000089786,0.000089786,0.000089786,0.000089786,0.000089786,0.000089786,0.000089786,0.000089786,0.000089786,0.000089786,0.000089786,0.000089786,0.000089786,0.000089786,0.000089786,0.000089786,0.000089786,0.000089786,0.000089786,0.000089786,0.000089786,0.000089786,0.000089786,0.000089786,0.000089786,0.000089786,0.000089786,0.000089786,0.000089786,0.000089786,0.000089786,0.000089786,0.000089786,0.000089786,0.000089786,0.000089786,0.000089786,0.000089786,0.000089786,0.000089786,0.000089786,0.000089786,0.000089786,0.000089786,0.000089786,0.000089786,0.000089786,0.000089786,0.000089786,0.000089786,0.000089786,0.000089786,0.000089786,0.000089786,0.000089786,0.000089786,0.000089786,0.000089786,0.000089786,0.000089786,0.000089786,0.000089786,0.000089786,0.000089786,0.000089786,0.000089786,0.000089786,0.000089786,0.000089786,0.000089786,0.000089786,0.000089786,0.000089786,0.000089786,0.000089786,0.000089786,0.000089786,0.000089786,0.000089786,0.000089786,0.000089786,0.000089786,0.000089786,0.000089786,0.000089786,0.000089786,0.000089786,0.000089786,0.000089786,0.000089786,0.000089786,0.000089786,0.000089786,0.000089786,0.000089786,0.000089786,0.000089786,0.000089786,0.000089786
0,1,43,0.003956221,0.003956221,0.003956221,0.003956221,0.003956221,0.003956221,0.003956221,0.003956221,0.003956221,0.003956221,0.003956221,0.003956221,0.003956221,0.003956221,0.003956221,0.003956221,0.003956221,0.003956221,0.003956221,0.003956221,0.003956221,0.003956221,0.003956221,0.003956221,0.003956221,0.003956221,0.003956221,0.004175535,0.004383985,0.004584588,0.004781452,0.004979741,0.005185558,0.005405630,0.005645221,0.005899915,0.006161753,0.006421526,0.006668878,0.006892579,0.007080965,0.007222492,0.007306661,0.007325526,0.007276828,0.007174314,0.007035717,0.006877199,0.006710599,0.006545399,0.006389298,0.006248300,0.006126934,0.006028429,0.005952421,0.005886228,0.005814931,0.005726237,0.005615019,0.005479060,0.005317839,0.005132532,0.004925684,0.004700703,0.004463205,0.004225311,0.003998464,0.003790062,0.003600350,0.003427576,0.003269533,0.003123679,0.002945166,0.002773818,0.002606373,0.002439099,0.002269194,0.002096015,0.001922958,0.001754078,0.001593037,0.001442927,0.001306240,0.001185040,0.001080445,0.000992485,0.000920731,0.000864072,0.000819499,0.000784039,0.000755136,0.000730483,0.000707918,0.000685340,0.000660860,0.000633100,0.000601005,0.000564366,0.000525175,0.000485662,0.000447666,0.000412630,0.000381404,0.000353735,0.000329178,0.000307298,0.000287719,0.000270237,0.000255084,0.000242540,0.000232849,0.000226259,0.000222731,0.000221042,0.000224017,0.000226030,0.000225659,0.000221918,0.000215494,0.000207470,0.000198850,0.000190518,0.000183088,0.000176524,0.000170649,0.000163698,0.000156242,0.000148406,0.000140397,0.000132418,0.000123361,0.000114810,0.000106835,0.000099414,0.000092509,0.000086083,0.000080103,0.000080103,0.000080103,0.000080103,0.000080103,0.000080103,0.000080103,0.000080103,0.000080103,0.000080103,0.000080103,0.000080103,0.000080103,0.000080103,0.000080103,0.000080103,0.000080103,0.000080103,0.000080103,0.000080103,0.000080103,0.000080103,0.000080103,0.000080103,0.000080103,0.000080103,0.000080103,0.000080103,0.000080103,0.000080103,0.000080103,0.000080103,0.000080103,0.000080103,0.000080103,0.000080103,0.000080103,0.000080103,0.000080103,0.000080103,0.000080103,0.000080103,0.000080103,0.000080103,0.000080103,0.000080103,0.000080103,0.000080103,0.000080103,0.000080103,0.000080103,0.000080103,0.000080103,0.000080103,0.000080103,0.000080103,0.000080103,0.000080103,0.000080103,0.000080103,0.000080103,0.000080103,0.000080103,0.000080103,0.000080103,0.000080103,0.000080103,0.000080103,0.000080103,0.000080103,0.000080103,0.000080103,0.000080103,0.000080103,0.000080103,0.000080103,0.000080103,0.000080103,0.000080103,0.000080103,0.000080103,0.000080103,0.000080103,0.000080103,0.000080103,0.000080103,0.000080103,0.000080103,0.000080103,0.000080103,0.000080103,0.000080103,0.000080103,0.000080103,0.000080103,0.000080103,0.000080103,0.000080103,0.000080103,0.000080103,0.000080103
0,1,44,0.004079740,0.004079740,0.004079740,0.004079740,0.004079740,0.004079740,0.004079740,0.004079740,0.004079740,0.004079740,0.004079740,0.004079740,0.004079740,0.004079740,0.004079740,0.004079740,0.004079740,0.004079740,0.004079740,0.004079740,0.004079740,0.004079740,0.004079740,0.004079740,0.004079740,0.004079740,0.004079740,0.004282339,0.004477755,0.004670021,0.004864187,0.005066332,0.005283517,0.005521055,0.005774655,0.006036496,0.006297421,0.006546986,0.006773706,0.006965490,0.007110246,0.007196602,0.007214949,0.007162515,0.007052987,0.006904315,0.006733845,0.006556713,0.006383541,0.006222554,0.006080296,0.005961834,0.005871043,0.005807748,0.005759494,0.005711358,0.005649148,0.005561192,0.005442946,0.005292939,0.005111610,0.004901276,0.004665756,0.004411613,0.004152168,0.003900078,0.003665115,0.003453141,0.003263472,0.003093739,0.002941292,0.002803297,0.002639110,0.002483759,0.002332737,0.002182297,0.002029875,0.001874834,0.001720149,0.001569389,0.001425771,0.001292015,0.001170315,0.001062402,0.000968958,0.000890032,0.000825330,0.000773910,0.000733107,0.000700275,0.000673132,0.000649624,0.000627834,0.000605982,0.000582694,0.000556823,0.000527438,0.000494353,0.000459304,0.000424214,0.000390657,0.000359856,0.000332519,0.000308379,0.000286971,0.000267896,0.000250827,0.000235587,0.000222376,0.000211440,0.000202992,0.000197247,0.000194171,0.000196431,0.000199074,0.000200864,0.000200534,0.000197209,0.000191500,0.000184370,0.000176710,0.000169305,0.000162702,0.000156869,0.000151648,0.000145471,0.000138844,0.000131881,0.000124764,0.000117673,0.000109624,0.000102026,0.000094939,0.000088344,0.000082207,0.000076497,0.000071183,0.000071183,0.000071183,0.000071183,0.000071183,0.000071183,0.000071183,0.000071183,0.000071183,0.000071183,0.000071183,0.000071183,0.000071183,0.000071183,0.000071183,0.000071183,0.000071183,0.000071183,0.000071183,0.000071183,0.000071183,0.000071183,0.000071183,0.000071183,0.000071183,0.000071183,0.000071183,0.000071183,0.000071183,0.000071183,0.000071183,0.000071183,0.000071183,0.000071183,0.000071183,0.000071183,0.000071183,0.000071183,0.000071183,0.000071183,0.000071183,0.000071183,0.000071183,0.000071183,0.000071183,0.000071183,0.000071183,0.000071183,0.000071183,0.000071183,0.000071183,0.000071183,0.000071183,0.000071183,0.000071183,0.000071183,0.000071183,0.000071183,0.000071183,0.000071183,0.000071183,0.000071183,0.000071183,0.000071183,0.000071183,0.000071183,0.000071183,0.000071183,0.000071183,0.000071183,0.000071183,0.000071183,0.000071183,0.000071183,0.000071183,0.000071183,0.000071183,0.000071183,0.000071183,0.000071183,0.000071183,0.000071183,0.000071183,0.000071183,0.000071183,0.000071183,0.000071183,0.000071183,0.000071183,0.000071183,0.000071183,0.000071183,0.000071183,0.000071183,0.000071183,0.000071183,0.000071183,0.000071183,0.000071183,0.000071183,0.000071183
0,1,45,0.004161610,0.004161610,0.004161610,0.004161610,0.004161610,0.004161610,0.004161610,0.004161610,0.004161610,0.004161610,0.004161610,0.004161610,0.004161610,0.004161610,0.004161610,0.004161610,0.004161610,0.004161610,0.004161610,0.004161610,0.004161610,0.004161610,0.004161610,0.004161610,0.004161610,0.004161610,0.004161610,0.004350432,0.004536689,0.004725304,0.004922184,0.005134312,0.005367354,0.005617316,0.005876616,0.006136289,0.006385995,0.006614209,0.006808623,0.006956758,0.007046736,0.007068130,0.007016529,0.006904917,0.006751105,0.006572588,0.006385550,0.006203644,0.006036068,0.005889792,0.005770350,0.005682131,0.005625719,0.005589300,0.005558345,0.005518697,0.005456827,0.005361783,0.005229777,0.005060312,0.004855039,0.004617657,0.004355250,0.004082078,0.003811928,0.003555676,0.003321309,0.003113168,0.002929740,0.002768141,0.002625382,0.002498436,0.002350391,0.002211004,0.002075874,0.001941610,0.001805876,0.001668052,0.001530730,0.001397031,0.001269771,0.001151331,0.001043546,0.000947642,0.000864251,0.000793511,0.000735224,0.000688590,0.000651252,0.000620860,0.000595391,0.000573024,0.000552139,0.000531424,0.000509724,0.000486027,0.000459514,0.000430016,0.000399027,0.000368195,0.000338856,0.000312041,0.000288320,0.000267389,0.000248825,0.000232285,0.000217485,0.000204271,0.000192816,0.000183334,0.000176009,0.000171027,0.000171621,0.000173618,0.000175955,0.000177536,0.000177244,0.000174306,0.000169260,0.000162958,0.000156187,0.000149642,0.000143806,0.000138650,0.000134035,0.000128575,0.000122719,0.000116563,0.000110273,0.000104006,0.000096892,0.000090176,0.000083912,0.000078083,0.000072659,0.000067612,0.000062915,0.000062915,0.000062915,0.000062915,0.000062915,0.000062915,0.000062915,0.000062915,0.000062915,0.000062915,0.000062915,0.000062915,0.000062915,0.000062915,0.000062915,0.000062915,0.000062915,0.000062915,0.000062915,0.000062915,0.000062915,0.000062915,0.000062915,0.000062915,0.000062915,0.000062915,0.000062915,0.000062915,0.000062915,0.000062915,0.000062915,0.000062915,0.000062915,0.000062915,0.000062915,0.000062915,0.000062915,0.000062915,0.000062915,0.000062915,0.000062915,0.000062915,0.000062915,0.000062915,0.000062915,0.000062915,0.000062915,0.000062915,0.000062915,0.000062915,0.000062915,0.000062915,0.000062915,0.000062915,0.000062915,0.000062915,0.000062915,0.000062915,0.000062915,0.000062915,0.000062915,0.000062915,0.000062915,0.000062915,0.000062915,0.000062915,0.000062915,0.000062915,0.000062915,0.000062915,0.000062915,0.000062915,0.000062915,0.000062915,0.000062915,0.000062915,0.000062915,0.000062915,0.000062915,0.000062915,0.000062915,0.000062915,0.000062915,0.000062915,0.000062915,0.000062915,0.000062915,0.000062915,0.000062915,0.000062915,0.000062915,0.000062915,0.000062915,0.000062915,0.000062915,0.000062915,0.000062915,0.000062915,0.000062915,0.000062915,0.000062915
0,1,46,0.004198928,0.004198928,0.004198928,0.004198928,0.004198928,0.004198928,0.004198928,0.004198928,0.004198928,0.004198928,0.004198928,0.004198928,0.004198928,0.004198928,0.004198928,0.004198928,0.004198928,0.004198928,0.004198928,0.004198928,0.004198928,0.004198928,0.004198928,0.004198928,0.004198928,0.004198928,0.004198928,0.004377610,0.004559069,0.004749018,0.004954198,0.005180201,0.005423689,0.005677515,0.005933033,0.006180172,0.006407583,0.006602982,0.006753731,0.006847616,0.006873751,0.006826874,0.006718046,0.006564285,0.006382888,0.006190101,0.006000460,0.005825920,0.005674274,0.005551393,0.005462079,0.005407522,0.005377147,0.005357261,0.005334168,0.005294411,0.005225227,0.005116603,0.004965770,0.004773477,0.004542838,0.004280888,0.004002372,0.003721952,0.003451537,0.003200089,0.002973822,0.002775675,0.002603454,0.002453909,0.002323845,0.002209867,0.002077950,0.001954067,0.001834272,0.001715518,0.001595693,0.001474202,0.001353284,0.001235655,0.001123761,0.001019591,0.000924452,0.000839452,0.000765250,0.000702039,0.000649689,0.000607515,0.000573441,0.000545394,0.000521588,0.000500484,0.000480887,0.000461688,0.000441868,0.000420535,0.000396972,0.000371023,0.000343962,0.000317185,0.000291819,0.000268711,0.000248283,0.000230258,0.000214272,0.000200029,0.000187284,0.000175904,0.000166040,0.000157874,0.000151566,0.000150129,0.000150650,0.000152403,0.000154454,0.000155843,0.000155587,0.000153007,0.000148578,0.000143045,0.000137102,0.000131357,0.000126234,0.000121708,0.000117657,0.000112864,0.000107723,0.000102320,0.000096798,0.000091296,0.000085051,0.000079156,0.000073658,0.000068541,0.000063780,0.000059349,0.000055227,0.000055227,0.000055227,0.000055227,0.000055227,0.000055227,0.000055227,0.000055227,0.000055227,0.000055227,0.000055227,0.000055227,0.000055227,0.000055227,0.000055227,0.000055227,0.000055227,0.000055227,0.000055227,0.000055227,0.000055227,0.000055227,0.000055227,0.000055227,0.000055227,0.000055227,0.000055227,0.000055227,0.000055227,0.000055227,0.000055227,0.000055227,0.000055227,0.000055227,0.000055227,0.000055227,0.000055227,0.000055227,0.000055227,0.000055227,0.000055227,0.000055227,0.000055227,0.000055227,0.000055227,0.000055227,0.000055227,0.000055227,0.000055227,0.000055227,0.000055227,0.000055227,0.000055227,0.000055227,0.000055227,0.000055227,0.000055227,0.000055227,0.000055227,0.000055227,0.000055227,0.000055227,0.000055227,0.000055227,0.000055227,0.000055227,0.000055227,0.000055227,0.000055227,0.000055227,0.000055227,0.000055227,0.000055227,0.000055227,0.000055227,0.000055227,0.000055227,0.000055227,0.000055227,0.000055227,0.000055227,0.000055227,0.000055227,0.000055227,0.000055227,0.000055227,0.000055227,0.000055227,0.000055227,0.000055227,0.000055227,0.000055227,0.000055227,0.000055227,0.000055227,0.000055227,0.000055227,0.000055227,0.000055227,0.000055227,0.000055227
0,1,47,0.004190196,0.004190196,0.004190196,0.004190196,0.004190196,0.004190196,0.004190196,0.004190196,0.004190196,0.004190196,0.004190196,0.004190196,0.004190196,0.004190196,0.004190196,0.004190196,0.004190196,0.004190196,0.004190196,0.004190196,0.004190196,0.004190196,0.004190196,0.004190196,0.004190196,0.004190196,0.004190196,0.004362805,0.004544041,0.004740365,0.004957135,0.005191282,0.005436485,0.005684630,0.005926064,0.006149804,0.006343830,0.006495606,0.006592818,0.006624293,0.006584229,0.006482397,0.006333799,0.006154906,0.005961693,0.005768653,0.005588461,0.005431381,0.005303977,0.005211310,0.005155065,0.005125795,0.005111239,0.005098621,0.005075004,0.005027718,0.004944992,0.004818066,0.004645486,0.004429511,0.004176621,0.003901424,0.003619020,0.003342118,0.003080597,0.002841512,0.002629433,0.002446075,0.002288759,0.002154034,0.002038375,0.001937492,0.001821226,0.001712303,0.001607220,0.001503262,0.001398539,0.001292485,0.001187022,0.001084488,0.000986914,0.000895733,0.000812113,0.000737123,0.000671416,0.000615215,0.000568436,0.000530489,0.000499555,0.000473820,0.000451775,0.000432278,0.000414313,0.000396902,0.000379150,0.000360281,0.000339669,0.000317167,0.000293849,0.000270888,0.000249210,0.000229475,0.000212030,0.000196636,0.000182984,0.000170821,0.000159937,0.000150218,0.000141794,0.000134821,0.000131941,0.000130690,0.000131144,0.000132670,0.000134456,0.000135664,0.000135441,0.000133195,0.000129339,0.000124524,0.000119350,0.000114348,0.000109889,0.000105948,0.000102422,0.000098250,0.000093774,0.000089071,0.000084264,0.000079475,0.000074038,0.000068906,0.000064120,0.000059666,0.000055521,0.000051664,0.000048075,0.000048075,0.000048075,0.000048075,0.000048075,0.000048075,0.000048075,0.000048075,0.000048075,0.000048075,0.000048075,0.000048075,0.000048075,0.000048075,0.000048075,0.000048075,0.000048075,0.000048075,0.000048075,0.000048075,0.000048075,0.000048075,0.000048075,0.000048075,0.000048075,0.000048075,0.000048075,0.000048075,0.000048075,0.000048075,0.000048075,0.000048075,0.000048075,0.000048075,0.000048075,0.000048075,0.000048075,0.000048075,0.000048075,0.000048075,0.000048075,0.000048075,0.000048075,0.000048075,0.000048075,0.000048075,0.000048075,0.000048075,0.000048075,0.000048075,0.000048075,0.000048075,0.000048075,0.000048075,0.000048075,0.000048075,0.000048075,0.000048075,0.000048075,0.000048075,0.000048075,0.000048075,0.000048075,0.000048075,0.000048075,0.000048075,0.000048075,0.000048075,0.000048075,0.000048075,0.000048075,0.000048075,0.000048075,0.000048075,0.000048075,0.000048075,0.000048075,0.000048075,0.000048075,0.000048075,0.000048075,0.000048075,0.000048075,0.000048075,0.000048075,0.000048075,0.000048075,0.000048075,0.000048075,0.000048075,0.000048075,0.000048075,0.000048075,0.000048075,0.000048075,0.000048075,0.000048075,0.000048075,0.000048075,0.000048075,0.000048075
0,1,48,0.004135421,0.004135421,0.004135421,0.004135421,0.004135421,0.004135421,0.004135421,0.004135421,0.004135421,0.004135421,0.004135421,0.004135421,0.004135421,0.004135421,0.004135421,0.004135421,0.004135421,0.004135421,0.004135421,0.004135421,0.004135421,0.004135421,0.004135421,0.004135421,0.004135421,0.004135421,0.004135421,0.004306147,0.004491668,0.004697071,0.004919459,0.005152966,0.005390410,0.005622789,0.005839656,0.006029467,0.006180042,0.006279238,0.006315832,0.006283609,0.006191220,0.006052205,0.005881042,0.005692842,0.005501752,0.005320302,0.005159312,0.005027535,0.004930602,0.004870533,0.004838941,0.004824905,0.004817140,0.004803695,0.004772460,0.004711766,0.004611142,0.004463428,0.004268768,0.004032769,0.003769321,0.003493370,0.003218023,0.002953864,0.002708744,0.002487949,0.002294603,0.002129432,0.001989470,0.001870995,0.001769704,0.001681555,0.001580328,0.001485711,0.001394623,0.001304674,0.001214186,0.001122631,0.001031641,0.000943133,0.000858569,0.000779210,0.000706162,0.000640431,0.000582641,0.000533023,0.000491522,0.000457629,0.000429763,0.000406397,0.000386399,0.000368799,0.000352699,0.000337243,0.000321656,0.000305266,0.000287531,0.000268314,0.000248509,0.000229078,0.000210746,0.000194057,0.000179304,0.000166286,0.000154741,0.000144454,0.000135250,0.000127032,0.000119908,0.000116219,0.000113737,0.000112658,0.000113050,0.000114365,0.000115904,0.000116946,0.000116754,0.000114818,0.000111494,0.000107342,0.000102882,0.000098571,0.000094726,0.000091330,0.000088290,0.000084693,0.000080835,0.000076781,0.000072637,0.000068509,0.000063822,0.000059398,0.000055272,0.000051433,0.000047860,0.000044535,0.000041442,0.000041442,0.000041442,0.000041442,0.000041442,0.000041442,0.000041442,0.000041442,0.000041442,0.000041442,0.000041442,0.000041442,0.000041442,0.000041442,0.000041442,0.000041442,0.000041442,0.000041442,0.000041442,0.000041442,0.000041442,0.000041442,0.000041442,0.000041442,0.000041442,0.000041442,0.000041442,0.000041442,0.000041442,0.000041442,0.000041442,0.000041442,0.000041442,0.000041442,0.000041442,0.000041442,0.000041442,0.000041442,0.000041442,0.000041442,0.000041442,0.000041442,0.000041442,0.000041442,0.000041442,0.000041442,0.000041442,0.000041442,0.000041442,0.000041442,0.000041442,0.000041442,0.000041442,0.000041442,0.000041442,0.000041442,0.000041442,0.000041442,0.000041442,0.000041442,0.000041442,0.000041442,0.000041442,0.000041442,0.000041442,0.000041442,0.000041442,0.000041442,0.000041442,0.000041442,0.000041442,0.000041442,0.000041442,0.000041442,0.000041442,0.000041442,0.000041442,0.000041442,0.000041442,0.000041442,0.000041442,0.000041442,0.000041442,0.000041442,0.000041442,0.000041442,0.000041442,0.000041442,0.000041442,0.000041442,0.000041442,0.000041442,0.000041442,0.000041442,0.000041442,0.000041442,0.000041442,0.000041442,0.000041442,0.000041442,0.000041442
0,1,49,0.004036120,0.004036120,0.004036120,0.004036120,0.004036120,0.004036120,0.004036120,0.004036120,0.004036120,0.004036120,0.004036120,0.004036120,0.004036120,0.004036120,0.004036120,0.004036120,0.004036120,0.004036120,0.004036120,0.004036120,0.004036120,0.004036120,0.004036120,0.004036120,0.004036120,0.004036120,0.004036120,0.004208973,0.004400941,0.004609321,0.004828628,0.005052253,0.005272250,0.005478953,0.005661478,0.005808225,0.005907487,0.005948258,0.005924103,0.005842542,0.005715770,0.005556781,0.005378743,0.005194918,0.005017421,0.004856833,0.004722302,0.004621367,0.004556659,0.004520742,0.004503964,0.004496439,0.004487749,0.004466812,0.004422533,0.004344522,0.004223954,0.004055590,0.003842938,0.003598767,0.003337307,0.003071521,0.002812339,0.002568222,0.002345137,0.002146815,0.001975189,0.001830240,0.001708692,0.001606184,0.001518720,0.001442781,0.001355834,0.001274739,0.001196821,0.001119999,0.001042802,0.000964744,0.000887120,0.000811288,0.000738513,0.000669962,0.000606658,0.000549527,0.000499146,0.000455737,0.000419263,0.000389282,0.000364478,0.000343692,0.000325963,0.000310434,0.000296325,0.000282898,0.000269485,0.000255512,0.000240517,0.000224372,0.000207799,0.000191551,0.000176221,0.000162265,0.000149929,0.000139044,0.000129390,0.000120789,0.000113092,0.000106220,0.000102206,0.000099061,0.000096945,0.000096026,0.000096360,0.000097481,0.000098793,0.000099681,0.000099517,0.000097867,0.000095034,0.000091495,0.000087693,0.000084018,0.000080741,0.000077846,0.000075255,0.000072189,0.000068901,0.000065445,0.000061913,0.000058394,0.000054399,0.000050629,0.000047112,0.000043839,0.000040794,0.000037960,0.000035323,0.000035323,0.000035323,0.000035323,0.000035323,0.000035323,0.000035323,0.000035323,0.000035323,0.000035323,0.000035323,0.000035323,0.000035323,0.000035323,0.000035323,0.000035323,0.000035323,0.000035323,0.000035323,0.000035323,0.000035323,0.000035323,0.000035323,0.000035323,0.000035323,0.000035323,0.000035323,0.000035323,0.000035323,0.000035323,0.000035323,0.000035323,0.000035323,0.000035323,0.000035323,0.000035323,0.000035323,0.000035323,0.000035323,0.000035323,0.000035323,0.000035323,0.000035323,0.000035323,0.000035323,0.000035323,0.000035323,0.000035323,0.000035323,0.000035323,0.000035323,0.000035323,0.000035323,0.000035323,0.000035323,0.000035323,0.000035323,0.000035323,0.000035323,0.000035323,0.000035323,0.000035323,0.000035323,0.000035323,0.000035323,0.000035323,0.000035323,0.000035323,0.000035323,0.000035323,0.000035323,0.000035323,0.000035323,0.000035323,0.000035323,0.000035323,0.000035323,0.000035323,0.000035323,0.000035323,0.000035323,0.000035323,0.000035323,0.000035323,0.000035323,0.000035323,0.000035323,0.000035323,0.000035323,0.000035323,0.000035323,0.000035323,0.000035323,0.000035323,0.000035323,0.000035323,0.000035323,0.000035323,0.000035323,0.000035323,0.000035323
0,1,50,0.003895263,0.003895263,0.003895263,0.003895263,0.003895263,0.003895263,0.003895263,0.003895263,0.003895263,0.003895263,0.003895263,0.003895263,0.003895263,0.003895263,0.003895263,0.003895263,0.003895263,0.003895263,0.003895263,0.003895263,0.003895263,0.003895263,0.003895263,0.003895263,0.003895263,0.003895263,0.003895263,0.004071929,0.004264246,0.004467153,0.004674547,0.004879188,0.005072595,0.005244794,0.005384957,0.005482040,0.005525507,0.005508928,0.005438755,0.005325784,0.005181632,0.005018006,0.004846310,0.004677767,0.004522488,0.004389297,0.004285969,0.004216937,0.004175995,0.004154649,0.004144335,0.004136069,0.004120315,0.004087008,0.004026317,0.003929439,0.003789499,0.003604882,0.003386017,0.003146018,0.002897201,0.002650360,0.002414249,0.002195354,0.001997987,0.001824595,0.001676190,0.001552045,0.001448292,0.001360949,0.001286578,0.001222162,0.001148583,0.001080097,0.001014410,0.000949736,0.000884801,0.000819096,0.000753448,0.000689012,0.000626936,0.000568277,0.000513963,0.000464821,0.000421372,0.000383820,0.000352133,0.000325969,0.000304340,0.000286266,0.000270905,0.000257515,0.000245427,0.000234013,0.000222708,0.000211029,0.000198582,0.000185242,0.000171559,0.000158144,0.000145487,0.000133965,0.000123780,0.000114793,0.000106823,0.000099722,0.000093368,0.000089393,0.000086014,0.000083368,0.000081587,0.000080813,0.000081094,0.000082038,0.000083142,0.000083889,0.000083751,0.000082363,0.000079978,0.000077000,0.000073801,0.000070708,0.000067950,0.000065514,0.000063333,0.000060753,0.000057985,0.000055077,0.000052104,0.000049143,0.000045781,0.000042608,0.000039648,0.000036894,0.000034331,0.000031946,0.000029727,0.000029727,0.000029727,0.000029727,0.000029727,0.000029727,0.000029727,0.000029727,0.000029727,0.000029727,0.000029727,0.000029727,0.000029727,0.000029727,0.000029727,0.000029727,0.000029727,0.000029727,0.000029727,0.000029727,0.000029727,0.000029727,0.000029727,0.000029727,0.000029727,0.000029727,0.000029727,0.000029727,0.000029727,0.000029727,0.000029727,0.000029727,0.000029727,0.000029727,0.000029727,0.000029727,0.000029727,0.000029727,0.000029727,0.000029727,0.000029727,0.000029727,0.000029727,0.000029727,0.000029727,0.000029727,0.000029727,0.000029727,0.000029727,0.000029727,0.000029727,0.000029727,0.000029727,0.000029727,0.000029727,0.000029727,0.000029727,0.000029727,0.000029727,0.000029727,0.000029727,0.000029727,0.000029727,0.000029727,0.000029727,0.000029727,0.000029727,0.000029727,0.000029727,0.000029727,0.000029727,0.000029727,0.000029727,0.000029727,0.000029727,0.000029727,0.000029727,0.000029727,0.000029727,0.000029727,0.000029727,0.000029727,0.000029727,0.000029727,0.000029727,0.000029727,0.000029727,0.000029727,0.000029727,0.000029727,0.000029727,0.000029727,0.000029727,0.000029727,0.000029727,0.000029727,0.000029727,0.000029727,0.000029727,0.000029727,0.000029727
0,1,51,0.003717219,0.003717219,0.003717219,0.003717219,0.003717219,0.003717219,0.003717219,0.003717219,0.003717219,0.003717219,0.003717219,0.003717219,0.003717219,0.003717219,0.003717219,0.003717219,0.003717219,0.003717219,0.003717219,0.003717219,0.003717219,0.003717219,0.003717219,0.003717219,0.003717219,0.003717219,0.003717219,0.003891838,0.004076567,0.004265849,0.004453086,0.004630639,0.004789829,0.004920842,0.005013474,0.005057876,0.005047832,0.004988825,0.004890286,0.004762418,0.004615576,0.004459770,0.004304488,0.004158969,0.004031526,0.003929529,0.003857679,0.003812073,0.003785605,0.003770900,0.003760317,0.003745760,0.003718674,0.003670216,0.003592073,0.003477291,0.003322506,0.003133019,0.002919725,0.002693943,0.002465892,0.002244207,0.002035622,0.001844894,0.001674968,0.001527294,0.001402042,0.001297591,0.001210442,0.001137211,0.001074992,0.001021234,0.000959941,0.000903000,0.000848476,0.000794854,0.000740984,0.000686194,0.000631170,0.000576944,0.000524536,0.000474887,0.000428816,0.000387051,0.000350044,0.000317973,0.000290844,0.000268476,0.000250035,0.000234671,0.000221662,0.000210377,0.000200251,0.000190758,0.000181429,0.000171861,0.000161715,0.000150852,0.000139708,0.000128784,0.000118477,0.000109094,0.000100799,0.000093481,0.000086990,0.000081207,0.000077506,0.000074206,0.000071401,0.000069205,0.000067727,0.000067084,0.000067317,0.000068101,0.000069017,0.000069638,0.000069523,0.000068370,0.000066391,0.000063919,0.000061263,0.000058696,0.000056406,0.000054384,0.000052573,0.000050432,0.000048134,0.000045720,0.000043252,0.000040794,0.000038003,0.000035369,0.000032912,0.000030626,0.000028498,0.000026519,0.000024676,0.000024676,0.000024676,0.000024676,0.000024676,0.000024676,0.000024676,0.000024676,0.000024676,0.000024676,0.000024676,0.000024676,0.000024676,0.000024676,0.000024676,0.000024676,0.000024676,0.000024676,0.000024676,0.000024676,0.000024676,0.000024676,0.000024676,0.000024676,0.000024676,0.000024676,0.000024676,0.000024676,0.000024676,0.000024676,0.000024676,0.000024676,0.000024676,0.000024676,0.000024676,0.000024676,0.000024676,0.000024676,0.000024676,0.000024676,0.000024676,0.000024676,0.000024676,0.000024676,0.000024676,0.000024676,0.000024676,0.000024676,0.000024676,0.000024676,0.000024676,0.000024676,0.000024676,0.000024676,0.000024676,0.000024676,0.000024676,0.000024676,0.000024676,0.000024676,0.000024676,0.000024676,0.000024676,0.000024676,0.000024676,0.000024676,0.000024676,0.000024676,0.000024676,0.000024676,0.000024676,0.000024676,0.000024676,0.000024676,0.000024676,0.000024676,0.000024676,0.000024676,0.000024676,0.000024676,0.000024676,0.000024676,0.000024676,0.000024676,0.000024676,0.000024676,0.000024676,0.000024676,0.000024676,0.000024676,0.000024676,0.000024676,0.000024676,0.000024676,0.000024676,0.000024676,0.000024676,0.000024676,0.000024676,0.000024676,0.000024676
0,1,52,0.003507793,0.003507793,0.003507793,0.003507793,0.003507793,0.003507793,0.003507793,0.003507793,0.003507793,0.003507793,0.003507793,0.003507793,0.003507793,0.003507793,0.003507793,0.003507793,0.003507793,0.003507793,0.003507793,0.003507793,0.003507793,0.003507793,0.003507793,0.003507793,0.003507793,0.003507793,0.003507793,0.003673404,0.003843536,0.004012259,0.004172691,0.004317101,0.004437024,0.004523304,0.004566921,0.004562032,0.004513278,0.004428820,0.004317502,0.004188326,0.004050050,0.003910892,0.003778520,0.003660421,0.003563433,0.003491980,0.003443060,0.003411859,0.003392349,0.003378074,0.003362256,0.003337732,0.003297066,0.003232821,0.003138395,0.003010069,0.002850943,0.002667264,0.002468419,0.002263775,0.002061489,0.001868213,0.001688933,0.001526981,0.001384239,0.001261272,0.001157291,0.001070714,0.000998599,0.000938119,0.000886849,0.000842665,0.000792351,0.000745696,0.000701087,0.000657201,0.000612870,0.000567529,0.000521797,0.000476579,0.000432767,0.000391183,0.000352536,0.000317449,0.000286309,0.000259295,0.000236505,0.000217769,0.000202367,0.000189576,0.000178787,0.000169472,0.000161163,0.000153427,0.000145879,0.000138178,0.000130020,0.000121286,0.000112326,0.000103543,0.000095255,0.000087711,0.000081043,0.000075159,0.000069940,0.000066555,0.000063521,0.000060817,0.000058519,0.000056718,0.000055507,0.000054980,0.000055171,0.000055814,0.000056565,0.000057073,0.000056979,0.000056034,0.000054412,0.000052386,0.000050209,0.000048105,0.000046229,0.000044571,0.000043088,0.000041332,0.000039449,0.000037470,0.000035448,0.000033433,0.000031146,0.000028987,0.000026974,0.000025100,0.000023356,0.000021734,0.000020224,0.000020224,0.000020224,0.000020224,0.000020224,0.000020224,0.000020224,0.000020224,0.000020224,0.000020224,0.000020224,0.000020224,0.000020224,0.000020224,0.000020224,0.000020224,0.000020224,0.000020224,0.000020224,0.000020224,0.000020224,0.000020224,0.000020224,0.000020224,0.000020224,0.000020224,0.000020224,0.000020224,0.000020224,0.000020224,0.000020224,0.000020224,0.000020224,0.000020224,0.000020224,0.000020224,0.000020224,0.000020224,0.000020224,0.000020224,0.000020224,0.000020224,0.000020224,0.000020224,0.000020224,0.000020224,0.000020224,0.000020224,0.000020224,0.000020224,0.000020224,0.000020224,0.000020224,0.000020224,0.000020224,0.000020224,0.000020224,0.000020224,0.000020224,0.000020224,0.000020224,0.000020224,0.000020224,0.000020224,0.000020224,0.000020224,0.000020224,0.000020224,0.000020224,0.000020224,0.000020224,0.000020224,0.000020224,0.000020224,0.000020224,0.000020224,0.000020224,0.000020224,0.000020224,0.000020224,0.000020224,0.000020224,0.000020224,0.000020224,0.000020224,0.000020224,0.000020224,0.000020224,0.000020224,0.000020224,0.000020224,0.000020224,0.000020224,0.000020224,0.000020224,0.000020224,0.000020224,0.000020224,0.000020224,0.000020224,0.000020224
0,1,53,0.003273567,0.003273567,0.003273567,0.003273567,0.003273567,0.003273567,0.003273567,0.003273567,0.003273567,0.003273567,0.003273567,0.003273567,0.003273567,0.003273567,0.003273567,0.003273567,0.003273567,0.003273567,0.003273567,0.003273567,0.003273567,0.003273567,0.003273567,0.003273567,0.003273567,0.003273567,0.003273567,0.003424353,0.003574274,0.003717210,0.003846272,0.003953991,0.004032541,0.004073897,0.004072694,0.004032853,0.003961393,0.003865909,0.003754139,0.003633622,0.003511467,0.003394228,0.003288004,0.003198865,0.003130877,0.003081462,0.003046783,0.003022898,0.003004635,0.002986362,0.002962163,0.002925884,0.002871331,0.002792604,0.002686010,0.002553661,0.002399691,0.002229496,0.002050818,0.001871128,0.001696712,0.001532516,0.001382095,0.001247675,0.001130213,0.001029328,0.000944151,0.000873342,0.000814463,0.000765185,0.000723508,0.000687689,0.000646927,0.000609197,0.000573122,0.000537431,0.000501157,0.000463881,0.000426154,0.000388757,0.000352460,0.000317963,0.000285874,0.000256716,0.000230837,0.000208468,0.000189669,0.000174262,0.000161633,0.000151179,0.000142397,0.000134851,0.000128160,0.000121970,0.000115963,0.000109841,0.000103356,0.000096413,0.000089291,0.000082308,0.000075720,0.000069723,0.000064422,0.000059745,0.000056673,0.000053931,0.000051472,0.000049281,0.000047418,0.000045960,0.000044978,0.000044551,0.000044706,0.000045226,0.000045835,0.000046247,0.000046171,0.000045405,0.000044091,0.000042449,0.000040685,0.000038980,0.000037460,0.000036117,0.000034914,0.000033492,0.000031966,0.000030363,0.000028724,0.000027091,0.000025238,0.000023489,0.000021857,0.000020339,0.000018926,0.000017611,0.000016388,0.000016388,0.000016388,0.000016388,0.000016388,0.000016388,0.000016388,0.000016388,0.000016388,0.000016388,0.000016388,0.000016388,0.000016388,0.000016388,0.000016388,0.000016388,0.000016388,0.000016388,0.000016388,0.000016388,0.000016388,0.000016388,0.000016388,0.000016388,0.000016388,0.000016388,0.000016388,0.000016388,0.000016388,0.000016388,0.000016388,0.000016388,0.000016388,0.000016388,0.000016388,0.000016388,0.000016388,0.000016388,0.000016388,0.000016388,0.000016388,0.000016388,0.000016388,0.000016388,0.000016388,0.000016388,0.000016388,0.000016388,0.000016388,0.000016388,0.000016388,0.000016388,0.000016388,0.000016388,0.000016388,0.000016388,0.000016388,0.000016388,0.000016388,0.000016388,0.000016388,0.000016388,0.000016388,0.000016388,0.000016388,0.000016388,0.000016388,0.000016388,0.000016388,0.000016388,0.000016388,0.000016388,0.000016388,0.000016388,0.000016388,0.000016388,0.000016388,0.000016388,0.000016388,0.000016388,0.000016388,0.000016388,0.000016388,0.000016388,0.000016388,0.000016388,0.000016388,0.000016388,0.000016388,0.000016388,0.000016388,0.000016388,0.000016388,0.000016388,0.000016388,0.000016388,0.000016388,0.000016388,0.000016388,0.000016388,0.000016388
0,1,54,0.003021460,0.003021460,0.003021460,0.003021460,0.003021460,0.003021460,0.003021460,0.003021460,0.003021460,0.003021460,0.003021460,0.003021460,0.003021460,0.003021460,0.003021460,0.003021460,0.003021460,0.003021460,0.003021460,0.003021460,0.003021460,0.003021460,0.003021460,0.003021460,0.003021460,0.003021460,0.003021460,0.003152978,0.003278695,0.003392542,0.003487924,0.003557994,0.003595955,0.003597064,0.003564631,0.003504662,0.003423646,0.003328178,0.003224681,0.003119214,0.003017389,0.002924352,0.002844959,0.002782741,0.002735465,0.002699815,0.002672725,0.002650911,0.002629937,0.002604958,0.002570955,0.002522855,0.002455783,0.002366398,0.002256174,0.002128179,0.001985976,0.001833973,0.001678323,0.001524786,0.001378051,0.001241679,0.001118110,0.001008625,0.000913239,0.000831442,0.000762486,0.000705252,0.000657748,0.000618073,0.000584602,0.000555917,0.000523277,0.000493075,0.000464035,0.000435119,0.000405577,0.000375105,0.000344185,0.000313483,0.000283654,0.000255289,0.000228896,0.000204930,0.000183752,0.000165531,0.000150274,0.000137807,0.000127620,0.000119217,0.000112186,0.000106175,0.000100875,0.000095998,0.000091270,0.000086451,0.000081348,0.000075882,0.000070277,0.000064781,0.000059596,0.000054876,0.000050704,0.000047933,0.000045469,0.000043269,0.000041296,0.000039538,0.000038044,0.000036873,0.000036086,0.000035744,0.000035868,0.000036285,0.000036773,0.000037104,0.000037043,0.000036429,0.000035374,0.000034057,0.000032642,0.000031274,0.000030054,0.000028976,0.000028012,0.000026870,0.000025646,0.000024360,0.000023045,0.000021735,0.000020248,0.000018845,0.000017536,0.000016318,0.000015184,0.000014129,0.000013148,0.000013148,0.000013148,0.000013148,0.000013148,0.000013148,0.000013148,0.000013148,0.000013148,0.000013148,0.000013148,0.000013148,0.000013148,0.000013148,0.000013148,0.000013148,0.000013148,0.000013148,0.000013148,0.000013148,0.000013148,0.000013148,0.000013148,0.000013148,0.000013148,0.000013148,0.000013148,0.000013148,0.000013148,0.000013148,0.000013148,0.000013148,0.000013148,0.000013148,0.000013148,0.000013148,0.000013148,0.000013148,0.000013148,0.000013148,0.000013148,0.000013148,0.000013148,0.000013148,0.000013148,0.000013148,0.000013148,0.000013148,0.000013148,0.000013148,0.000013148,0.000013148,0.000013148,0.000013148,0.000013148,0.000013148,0.000013148,0.000013148,0.000013148,0.000013148,0.000013148,0.000013148,0.000013148,0.000013148,0.000013148,0.000013148,0.000013148,0.000013148,0.000013148,0.000013148,0.000013148,0.000013148,0.000013148,0.000013148,0.000013148,0.000013148,0.000013148,0.000013148,0.000013148,0.000013148,0.000013148,0.000013148,0.000013148,0.000013148,0.000013148,0.000013148,0.000013148,0.000013148,0.000013148,0.000013148,0.000013148,0.000013148,0.000013148,0.000013148,0.000013148,0.000013148,0.000013148,0.000013148,0.000013148,0.000013148,0.000013148
0,1,55,0.002758402,0.002758402,0.002758402,0.002758402,0.002758402,0.002758402,0.002758402,0.002758402,0.002758402,0.002758402,0.002758402,0.002758402,0.002758402,0.002758402,0.002758402,0.002758402,0.002758402,0.002758402,0.002758402,0.002758402,0.002758402,0.002758402,0.002758402,0.002758402,0.002758402,0.002758402,0.002758402,0.002867689,0.002966924,0.003050342,0.003111944,0.003145826,0.003148076,0.003121568,0.003071421,0.003003155,0.002922364,0.002834481,0.002744625,0.002657537,0.002577580,0.002508800,0.002453840,0.002410638,0.002376308,0.002348235,0.002323917,0.002300612,0.002274564,0.002241716,0.002197979,0.002139403,0.002063297,0.001970815,0.001864277,0.001746304,0.001619771,0.001488110,0.001356048,0.001227892,0.001107042,0.000995981,0.000896207,0.000808071,0.000731406,0.000665761,0.000610503,0.000564714,0.000526780,0.000495168,0.000468570,0.000445844,0.000419936,0.000395835,0.000372507,0.000349144,0.000325175,0.000300383,0.000275185,0.000250145,0.000225809,0.000202671,0.000181171,0.000161746,0.000144668,0.000130036,0.000117830,0.000107885,0.000099785,0.000093127,0.000087580,0.000082861,0.000078721,0.000074915,0.000071225,0.000067465,0.000063482,0.000059217,0.000054843,0.000050554,0.000046507,0.000042824,0.000040335,0.000038130,0.000036170,0.000034420,0.000032851,0.000031452,0.000030263,0.000029332,0.000028706,0.000028434,0.000028532,0.000028865,0.000029253,0.000029516,0.000029467,0.000028979,0.000028140,0.000027092,0.000025966,0.000024878,0.000023908,0.000023050,0.000022283,0.000021375,0.000020401,0.000019378,0.000018332,0.000017290,0.000016107,0.000014991,0.000013949,0.000012980,0.000012079,0.000011240,0.000010459,0.000010459,0.000010459,0.000010459,0.000010459,0.000010459,0.000010459,0.000010459,0.000010459,0.000010459,0.000010459,0.000010459,0.000010459,0.000010459,0.000010459,0.000010459,0.000010459,0.000010459,0.000010459,0.000010459,0.000010459,0.000010459,0.000010459,0.000010459,0.000010459,0.000010459,0.000010459,0.000010459,0.000010459,0.000010459,0.000010459,0.000010459,0.000010459,0.000010459,0.000010459,0.000010459,0.000010459,0.000010459,0.000010459,0.000010459,0.000010459,0.000010459,0.000010459,0.000010459,0.000010459,0.000010459,0.000010459,0.000010459,0.000010459,0.000010459,0.000010459,0.000010459,0.000010459,0.000010459,0.000010459,0.000010459,0.000010459,0.000010459,0.000010459,0.000010459,0.000010459,0.000010459,0.000010459,0.000010459,0.000010459,0.000010459,0.000010459,0.000010459,0.000010459,0.000010459,0.000010459,0.000010459,0.000010459,0.000010459,0.000010459,0.000010459,0.000010459,0.000010459,0.000010459,0.000010459,0.000010459,0.000010459,0.000010459,0.000010459,0.000010459,0.000010459,0.000010459,0.000010459,0.000010459,0.000010459,0.000010459,0.000010459,0.000010459,0.000010459,0.000010459,0.000010459,0.000010459,0.000010459,0.000010459,0.000010459,0.000010459
0,1,56,0.002491040,0.002491040,0.002491040,0.002491040,0.002491040,0.002491040,0.002491040,0.002491040,0.002491040,0.002491040,0.002491040,0.002491040,0.002491040,0.002491040,0.002491040,0.002491040,0.002491040,0.002491040,0.002491040,0.002491040,0.002491040,0.002491040,0.002491040,0.002491040,0.002491040,0.002491040,0.002491040,0.002576609,0.002648744,0.002702232,0.002731928,0.002734465,0.002712537,0.002670563,0.002613220,0.002545237,0.002471192,0.002395386,0.002321792,0.002254067,0.002195614,0.002148546,0.002110641,0.002079279,0.002052200,0.002027298,0.002002528,0.001975630,0.001943512,0.001902912,0.001850685,0.001784731,0.001706193,0.001616934,0.001518906,0.001414192,0.001304984,0.001193835,0.001084268,0.000979422,0.000881692,0.000792659,0.000712919,0.000642593,0.000581510,0.000529282,0.000485384,0.000449067,0.000419040,0.000394077,0.000373131,0.000355262,0.000334733,0.000315508,0.000296787,0.000277947,0.000258555,0.000238464,0.000218030,0.000197724,0.000177999,0.000159279,0.000141981,0.000126441,0.000112843,0.000101240,0.000091592,0.000083758,0.000077396,0.000072187,0.000067866,0.000064206,0.000060997,0.000058048,0.000055189,0.000052276,0.000049190,0.000045885,0.000042495,0.000039172,0.000036037,0.000033825,0.000031859,0.000030118,0.000028570,0.000027187,0.000025948,0.000024843,0.000023904,0.000023169,0.000022674,0.000022459,0.000022537,0.000022799,0.000023106,0.000023313,0.000023275,0.000022889,0.000022227,0.000021399,0.000020510,0.000019650,0.000018884,0.000018207,0.000017601,0.000016883,0.000016114,0.000015306,0.000014480,0.000013657,0.000012723,0.000011841,0.000011018,0.000010253,0.000009540,0.000008878,0.000008261,0.000008261,0.000008261,0.000008261,0.000008261,0.000008261,0.000008261,0.000008261,0.000008261,0.000008261,0.000008261,0.000008261,0.000008261,0.000008261,0.000008261,0.000008261,0.000008261,0.000008261,0.000008261,0.000008261,0.000008261,0.000008261,0.000008261,0.000008261,0.000008261,0.000008261,0.000008261,0.000008261,0.000008261,0.000008261,0.000008261,0.000008261,0.000008261,0.000008261,0.000008261,0.000008261,0.000008261,0.000008261,0.000008261,0.000008261,0.000008261,0.000008261,0.000008261,0.000008261,0.000008261,0.000008261,0.000008261,0.000008261,0.000008261,0.000008261,0.000008261,0.000008261,0.000008261,0.000008261,0.000008261,0.000008261,0.000008261,0.000008261,0.000008261,0.000008261,0.000008261,0.000008261,0.000008261,0.000008261,0.000008261,0.000008261,0.000008261,0.000008261,0.000008261,0.000008261,0.000008261,0.000008261,0.000008261,0.000008261,0.000008261,0.000008261,0.000008261,0.000008261,0.000008261,0.000008261,0.000008261,0.000008261,0.000008261,0.000008261,0.000008261,0.000008261,0.000008261,0.000008261,0.000008261,0.000008261,0.000008261,0.000008261,0.000008261,0.000008261,0.000008261,0.000008261,0.000008261,0.000008261,0.000008261,0.000008261,0.000008261
0,1,57,0.002225477,0.002225477,0.002225477,0.002225477,0.002225477,0.002225477,0.002225477,0.002225477,0.002225477,0.002225477,0.002225477,0.002225477,0.002225477,0.002225477,0.002225477,0.002225477,0.002225477,0.002225477,0.002225477,0.002225477,0.002225477,0.002225477,0.002225477,0.002225477,0.002225477,0.002225477,0.002225477,0.002287216,0.002333125,0.002358756,0.002361179,0.002342740,0.002307418,0.002259227,0.002202150,0.002140036,0.002076489,0.002014826,0.001958093,0.001909122,0.001869642,0.001837541,0.001810173,0.001785479,0.001761656,0.001737003,0.001709882,0.001678494,0.001640402,0.001593134,0.001535102,0.001467451,0.001391871,0.001309898,0.001223052,0.001132885,0.001040975,0.000949145,0.000859951,0.000775623,0.000697719,0.000626970,0.000563709,0.000508000,0.000459680,0.000418421,0.000383794,0.000355196,0.000331599,0.000312031,0.000295636,0.000281575,0.000265293,0.000249949,0.000234927,0.000219750,0.000204095,0.000187865,0.000171362,0.000154977,0.000139096,0.000124118,0.000110362,0.000098067,0.000087356,0.000078251,0.000070706,0.000064597,0.000059653,0.000055621,0.000052288,0.000049469,0.000046997,0.000044724,0.000042522,0.000040277,0.000037899,0.000035353,0.000032741,0.000030181,0.000028303,0.000026566,0.000025022,0.000023654,0.000022438,0.000021352,0.000020379,0.000019511,0.000018774,0.000018196,0.000017808,0.000017639,0.000017700,0.000017906,0.000018147,0.000018310,0.000018280,0.000017977,0.000017456,0.000016806,0.000016108,0.000015433,0.000014831,0.000014299,0.000013823,0.000013260,0.000012656,0.000012021,0.000011372,0.000010726,0.000009992,0.000009300,0.000008653,0.000008052,0.000007493,0.000006972,0.000006488,0.000006488,0.000006488,0.000006488,0.000006488,0.000006488,0.000006488,0.000006488,0.000006488,0.000006488,0.000006488,0.000006488,0.000006488,0.000006488,0.000006488,0.000006488,0.000006488,0.000006488,0.000006488,0.000006488,0.000006488,0.000006488,0.000006488,0.000006488,0.000006488,0.000006488,0.000006488,0.000006488,0.000006488,0.000006488,0.000006488,0.000006488,0.000006488,0.000006488,0.000006488,0.000006488,0.000006488,0.000006488,0.000006488,0.000006488,0.000006488,0.000006488,0.000006488,0.000006488,0.000006488,0.000006488,0.000006488,0.000006488,0.000006488,0.000006488,0.000006488,0.000006488,0.000006488,0.000006488,0.000006488,0.000006488,0.000006488,0.000006488,0.000006488,0.000006488,0.000006488,0.000006488,0.000006488,0.000006488,0.000006488,0.000006488,0.000006488,0.000006488,0.000006488,0.000006488,0.000006488,0.000006488,0.000006488,0.000006488,0.000006488,0.000006488,0.000006488,0.000006488,0.000006488,0.000006488,0.000006488,0.000006488,0.000006488,0.000006488,0.000006488,0.000006488,0.000006488,0.000006488,0.000006488,0.000006488,0.000006488,0.000006488,0.000006488,0.000006488,0.000006488,0.000006488,0.000006488,0.000006488,0.000006488,0.000006488,0.000006488
0,1,58,0.001967082,0.001967082,0.001967082,0.001967082,0.001967082,0.001967082,0.001967082,0.001967082,0.001967082,0.001967082,0.001967082,0.001967082,0.001967082,0.001967082,0.001967082,0.001967082,0.001967082,0.001967082,0.001967082,0.001967082,0.001967082,0.001967082,0.001967082,0.001967082,0.001967082,0.001967082,0.001967082,0.002006065,0.002027857,0.002029927,0.002014270,0.001984318,0.001943658,0.001895690,0.001843642,0.001790530,0.001739120,0.001691944,0.001651351,0.001618737,0.001592177,0.001569220,0.001547759,0.001526151,0.001502954,0.001476827,0.001446510,0.001410665,0.001367492,0.001315824,0.001256808,0.001191999,0.001122757,0.001050251,0.000975583,0.000899837,0.000824086,0.000749572,0.000678108,0.000611165,0.000549523,0.000493637,0.000443741,0.000399861,0.000361850,0.000329438,0.000302274,0.000279881,0.000261443,0.000246173,0.000233319,0.000222213,0.000209274,0.000197010,0.000184947,0.000172725,0.000160104,0.000147025,0.000133743,0.000120590,0.000107929,0.000096066,0.000085232,0.000075594,0.000067233,0.000060150,0.000054299,0.000049576,0.000045768,0.000042672,0.000040115,0.000037952,0.000036055,0.000034312,0.000032622,0.000030900,0.000029076,0.000027122,0.000025119,0.000023603,0.000022134,0.000020776,0.000019568,0.000018499,0.000017548,0.000016699,0.000015937,0.000015259,0.000014682,0.000014230,0.000013927,0.000013794,0.000013842,0.000014003,0.000014192,0.000014319,0.000014296,0.000014059,0.000013652,0.000013143,0.000012597,0.000012069,0.000011599,0.000011183,0.000010810,0.000010370,0.000009898,0.000009401,0.000008894,0.000008388,0.000007814,0.000007273,0.000006767,0.000006297,0.000005860,0.000005453,0.000005074,0.000005074,0.000005074,0.000005074,0.000005074,0.000005074,0.000005074,0.000005074,0.000005074,0.000005074,0.000005074,0.000005074,0.000005074,0.000005074,0.000005074,0.000005074,0.000005074,0.000005074,0.000005074,0.000005074,0.000005074,0.000005074,0.000005074,0.000005074,0.000005074,0.000005074,0.000005074,0.000005074,0.000005074,0.000005074,0.000005074,0.000005074,0.000005074,0.000005074,0.000005074,0.000005074,0.000005074,0.000005074,0.000005074,0.000005074,0.000005074,0.000005074,0.000005074,0.000005074,0.000005074,0.000005074,0.000005074,0.000005074,0.000005074,0.000005074,0.000005074,0.000005074,0.000005074,0.000005074,0.000005074,0.000005074,0.000005074,0.000005074,0.000005074,0.000005074,0.000005074,0.000005074,0.000005074,0.000005074,0.000005074,0.000005074,0.000005074,0.000005074,0.000005074,0.000005074,0.000005074,0.000005074,0.000005074,0.000005074,0.000005074,0.000005074,0.000005074,0.000005074,0.000005074,0.000005074,0.000005074,0.000005074,0.000005074,0.000005074,0.000005074,0.000005074,0.000005074,0.000005074,0.000005074,0.000005074,0.000005074,0.000005074,0.000005074,0.000005074,0.000005074,0.000005074,0.000005074,0.000005074,0.000005074,0.000005074,0.000005074
0,1,59,0.001720348,0.001720348,0.001720348,0.001720348,0.001720348,0.001720348,0.001720348,0.001720348,0.001720348,0.001720348,0.001720348,0.001720348,0.001720348,0.001720348,0.001720348,0.001720348,0.001720348,0.001720348,0.001720348,0.001720348,0.001720348,0.001720348,0.001720348,0.001720348,0.001720348,0.001720348,0.001720348,0.001738599,0.001740159,0.001726724,0.001701212,0.001666703,0.001626226,0.001582526,0.001538124,0.001495327,0.001456241,0.001422815,0.001396172,0.001374570,0.001355801,0.001337905,0.001319180,0.001298316,0.001274185,0.001245785,0.001212226,0.001172618,0.001126233,0.001074206,0.001017980,0.000958784,0.000897636,0.000835357,0.000772685,0.000710324,0.000648954,0.000589386,0.000532806,0.000479984,0.000431429,0.000387476,0.000348287,0.000313867,0.000284087,0.000258726,0.000237504,0.000220040,0.000205677,0.000193731,0.000183607,0.000174792,0.000164481,0.000154656,0.000144957,0.000135111,0.000124944,0.000114423,0.000103773,0.000093304,0.000083299,0.000073981,0.000065514,0.000058015,0.000051533,0.000046061,0.000041555,0.000037929,0.000035013,0.000032645,0.000030689,0.000029034,0.000027583,0.000026249,0.000024956,0.000023639,0.000022243,0.000020749,0.000019588,0.000018406,0.000017261,0.000016202,0.000015260,0.000014426,0.000013684,0.000013022,0.000012428,0.000011899,0.000011450,0.000011097,0.000010860,0.000010757,0.000010795,0.000010920,0.000011067,0.000011167,0.000011148,0.000010964,0.000010646,0.000010250,0.000009824,0.000009412,0.000009045,0.000008721,0.000008430,0.000008087,0.000007718,0.000007331,0.000006936,0.000006541,0.000006094,0.000005671,0.000005277,0.000004911,0.000004570,0.000004252,0.000003957,0.000003957,0.000003957,0.000003957,0.000003957,0.000003957,0.000003957,0.000003957,0.000003957,0.000003957,0.000003957,0.000003957,0.000003957,0.000003957,0.000003957,0.000003957,0.000003957,0.000003957,0.000003957,0.000003957,0.000003957,0.000003957,0.000003957,0.000003957,0.000003957,0.000003957,0.000003957,0.000003957,0.000003957,0.000003957,0.000003957,0.000003957,0.000003957,0.000003957,0.000003957,0.000003957,0.000003957,0.000003957,0.000003957,0.000003957,0.000003957,0.000003957,0.000003957,0.000003957,0.000003957,0.000003957,0.000003957,0.000003957,0.000003957,0.000003957,0.000003957,0.000003957,0.000003957,0.000003957,0.000003957,0.000003957,0.000003957,0.000003957,0.000003957,0.000003957,0.000003957,0.000003957,0.000003957,0.000003957,0.000003957,0.000003957,0.000003957,0.000003957,0.000003957,0.000003957,0.000003957,0.000003957,0.000003957,0.000003957,0.000003957,0.000003957,0.000003957,0.000003957,0.000003957,0.000003957,0.000003957,0.000003957,0.000003957,0.000003957,0.000003957,0.000003957,0.000003957,0.000003957,0.000003957,0.000003957,0.000003957,0.000003957,0.000003957,0.000003957,0.000003957,0.000003957,0.000003957,0.000003957,0.000003957,0.000003957,0.000003957
0,1,60,0.001488822,0.001488822,0.001488822,0.001488822,0.001488822,0.001488822,0.001488822,0.001488822,0.001488822,0.001488822,0.001488822,0.001488822,0.001488822,0.001488822,0.001488822,0.001488822,0.001488822,0.001488822,0.001488822,0.001488822,0.001488822,0.001488822,0.001488822,0.001488822,0.001488822,0.001488822,0.001488822,0.001489782,0.001478095,0.001456244,0.001426841,0.001392483,0.001355612,0.001318369,0.001282679,0.001250296,0.001222838,0.001201217,0.001183869,0.001168815,0.001154283,0.001138678,0.001120629,0.001099113,0.001073300,0.001042510,0.001006216,0.000964350,0.000918106,0.000868826,0.000817636,0.000765440,0.000712944,0.000660674,0.000609077,0.000558568,0.000509541,0.000462433,0.000417846,0.000376296,0.000338163,0.000303691,0.000272995,0.000246065,0.000222792,0.000202997,0.000186457,0.000172858,0.000161631,0.000152237,0.000144220,0.000137184,0.000128937,0.000121043,0.000113228,0.000105289,0.000097099,0.000088656,0.000080178,0.000071909,0.000064058,0.000056785,0.000050208,0.000044405,0.000039407,0.000035200,0.000031746,0.000028975,0.000026748,0.000024938,0.000023444,0.000022180,0.000021071,0.000020053,0.000019065,0.000018058,0.000016992,0.000016158,0.000015254,0.000014333,0.000013442,0.000012617,0.000011883,0.000011234,0.000010656,0.000010141,0.000009678,0.000009266,0.000008916,0.000008642,0.000008457,0.000008377,0.000008406,0.000008504,0.000008618,0.000008696,0.000008682,0.000008538,0.000008290,0.000007982,0.000007650,0.000007329,0.000007044,0.000006791,0.000006565,0.000006297,0.000006011,0.000005709,0.000005401,0.000005094,0.000004745,0.000004416,0.000004110,0.000003824,0.000003559,0.000003311,0.000003081,0.000003081,0.000003081,0.000003081,0.000003081,0.000003081,0.000003081,0.000003081,0.000003081,0.000003081,0.000003081,0.000003081,0.000003081,0.000003081,0.000003081,0.000003081,0.000003081,0.000003081,0.000003081,0.000003081,0.000003081,0.000003081,0.000003081,0.000003081,0.000003081,0.000003081,0.000003081,0.000003081,0.000003081,0.000003081,0.000003081,0.000003081,0.000003081,0.000003081,0.000003081,0.000003081,0.000003081,0.000003081,0.000003081,0.000003081,0.000003081,0.000003081,0.000003081,0.000003081,0.000003081,0.000003081,0.000003081,0.000003081,0.000003081,0.000003081,0.000003081,0.000003081,0.000003081,0.000003081,0.000003081,0.000003081,0.000003081,0.000003081,0.000003081,0.000003081,0.000003081,0.000003081,0.000003081,0.000003081,0.000003081,0.000003081,0.000003081,0.000003081,0.000003081,0.000003081,0.000003081,0.000003081,0.000003081,0.000003081,0.000003081,0.000003081,0.000003081,0.000003081,0.000003081,0.000003081,0.000003081,0.000003081,0.000003081,0.000003081,0.000003081,0.000003081,0.000003081,0.000003081,0.000003081,0.000003081,0.000003081,0.000003081,0.000003081,0.000003081,0.000003081,0.000003081,0.000003081,0.000003081,0.000003081,0.000003081,0.000003081
0,1,61,0.001275417,0.001275417,0.001275417,0.001275417,0.001275417,0.001275417,0.001275417,0.001275417,0.001275417,0.001275417,0.001275417,0.001275417,0.001275417,0.001275417,0.001275417,0.001275417,0.001275417,0.001275417,0.001275417,0.001275417,0.001275417,0.001275417,0.001275417,0.001275417,0.001275417,0.001275417,0.001275417,0.001265090,0.001246232,0.001221060,0.001191771,0.001160460,0.001129036,0.001099133,0.001072215,0.001049630,0.001032121,0.001018298,0.001006403,0.000994836,0.000982149,0.000967049,0.000948448,0.000925594,0.000897941,0.000865121,0.000827292,0.000785939,0.000742383,0.000697660,0.000652591,0.000607795,0.000563718,0.000520653,0.000478833,0.000438463,0.000399688,0.000362568,0.000327501,0.000294877,0.000264977,0.000237982,0.000213970,0.000192927,0.000174761,0.000159329,0.000146441,0.000135808,0.000126981,0.000119550,0.000113162,0.000107513,0.000100889,0.000094526,0.000088216,0.000081805,0.000075215,0.000068481,0.000061778,0.000055286,0.000049157,0.000043508,0.000038420,0.000033948,0.000030108,0.000026886,0.000024246,0.000022129,0.000020428,0.000019046,0.000017905,0.000016940,0.000016093,0.000015315,0.000014561,0.000013792,0.000013229,0.000012579,0.000011876,0.000011159,0.000010465,0.000009823,0.000009252,0.000008746,0.000008296,0.000007895,0.000007535,0.000007214,0.000006942,0.000006728,0.000006584,0.000006522,0.000006544,0.000006621,0.000006710,0.000006770,0.000006759,0.000006647,0.000006454,0.000006214,0.000005956,0.000005706,0.000005484,0.000005287,0.000005111,0.000004903,0.000004679,0.000004445,0.000004205,0.000003966,0.000003695,0.000003438,0.000003200,0.000002977,0.000002770,0.000002578,0.000002399,0.000002399,0.000002399,0.000002399,0.000002399,0.000002399,0.000002399,0.000002399,0.000002399,0.000002399,0.000002399,0.000002399,0.000002399,0.000002399,0.000002399,0.000002399,0.000002399,0.000002399,0.000002399,0.000002399,0.000002399,0.000002399,0.000002399,0.000002399,0.000002399,0.000002399,0.000002399,0.000002399,0.000002399,0.000002399,0.000002399,0.000002399,0.000002399,0.000002399,0.000002399,0.000002399,0.000002399,0.000002399,0.000002399,0.000002399,0.000002399,0.000002399,0.000002399,0.000002399,0.000002399,0.000002399,0.000002399,0.000002399,0.000002399,0.000002399,0.000002399,0.000002399,0.000002399,0.000002399,0.000002399,0.000002399,0.000002399,0.000002399,0.000002399,0.000002399,0.000002399,0.000002399,0.000002399,0.000002399,0.000002399,0.000002399,0.000002399,0.000002399,0.000002399,0.000002399,0.000002399,0.000002399,0.000002399,0.000002399,0.000002399,0.000002399,0.000002399,0.000002399,0.000002399,0.000002399,0.000002399,0.000002399,0.000002399,0.000002399,0.000002399,0.000002399,0.000002399,0.000002399,0.000002399,0.000002399,0.000002399,0.000002399,0.000002399,0.000002399,0.000002399,0.000002399,0.000002399,0.000002399,0.000002399,0.000002399,0.000002399
0,1,62,0.001083031,0.001083031,0.001083031,0.001083031,0.001083031,0.001083031,0.001083031,0.001083031,0.001083031,0.001083031,0.001083031,0.001083031,0.001083031,0.001083031,0.001083031,0.001083031,0.001083031,0.001083031,0.001083031,0.001083031,0.001083031,0.001083031,0.001083031,0.001083031,0.001083031,0.001083031,0.001083031,0.001066616,0.001044940,0.001019868,0.000993169,0.000966480,0.000941265,0.000918767,0.000900113,0.000885911,0.000874937,0.000865638,0.000856585,0.000846467,0.000834100,0.000818452,0.000798703,0.000774355,0.000745140,0.000711276,0.000674227,0.000635503,0.000596118,0.000556825,0.000518181,0.000480572,0.000444241,0.000409313,0.000375870,0.000343931,0.000313371,0.000284174,0.000256638,0.000231058,0.000207643,0.000186527,0.000167762,0.000151334,0.000137167,0.000125135,0.000115053,0.000106694,0.000099717,0.000093805,0.000088687,0.000084126,0.000078787,0.000073645,0.000068540,0.000063368,0.000058099,0.000052766,0.000047496,0.000042425,0.000037663,0.000033293,0.000029373,0.000025937,0.000022996,0.000020534,0.000018518,0.000016901,0.000015602,0.000014547,0.000013675,0.000012938,0.000012291,0.000011697,0.000011121,0.000010738,0.000010299,0.000009794,0.000009246,0.000008688,0.000008147,0.000007647,0.000007203,0.000006809,0.000006459,0.000006146,0.000005866,0.000005617,0.000005404,0.000005238,0.000005126,0.000005078,0.000005095,0.000005154,0.000005224,0.000005271,0.000005262,0.000005175,0.000005025,0.000004838,0.000004637,0.000004443,0.000004269,0.000004116,0.000003979,0.000003817,0.000003643,0.000003460,0.000003274,0.000003088,0.000002876,0.000002677,0.000002491,0.000002318,0.000002157,0.000002007,0.000001868,0.000001868,0.000001868,0.000001868,0.000001868,0.000001868,0.000001868,0.000001868,0.000001868,0.000001868,0.000001868,0.000001868,0.000001868,0.000001868,0.000001868,0.000001868,0.000001868,0.000001868,0.000001868,0.000001868,0.000001868,0.000001868,0.000001868,0.000001868,0.000001868,0.000001868,0.000001868,0.000001868,0.000001868,0.000001868,0.000001868,0.000001868,0.000001868,0.000001868,0.000001868,0.000001868,0.000001868,0.000001868,0.000001868,0.000001868,0.000001868,0.000001868,0.000001868,0.000001868,0.000001868,0.000001868,0.000001868,0.000001868,0.000001868,0.000001868,0.000001868,0.000001868,0.000001868,0.000001868,0.000001868,0.000001868,0.000001868,0.000001868,0.000001868,0.000001868,0.000001868,0.000001868,0.000001868,0.000001868,0.000001868,0.000001868,0.000001868,0.000001868,0.000001868,0.000001868,0.000001868,0.000001868,0.000001868,0.000001868,0.000001868,0.000001868,0.000001868,0.000001868,0.000001868,0.000001868,0.000001868,0.000001868,0.000001868,0.000001868,0.000001868,0.000001868,0.000001868,0.000001868,0.000001868,0.000001868,0.000001868,0.000001868,0.000001868,0.000001868,0.000001868,0.000001868,0.000001868,0.000001868,0.000001868,0.000001868,0.000001868
0,1,63,0.000913100,0.000913100,0.000913100,0.000913100,0.000913100,0.000913100,0.000913100,0.000913100,0.000913100,0.000913100,0.000913100,0.000913100,0.000913100,0.000913100,0.000913100,0.000913100,0.000913100,0.000913100,0.000913100,0.000913100,0.000913100,0.000913100,0.000913100,0.000913100,0.000913100,0.000913100,0.000913100,0.000894317,0.000872750,0.000849896,0.000827138,0.000805730,0.000786791,0.000771283,0.000759703,0.000750982,0.000743758,0.000736765,0.000728825,0.000718861,0.000705923,0.000689222,0.000668188,0.000642576,0.000612622,0.000579668,0.000545167,0.000510289,0.000475776,0.000442134,0.000409711,0.000378714,0.000349238,0.000321296,0.000294831,0.000269654,0.000245612,0.000222684,0.000201094,0.000181062,0.000162747,0.000146245,0.000131594,0.000118778,0.000107728,0.000098313,0.000090388,0.000083785,0.000078243,0.000073516,0.000069394,0.000065696,0.000061382,0.000057219,0.000053092,0.000048948,0.000044766,0.000040567,0.000036448,0.000032505,0.000028821,0.000025453,0.000022441,0.000019811,0.000017563,0.000015683,0.000014143,0.000012908,0.000011916,0.000011110,0.000010444,0.000009881,0.000009387,0.000008933,0.000008658,0.000008360,0.000008019,0.000007625,0.000007198,0.000006764,0.000006343,0.000005954,0.000005608,0.000005301,0.000005029,0.000004785,0.000004567,0.000004373,0.000004207,0.000004078,0.000003991,0.000003953,0.000003967,0.000004013,0.000004067,0.000004103,0.000004097,0.000004029,0.000003912,0.000003766,0.000003610,0.000003459,0.000003324,0.000003205,0.000003098,0.000002972,0.000002836,0.000002694,0.000002549,0.000002404,0.000002239,0.000002084,0.000001939,0.000001805,0.000001679,0.000001563,0.000001454,0.000001454,0.000001454,0.000001454,0.000001454,0.000001454,0.000001454,0.000001454,0.000001454,0.000001454,0.000001454,0.000001454,0.000001454,0.000001454,0.000001454,0.000001454,0.000001454,0.000001454,0.000001454,0.000001454,0.000001454,0.000001454,0.000001454,0.000001454,0.000001454,0.000001454,0.000001454,0.000001454,0.000001454,0.000001454,0.000001454,0.000001454,0.000001454,0.000001454,0.000001454,0.000001454,0.000001454,0.000001454,0.000001454,0.000001454,0.000001454,0.000001454,0.000001454,0.000001454,0.000001454,0.000001454,0.000001454,0.000001454,0.000001454,0.000001454,0.000001454,0.000001454,0.000001454,0.000001454,0.000001454,0.000001454,0.000001454,0.000001454,0.000001454,0.000001454,0.000001454,0.000001454,0.000001454,0.000001454,0.000001454,0.000001454,0.000001454,0.000001454,0.000001454,0.000001454,0.000001454,0.000001454,0.000001454,0.000001454,0.000001454,0.000001454,0.000001454,0.000001454,0.000001454,0.000001454,0.000001454,0.000001454,0.000001454,0.000001454,0.000001454,0.000001454,0.000001454,0.000001454,0.000001454,0.000001454,0.000001454,0.000001454,0.000001454,0.000001454,0.000001454,0.000001454,0.000001454,0.000001454,0.000001454,0.000001454,0.000001454
0,1,64,0.000765586,0.000765586,0.000765586,0.000765586,0.000765586,0.000765586,0.000765586,0.000765586,0.000765586,0.000765586,0.000765586,0.000765586,0.000765586,0.000765586,0.000765586,0.000765586,0.000765586,0.000765586,0.000765586,0.000765586,0.000765586,0.000765586,0.000765586,0.000765586,0.000765586,0.000765586,0.000765586,0.000746933,0.000727284,0.000707804,0.000689552,0.000673489,0.000660483,0.000650961,0.000643989,0.000638380,0.000633023,0.000626869,0.000618946,0.000608386,0.000594453,0.000576591,0.000554470,0.000528292,0.000499263,0.000468703,0.000437747,0.000407270,0.000377776,0.000349580,0.000322869,0.000297722,0.000274138,0.000252022,0.000231156,0.000211347,0.000192466,0.000174488,0.000157581,0.000141913,0.000127600,0.000114715,0.000103285,0.000093286,0.000084637,0.000077236,0.000070980,0.000065742,0.000061320,0.000057524,0.000054192,0.000051183,0.000047691,0.000044323,0.000041010,0.000037715,0.000034417,0.000031131,0.000027926,0.000024874,0.000022034,0.000019447,0.000017140,0.000015130,0.000013414,0.000011978,0.000010802,0.000009859,0.000009101,0.000008485,0.000007977,0.000007547,0.000007169,0.000006955,0.000006741,0.000006508,0.000006243,0.000005936,0.000005604,0.000005266,0.000004938,0.000004635,0.000004366,0.000004127,0.000003915,0.000003726,0.000003556,0.000003404,0.000003276,0.000003175,0.000003107,0.000003078,0.000003088,0.000003124,0.000003166,0.000003195,0.000003189,0.000003137,0.000003046,0.000002932,0.000002811,0.000002693,0.000002588,0.000002495,0.000002412,0.000002314,0.000002208,0.000002097,0.000001984,0.000001871,0.000001743,0.000001623,0.000001510,0.000001405,0.000001307,0.000001217,0.000001132,0.000001132,0.000001132,0.000001132,0.000001132,0.000001132,0.000001132,0.000001132,0.000001132,0.000001132,0.000001132,0.000001132,0.000001132,0.000001132,0.000001132,0.000001132,0.000001132,0.000001132,0.000001132,0.000001132,0.000001132,0.000001132,0.000001132,0.000001132,0.000001132,0.000001132,0.000001132,0.000001132,0.000001132,0.000001132,0.000001132,0.000001132,0.000001132,0.000001132,0.000001132,0.000001132,0.000001132,0.000001132,0.000001132,0.000001132,0.000001132,0.000001132,0.000001132,0.000001132,0.000001132,0.000001132,0.000001132,0.000001132,0.000001132,0.000001132,0.000001132,0.000001132,0.000001132,0.000001132,0.000001132,0.000001132,0.000001132,0.000001132,0.000001132,0.000001132,0.000001132,0.000001132,0.000001132,0.000001132,0.000001132,0.000001132,0.000001132,0.000001132,0.000001132,0.000001132,0.000001132,0.000001132,0.000001132,0.000001132,0.000001132,0.000001132,0.000001132,0.000001132,0.000001132,0.000001132,0.000001132,0.000001132,0.000001132,0.000001132,0.000001132,0.000001132,0.000001132,0.000001132,0.000001132,0.000001132,0.000001132,0.000001132,0.000001132,0.000001132,0.000001132,0.000001132,0.000001132,0.000001132,0.000001132,0.000001132,0.000001132
0,1,65,0.000639408,0.000639408,0.000639408,0.000639408,0.000639408,0.000639408,0.000639408,0.000639408,0.000639408,0.000639408,0.000639408,0.000639408,0.000639408,0.000639408,0.000639408,0.000639408,0.000639408,0.000639408,0.000639408,0.000639408,0.000639408,0.000639408,0.000639408,0.000639408,0.000639408,0.000639408,0.000639408,0.000622429,0.000605682,0.000590060,0.000576371,0.000565362,0.000557439,0.000551803,0.000547424,0.000543329,0.000538595,0.000532356,0.000523821,0.000512313,0.000497304,0.000478456,0.000455852,0.000430533,0.000403686,0.000376347,0.000349370,0.000323378,0.000298692,0.000275482,0.000253819,0.000233698,0.000215030,0.000197592,0.000181172,0.000165614,0.000150809,0.000136732,0.000123508,0.000111265,0.000100090,0.000090037,0.000081118,0.000073290,0.000066492,0.000060652,0.000055694,0.000051522,0.000047980,0.000044922,0.000042220,0.000039767,0.000036942,0.000034236,0.000031599,0.000028996,0.000026411,0.000023852,0.000021369,0.000019016,0.000016834,0.000014853,0.000013091,0.000011556,0.000010245,0.000009148,0.000008250,0.000007529,0.000006951,0.000006480,0.000006092,0.000005764,0.000005582,0.000005415,0.000005248,0.000005067,0.000004860,0.000004622,0.000004363,0.000004100,0.000003845,0.000003609,0.000003399,0.000003213,0.000003048,0.000002900,0.000002768,0.000002650,0.000002550,0.000002472,0.000002419,0.000002396,0.000002404,0.000002432,0.000002465,0.000002487,0.000002483,0.000002442,0.000002371,0.000002283,0.000002188,0.000002096,0.000002015,0.000001942,0.000001878,0.000001801,0.000001719,0.000001633,0.000001545,0.000001457,0.000001357,0.000001263,0.000001175,0.000001094,0.000001018,0.000000947,0.000000881,0.000000881,0.000000881,0.000000881,0.000000881,0.000000881,0.000000881,0.000000881,0.000000881,0.000000881,0.000000881,0.000000881,0.000000881,0.000000881,0.000000881,0.000000881,0.000000881,0.000000881,0.000000881,0.000000881,0.000000881,0.000000881,0.000000881,0.000000881,0.000000881,0.000000881,0.000000881,0.000000881,0.000000881,0.000000881,0.000000881,0.000000881,0.000000881,0.000000881,0.000000881,0.000000881,0.000000881,0.000000881,0.000000881,0.000000881,0.000000881,0.000000881,0.000000881,0.000000881,0.000000881,0.000000881,0.000000881,0.000000881,0.000000881,0.000000881,0.000000881,0.000000881,0.000000881,0.000000881,0.000000881,0.000000881,0.000000881,0.000000881,0.000000881,0.000000881,0.000000881,0.000000881,0.000000881,0.000000881,0.000000881,0.000000881,0.000000881,0.000000881,0.000000881,0.000000881,0.000000881,0.000000881,0.000000881,0.000000881,0.000000881,0.000000881,0.000000881,0.000000881,0.000000881,0.000000881,0.000000881,0.000000881,0.000000881,0.000000881,0.000000881,0.000000881,0.000000881,0.000000881,0.000000881,0.000000881,0.000000881,0.000000881,0.000000881,0.000000881,0.000000881,0.000000881,0.000000881,0.000000881,0.000000881,0.000000881,0.000000881
0,1,66,0.000532819,0.000532819,0.000532819,0.000532819,0.000532819,0.000532819,0.000532819,0.000532819,0.000532819,0.000532819,0.000532819,0.000532819,0.000532819,0.000532819,0.000532819,0.000532819,0.000532819,0.000532819,0.000532819,0.000532819,0.000532819,0.000532819,0.000532819,0.000532819,0.000532819,0.000532819,0.000532819,0.000518353,0.000504921,0.000493204,0.000483832,0.000477154,0.000472523,0.000469057,0.000465911,0.000462277,0.000457387,0.000450534,0.000441098,0.000428584,0.000412661,0.000393354,0.000371494,0.000348110,0.000324138,0.000300363,0.000277402,0.000255680,0.000235378,0.000216565,0.000199235,0.000183309,0.000168588,0.000154865,0.000141969,0.000129769,0.000118177,0.000107167,0.000096835,0.000087276,0.000078558,0.000070713,0.000063730,0.000057578,0.000052215,0.000047591,0.000043648,0.000040314,0.000037469,0.000034998,0.000032803,0.000030804,0.000028536,0.000026379,0.000024294,0.000022251,0.000020236,0.000018252,0.000016337,0.000014529,0.000012858,0.000011344,0.000009998,0.000008826,0.000007824,0.000006987,0.000006301,0.000005751,0.000005309,0.000004949,0.000004653,0.000004487,0.000004346,0.000004216,0.000004086,0.000003945,0.000003784,0.000003598,0.000003397,0.000003192,0.000002993,0.000002809,0.000002646,0.000002502,0.000002373,0.000002258,0.000002155,0.000002063,0.000001985,0.000001924,0.000001883,0.000001865,0.000001872,0.000001894,0.000001919,0.000001936,0.000001933,0.000001901,0.000001846,0.000001777,0.000001704,0.000001632,0.000001568,0.000001512,0.000001462,0.000001402,0.000001338,0.000001271,0.000001203,0.000001134,0.000001057,0.000000983,0.000000915,0.000000852,0.000000792,0.000000737,0.000000686,0.000000686,0.000000686,0.000000686,0.000000686,0.000000686,0.000000686,0.000000686,0.000000686,0.000000686,0.000000686,0.000000686,0.000000686,0.000000686,0.000000686,0.000000686,0.000000686,0.000000686,0.000000686,0.000000686,0.000000686,0.000000686,0.000000686,0.000000686,0.000000686,0.000000686,0.000000686,0.000000686,0.000000686,0.000000686,0.000000686,0.000000686,0.000000686,0.000000686,0.000000686,0.000000686,0.000000686,0.000000686,0.000000686,0.000000686,0.000000686,0.000000686,0.000000686,0.000000686,0.000000686,0.000000686,0.000000686,0.000000686,0.000000686,0.000000686,0.000000686,0.000000686,0.000000686,0.000000686,0.000000686,0.000000686,0.000000686,0.000000686,0.000000686,0.000000686,0.000000686,0.000000686,0.000000686,0.000000686,0.000000686,0.000000686,0.000000686,0.000000686,0.000000686,0.000000686,0.000000686,0.000000686,0.000000686,0.000000686,0.000000686,0.000000686,0.000000686,0.000000686,0.000000686,0.000000686,0.000000686,0.000000686,0.000000686,0.000000686,0.000000686,0.000000686,0.000000686,0.000000686,0.000000686,0.000000686,0.000000686,0.000000686,0.000000686,0.000000686,0.000000686,0.000000686,0.000000686,0.000000686,0.000000686,0.000000686,0.000000686
0,1,67,0.000443722,0.000443722,0.000443722,0.000443722,0.000443722,0.000443722,0.000443722,0.000443722,0.000443722,0.000443722,0.000443722,0.000443722,0.000443722,0.000443722,0.000443722,0.000443722,0.000443722,0.000443722,0.000443722,0.000443722,0.000443722,0.000443722,0.000443722,0.000443722,0.000443722,0.000443722,0.000443722,0.000432115,0.000422036,0.000414014,0.000408341,0.000404465,0.000401662,0.000399210,0.000396405,0.000392573,0.000387085,0.000379382,0.000369005,0.000355634,0.000339259,0.000320560,0.000300372,0.000279512,0.000258693,0.000238489,0.000219328,0.000201482,0.000185037,0.000169992,0.000156276,0.000143718,0.000132133,0.000121354,0.000111241,0.000101689,0.000092623,0.000084023,0.000075957,0.000068501,0.000061697,0.000055555,0.000050067,0.000045215,0.000040970,0.000037297,0.000034153,0.000031482,0.000029192,0.000027192,0.000025410,0.000023794,0.000021987,0.000020281,0.000018643,0.000017048,0.000015485,0.000013954,0.000012482,0.000011097,0.000009820,0.000008664,0.000007636,0.000006740,0.000005976,0.000005336,0.000004812,0.000004392,0.000004054,0.000003780,0.000003622,0.000003493,0.000003383,0.000003282,0.000003181,0.000003071,0.000002946,0.000002801,0.000002645,0.000002485,0.000002330,0.000002187,0.000002060,0.000001948,0.000001847,0.000001758,0.000001678,0.000001606,0.000001546,0.000001498,0.000001466,0.000001452,0.000001457,0.000001474,0.000001494,0.000001508,0.000001505,0.000001480,0.000001437,0.000001384,0.000001326,0.000001271,0.000001221,0.000001177,0.000001138,0.000001092,0.000001042,0.000000990,0.000000936,0.000000883,0.000000823,0.000000766,0.000000712,0.000000663,0.000000617,0.000000574,0.000000534,0.000000534,0.000000534,0.000000534,0.000000534,0.000000534,0.000000534,0.000000534,0.000000534,0.000000534,0.000000534,0.000000534,0.000000534,0.000000534,0.000000534,0.000000534,0.000000534,0.000000534,0.000000534,0.000000534,0.000000534,0.000000534,0.000000534,0.000000534,0.000000534,0.000000534,0.000000534,0.000000534,0.000000534,0.000000534,0.000000534,0.000000534,0.000000534,0.000000534,0.000000534,0.000000534,0.000000534,0.000000534,0.000000534,0.000000534,0.000000534,0.000000534,0.000000534,0.000000534,0.000000534,0.000000534,0.000000534,0.000000534,0.000000534,0.000000534,0.000000534,0.000000534,0.000000534,0.000000534,0.000000534,0.000000534,0.000000534,0.000000534,0.000000534,0.000000534,0.000000534,0.000000534,0.000000534,0.000000534,0.000000534,0.000000534,0.000000534,0.000000534,0.000000534,0.000000534,0.000000534,0.000000534,0.000000534,0.000000534,0.000000534,0.000000534,0.000000534,0.000000534,0.000000534,0.000000534,0.000000534,0.000000534,0.000000534,0.000000534,0.000000534,0.000000534,0.000000534,0.000000534,0.000000534,0.000000534,0.000000534,0.000000534,0.000000534,0.000000534,0.000000534,0.000000534,0.000000534,0.000000534,0.000000534,0.000000534,0.000000534
0,1,68,0.000369897,0.000369897,0.000369897,0.000369897,0.000369897,0.000369897,0.000369897,0.000369897,0.000369897,0.000369897,0.000369897,0.000369897,0.000369897,0.000369897,0.000369897,0.000369897,0.000369897,0.000369897,0.000369897,0.000369897,0.000369897,0.000369897,0.000369897,0.000369897,0.000369897,0.000369897,0.000369897,0.000361178,0.000354269,0.000349413,0.000346132,0.000343807,0.000341848,0.000339652,0.000336631,0.000332231,0.000325951,0.000317374,0.000306194,0.000292374,0.000276474,0.000259187,0.000241179,0.000223076,0.000205402,0.000188560,0.000172835,0.000158390,0.000145244,0.000133338,0.000122523,0.000112640,0.000103540,0.000095088,0.000087170,0.000079701,0.000072620,0.000065907,0.000059617,0.000053799,0.000048472,0.000043645,0.000039317,0.000035478,0.000032109,0.000029184,0.000026671,0.000024527,0.000022680,0.000021063,0.000019627,0.000018333,0.000016904,0.000015563,0.000014284,0.000013046,0.000011838,0.000010661,0.000009533,0.000008475,0.000007500,0.000006617,0.000005832,0.000005148,0.000004564,0.000004075,0.000003675,0.000003354,0.000003096,0.000002943,0.000002820,0.000002720,0.000002634,0.000002555,0.000002476,0.000002391,0.000002293,0.000002181,0.000002059,0.000001935,0.000001814,0.000001703,0.000001604,0.000001516,0.000001438,0.000001369,0.000001306,0.000001251,0.000001203,0.000001166,0.000001141,0.000001131,0.000001135,0.000001148,0.000001163,0.000001174,0.000001172,0.000001152,0.000001119,0.000001077,0.000001033,0.000000989,0.000000951,0.000000917,0.000000886,0.000000850,0.000000811,0.000000771,0.000000729,0.000000688,0.000000640,0.000000596,0.000000555,0.000000516,0.000000480,0.000000447,0.000000416,0.000000416,0.000000416,0.000000416,0.000000416,0.000000416,0.000000416,0.000000416,0.000000416,0.000000416,0.000000416,0.000000416,0.000000416,0.000000416,0.000000416,0.000000416,0.000000416,0.000000416,0.000000416,0.000000416,0.000000416,0.000000416,0.000000416,0.000000416,0.000000416,0.000000416,0.000000416,0.000000416,0.000000416,0.000000416,0.000000416,0.000000416,0.000000416,0.000000416,0.000000416,0.000000416,0.000000416,0.000000416,0.000000416,0.000000416,0.000000416,0.000000416,0.000000416,0.000000416,0.000000416,0.000000416,0.000000416,0.000000416,0.000000416,0.000000416,0.000000416,0.000000416,0.000000416,0.000000416,0.000000416,0.000000416,0.000000416,0.000000416,0.000000416,0.000000416,0.000000416,0.000000416,0.000000416,0.000000416,0.000000416,0.000000416,0.000000416,0.000000416,0.000000416,0.000000416,0.000000416,0.000000416,0.000000416,0.000000416,0.000000416,0.000000416,0.000000416,0.000000416,0.000000416,0.000000416,0.000000416,0.000000416,0.000000416,0.000000416,0.000000416,0.000000416,0.000000416,0.000000416,0.000000416,0.000000416,0.000000416,0.000000416,0.000000416,0.000000416,0.000000416,0.000000416,0.000000416,0.000000416,0.000000416,0.000000416,0.000000416
0,1,69,0.000309172,0.000309172,0.000309172,0.000309172,0.000309172,0.000309172,0.000309172,0.000309172,0.000309172,0.000309172,0.000309172,0.000309172,0.000309172,0.000309172,0.000309172,0.000309172,0.000309172,0.000309172,0.000309172,0.000309172,0.000309172,0.000309172,0.000309172,0.000309172,0.000309172,0.000309172,0.000309172,0.000303182,0.000298989,0.000296180,0.000294221,0.000292608,0.000290847,0.000288435,0.000284886,0.000279759,0.000272675,0.000263350,0.000251727,0.000238264,0.000223540,0.000208109,0.000192482,0.000177121,0.000162399,0.000148589,0.000135869,0.000124327,0.000113925,0.000104539,0.000096028,0.000088265,0.000081130,0.000074512,0.000068321,0.000062488,0.000056963,0.000051728,0.000046821,0.000042267,0.000038081,0.000034274,0.000030850,0.000027804,0.000025124,0.000022790,0.000020779,0.000019057,0.000017569,0.000016270,0.000015123,0.000014095,0.000012972,0.000011924,0.000010930,0.000009973,0.000009045,0.000008143,0.000007281,0.000006473,0.000005728,0.000005054,0.000004454,0.000003932,0.000003486,0.000003112,0.000002807,0.000002562,0.000002411,0.000002291,0.000002196,0.000002117,0.000002051,0.000001989,0.000001928,0.000001862,0.000001786,0.000001698,0.000001603,0.000001506,0.000001412,0.000001326,0.000001249,0.000001180,0.000001120,0.000001066,0.000001017,0.000000974,0.000000937,0.000000908,0.000000889,0.000000880,0.000000883,0.000000894,0.000000906,0.000000914,0.000000912,0.000000897,0.000000871,0.000000839,0.000000804,0.000000770,0.000000740,0.000000714,0.000000690,0.000000662,0.000000632,0.000000600,0.000000568,0.000000535,0.000000499,0.000000464,0.000000432,0.000000402,0.000000374,0.000000348,0.000000324,0.000000324,0.000000324,0.000000324,0.000000324,0.000000324,0.000000324,0.000000324,0.000000324,0.000000324,0.000000324,0.000000324,0.000000324,0.000000324,0.000000324,0.000000324,0.000000324,0.000000324,0.000000324,0.000000324,0.000000324,0.000000324,0.000000324,0.000000324,0.000000324,0.000000324,0.000000324,0.000000324,0.000000324,0.000000324,0.000000324,0.000000324,0.000000324,0.000000324,0.000000324,0.000000324,0.000000324,0.000000324,0.000000324,0.000000324,0.000000324,0.000000324,0.000000324,0.000000324,0.000000324,0.000000324,0.000000324,0.000000324,0.000000324,0.000000324,0.000000324,0.000000324,0.000000324,0.000000324,0.000000324,0.000000324,0.000000324,0.000000324,0.000000324,0.000000324,0.000000324,0.000000324,0.000000324,0.000000324,0.000000324,0.000000324,0.000000324,0.000000324,0.000000324,0.000000324,0.000000324,0.000000324,0.000000324,0.000000324,0.000000324,0.000000324,0.000000324,0.000000324,0.000000324,0.000000324,0.000000324,0.000000324,0.000000324,0.000000324,0.000000324,0.000000324,0.000000324,0.000000324,0.000000324,0.000000324,0.000000324,0.000000324,0.000000324,0.000000324,0.000000324,0.000000324,0.000000324,0.000000324,0.000000324,0.000000324,0.000000324
0,1,70,0.000259525,0.000259525,0.000259525,0.000259525,0.000259525,0.000259525,0.000259525,0.000259525,0.000259525,0.000259525,0.000259525,0.000259525,0.000259525,0.000259525,0.000259525,0.000259525,0.000259525,0.000259525,0.000259525,0.000259525,0.000259525,0.000259525,0.000259525,0.000259525,0.000259525,0.000259525,0.000259525,0.000255872,0.000253437,0.000251759,0.000250404,0.000248951,0.000246988,0.000244097,0.000239890,0.000234031,0.000226258,0.000216503,0.000205139,0.000192645,0.000179487,0.000166089,0.000152829,0.000140039,0.000127973,0.000116808,0.000106649,0.000097518,0.000089319,0.000081933,0.000075248,0.000069161,0.000063574,0.000058400,0.000053566,0.000049015,0.000044708,0.000040626,0.000036785,0.000033205,0.000029904,0.000026893,0.000024177,0.000021756,0.000019620,0.000017755,0.000016144,0.000014761,0.000013571,0.000012536,0.000011627,0.000010816,0.000009939,0.000009125,0.000008356,0.000007620,0.000006908,0.000006219,0.000005561,0.000004944,0.000004375,0.000003860,0.000003402,0.000003003,0.000002662,0.000002377,0.000002144,0.000001995,0.000001877,0.000001784,0.000001709,0.000001649,0.000001596,0.000001549,0.000001501,0.000001449,0.000001390,0.000001322,0.000001248,0.000001173,0.000001100,0.000001032,0.000000972,0.000000919,0.000000872,0.000000830,0.000000792,0.000000758,0.000000729,0.000000707,0.000000692,0.000000685,0.000000688,0.000000696,0.000000705,0.000000711,0.000000710,0.000000698,0.000000678,0.000000653,0.000000626,0.000000600,0.000000576,0.000000556,0.000000537,0.000000515,0.000000492,0.000000467,0.000000442,0.000000417,0.000000388,0.000000361,0.000000336,0.000000313,0.000000291,0.000000271,0.000000252,0.000000252,0.000000252,0.000000252,0.000000252,0.000000252,0.000000252,0.000000252,0.000000252,0.000000252,0.000000252,0.000000252,0.000000252,0.000000252,0.000000252,0.000000252,0.000000252,0.000000252,0.000000252,0.000000252,0.000000252,0.000000252,0.000000252,0.000000252,0.000000252,0.000000252,0.000000252,0.000000252,0.000000252,0.000000252,0.000000252,0.000000252,0.000000252,0.000000252,0.000000252,0.000000252,0.000000252,0.000000252,0.000000252,0.000000252,0.000000252,0.000000252,0.000000252,0.000000252,0.000000252,0.000000252,0.000000252,0.000000252,0.000000252,0.000000252,0.000000252,0.000000252,0.000000252,0.000000252,0.000000252,0.000000252,0.000000252,0.000000252,0.000000252,0.000000252,0.000000252,0.000000252,0.000000252,0.000000252,0.000000252,0.000000252,0.000000252,0.000000252,0.000000252,0.000000252,0.000000252,0.000000252,0.000000252,0.000000252,0.000000252,0.000000252,0.000000252,0.000000252,0.000000252,0.000000252,0.000000252,0.000000252,0.000000252,0.000000252,0.000000252,0.000000252,0.000000252,0.000000252,0.000000252,0.000000252,0.000000252,0.000000252,0.000000252,0.000000252,0.000000252,0.000000252,0.000000252,0.000000252,0.000000252,0.000000252,0.000000252
0,1,71,0.000219026,0.000219026,0.000219026,0.000219026,0.000219026,0.000219026,0.000219026,0.000219026,0.000219026,0.000219026,0.000219026,0.000219026,0.000219026,0.000219026,0.000219026,0.000219026,0.000219026,0.000219026,0.000219026,0.000219026,0.000219026,0.000219026,0.000219026,0.000219026,0.000219026,0.000219026,0.000219026,0.000216887,0.000215426,0.000214265,0.000213043,0.000211409,0.000209020,0.000205543,0.000200679,0.000194192,0.000186009,0.000176433,0.000165861,0.000154680,0.000143245,0.000131873,0.000120832,0.000110353,0.000100602,0.000091687,0.000083652,0.000076456,0.000070004,0.000064203,0.000058961,0.000054195,0.000049827,0.000045787,0.000042017,0.000038470,0.000035113,0.000031918,0.000028899,0.000026076,0.000023464,0.000021076,0.000018918,0.000016989,0.000015285,0.000013795,0.000012505,0.000011402,0.000010456,0.000009638,0.000008922,0.000008287,0.000007605,0.000006976,0.000006384,0.000005820,0.000005276,0.000004750,0.000004247,0.000003776,0.000003341,0.000002948,0.000002598,0.000002293,0.000002033,0.000001816,0.000001669,0.000001553,0.000001461,0.000001389,0.000001331,0.000001283,0.000001243,0.000001206,0.000001169,0.000001128,0.000001082,0.000001029,0.000000972,0.000000913,0.000000856,0.000000804,0.000000757,0.000000716,0.000000679,0.000000646,0.000000616,0.000000590,0.000000568,0.000000550,0.000000539,0.000000534,0.000000535,0.000000542,0.000000549,0.000000554,0.000000553,0.000000544,0.000000528,0.000000508,0.000000487,0.000000467,0.000000449,0.000000433,0.000000418,0.000000401,0.000000383,0.000000364,0.000000344,0.000000324,0.000000302,0.000000281,0.000000262,0.000000244,0.000000227,0.000000211,0.000000196,0.000000196,0.000000196,0.000000196,0.000000196,0.000000196,0.000000196,0.000000196,0.000000196,0.000000196,0.000000196,0.000000196,0.000000196,0.000000196,0.000000196,0.000000196,0.000000196,0.000000196,0.000000196,0.000000196,0.000000196,0.000000196,0.000000196,0.000000196,0.000000196,0.000000196,0.000000196,0.000000196,0.000000196,0.000000196,0.000000196,0.000000196,0.000000196,0.000000196,0.000000196,0.000000196,0.000000196,0.000000196,0.000000196,0.000000196,0.000000196,0.000000196,0.000000196,0.000000196,0.000000196,0.000000196,0.000000196,0.000000196,0.000000196,0.000000196,0.000000196,0.000000196,0.000000196,0.000000196,0.000000196,0.000000196,0.000000196,0.000000196,0.000000196,0.000000196,0.000000196,0.000000196,0.000000196,0.000000196,0.000000196,0.000000196,0.000000196,0.000000196,0.000000196,0.000000196,0.000000196,0.000000196,0.000000196,0.000000196,0.000000196,0.000000196,0.000000196,0.000000196,0.000000196,0.000000196,0.000000196,0.000000196,0.000000196,0.000000196,0.000000196,0.000000196,0.000000196,0.000000196,0.000000196,0.000000196,0.000000196,0.000000196,0.000000196,0.000000196,0.000000196,0.000000196,0.000000196,0.000000196,0.000000196,0.000000196,0.000000196
0,1,72,0.000185655,0.000185655,0.000185655,0.000185655,0.000185655,0.000185655,0.000185655,0.000185655,0.000185655,0.000185655,0.000185655,0.000185655,0.000185655,0.000185655,0.000185655,0.000185655,0.000185655,0.000185655,0.000185655,0.000185655,0.000185655,0.000185655,0.000185655,0.000185655,0.000185655,0.000185655,0.000185655,0.000184357,0.000183342,0.000182296,0.000180915,0.000178910,0.000176006,0.000171945,0.000166517,0.000159646,0.000151582,0.000142651,0.000133174,0.000123446,0.000113734,0.000104263,0.000095217,0.000086750,0.000078966,0.000071917,0.000065584,0.000059922,0.000054855,0.000050306,0.000046202,0.000042476,0.000039066,0.000035915,0.000032978,0.000030214,0.000027586,0.000025075,0.000022694,0.000020460,0.000018389,0.000016491,0.000014773,0.000013236,0.000011876,0.000010686,0.000009660,0.000008786,0.000008039,0.000007396,0.000006836,0.000006342,0.000005814,0.000005330,0.000004876,0.000004445,0.000004030,0.000003627,0.000003244,0.000002884,0.000002552,0.000002251,0.000001984,0.000001752,0.000001553,0.000001413,0.000001299,0.000001209,0.000001138,0.000001081,0.000001036,0.000000999,0.000000968,0.000000939,0.000000910,0.000000878,0.000000843,0.000000801,0.000000756,0.000000711,0.000000667,0.000000626,0.000000589,0.000000557,0.000000528,0.000000503,0.000000480,0.000000459,0.000000442,0.000000429,0.000000419,0.000000415,0.000000417,0.000000422,0.000000427,0.000000431,0.000000430,0.000000423,0.000000411,0.000000396,0.000000379,0.000000363,0.000000349,0.000000337,0.000000326,0.000000312,0.000000298,0.000000283,0.000000268,0.000000253,0.000000235,0.000000219,0.000000204,0.000000190,0.000000176,0.000000164,0.000000153,0.000000153,0.000000153,0.000000153,0.000000153,0.000000153,0.000000153,0.000000153,0.000000153,0.000000153,0.000000153,0.000000153,0.000000153,0.000000153,0.000000153,0.000000153,0.000000153,0.000000153,0.000000153,0.000000153,0.000000153,0.000000153,0.000000153,0.000000153,0.000000153,0.000000153,0.000000153,0.000000153,0.000000153,0.000000153,0.000000153,0.000000153,0.000000153,0.000000153,0.000000153,0.000000153,0.000000153,0.000000153,0.000000153,0.000000153,0.000000153,0.000000153,0.000000153,0.000000153,0.000000153,0.000000153,0.000000153,0.000000153,0.000000153,0.000000153,0.000000153,0.000000153,0.000000153,0.000000153,0.000000153,0.000000153,0.000000153,0.000000153,0.000000153,0.000000153,0.000000153,0.000000153,0.000000153,0.000000153,0.000000153,0.000000153,0.000000153,0.000000153,0.000000153,0.000000153,0.000000153,0.000000153,0.000000153,0.000000153,0.000000153,0.000000153,0.000000153,0.000000153,0.000000153,0.000000153,0.000000153,0.000000153,0.000000153,0.000000153,0.000000153,0.000000153,0.000000153,0.000000153,0.000000153,0.000000153,0.000000153,0.000000153,0.000000153,0.000000153,0.000000153,0.000000153,0.000000153,0.000000153,0.000000153,0.000000153,0.000000153
0,1,73,0.000157809,0.000157809,0.000157809,0.000157809,0.000157809,0.000157809,0.000157809,0.000157809,0.000157809,0.000157809,0.000157809,0.000157809,0.000157809,0.000157809,0.000157809,0.000157809,0.000157809,0.000157809,0.000157809,0.000157809,0.000157809,0.000157809,0.000157809,0.000157809,0.000157809,0.000157809,0.000157809,0.000156900,0.000155986,0.000154804,0.000153104,0.000150651,0.000147235,0.000142674,0.000136894,0.000130098,0.000122558,0.000114538,0.000106283,0.000098014,0.000089922,0.000082160,0.000074851,0.000068093,0.000061938,0.000056383,0.000051402,0.000046955,0.000042982,0.000039420,0.000036212,0.000033302,0.000030643,0.000028189,0.000025900,0.000023737,0.000021672,0.000019691,0.000017806,0.000016034,0.000014388,0.000012878,0.000011510,0.000010284,0.000009199,0.000008254,0.000007443,0.000006754,0.000006169,0.000005667,0.000005231,0.000004848,0.000004442,0.000004071,0.000003724,0.000003395,0.000003078,0.000002770,0.000002477,0.000002202,0.000001949,0.000001719,0.000001515,0.000001338,0.000001209,0.000001100,0.000001012,0.000000941,0.000000886,0.000000842,0.000000807,0.000000778,0.000000753,0.000000731,0.000000708,0.000000684,0.000000656,0.000000624,0.000000589,0.000000553,0.000000519,0.000000487,0.000000459,0.000000434,0.000000411,0.000000391,0.000000374,0.000000358,0.000000344,0.000000334,0.000000326,0.000000323,0.000000325,0.000000328,0.000000333,0.000000336,0.000000335,0.000000330,0.000000320,0.000000308,0.000000295,0.000000283,0.000000272,0.000000262,0.000000253,0.000000243,0.000000232,0.000000220,0.000000209,0.000000197,0.000000183,0.000000170,0.000000159,0.000000148,0.000000137,0.000000128,0.000000119,0.000000119,0.000000119,0.000000119,0.000000119,0.000000119,0.000000119,0.000000119,0.000000119,0.000000119,0.000000119,0.000000119,0.000000119,0.000000119,0.000000119,0.000000119,0.000000119,0.000000119,0.000000119,0.000000119,0.000000119,0.000000119,0.000000119,0.000000119,0.000000119,0.000000119,0.000000119,0.000000119,0.000000119,0.000000119,0.000000119,0.000000119,0.000000119,0.000000119,0.000000119,0.000000119,0.000000119,0.000000119,0.000000119,0.000000119,0.000000119,0.000000119,0.000000119,0.000000119,0.000000119,0.000000119,0.000000119,0.000000119,0.000000119,0.000000119,0.000000119,0.000000119,0.000000119,0.000000119,0.000000119,0.000000119,0.000000119,0.000000119,0.000000119,0.000000119,0.000000119,0.000000119,0.000000119,0.000000119,0.000000119,0.000000119,0.000000119,0.000000119,0.000000119,0.000000119,0.000000119,0.000000119,0.000000119,0.000000119,0.000000119,0.000000119,0.000000119,0.000000119,0.000000119,0.000000119,0.000000119,0.000000119,0.000000119,0.000000119,0.000000119,0.000000119,0.000000119,0.000000119,0.000000119,0.000000119,0.000000119,0.000000119,0.000000119,0.000000119,0.000000119,0.000000119,0.000000119,0.000000119,0.000000119,0.000000119,0.000000119
0,1,74,0.000134305,0.000134305,0.000134305,0.000134305,0.000134305,0.000134305,0.000134305,0.000134305,0.000134305,0.000134305,0.000134305,0.000134305,0.000134305,0.000134305,0.000134305,0.000134305,0.000134305,0.000134305,0.000134305,0.000134305,0.000134305,0.000134305,0.000134305,0.000134305,0.000134305,0.000134305,0.000134305,0.000133489,0.000132462,0.000131006,0.000128920,0.000126025,0.000122170,0.000117292,0.000111556,0.000105188,0.000098404,0.000091410,0.000084387,0.000077493,0.000070859,0.000064587,0.000058753,0.000053410,0.000048560,0.000044190,0.000040278,0.000036792,0.000033681,0.000030896,0.000028391,0.000026122,0.000024051,0.000022139,0.000020348,0.000018648,0.000017019,0.000015450,0.000013955,0.000012546,0.000011236,0.000010033,0.000008942,0.000007966,0.000007106,0.000006360,0.000005722,0.000005183,0.000004726,0.000004336,0.000003999,0.000003704,0.000003393,0.000003109,0.000002844,0.000002593,0.000002350,0.000002116,0.000001892,0.000001682,0.000001488,0.000001313,0.000001157,0.000001041,0.000000941,0.000000857,0.000000788,0.000000733,0.000000690,0.000000655,0.000000628,0.000000606,0.000000587,0.000000569,0.000000551,0.000000532,0.000000511,0.000000486,0.000000458,0.000000431,0.000000404,0.000000379,0.000000357,0.000000338,0.000000320,0.000000305,0.000000291,0.000000279,0.000000268,0.000000260,0.000000254,0.000000252,0.000000253,0.000000256,0.000000259,0.000000261,0.000000261,0.000000257,0.000000249,0.000000240,0.000000230,0.000000220,0.000000212,0.000000204,0.000000197,0.000000189,0.000000181,0.000000172,0.000000162,0.000000153,0.000000143,0.000000133,0.000000124,0.000000115,0.000000107,0.000000100,0.000000093,0.000000093,0.000000093,0.000000093,0.000000093,0.000000093,0.000000093,0.000000093,0.000000093,0.000000093,0.000000093,0.000000093,0.000000093,0.000000093,0.000000093,0.000000093,0.000000093,0.000000093,0.000000093,0.000000093,0.000000093,0.000000093,0.000000093,0.000000093,0.000000093,0.000000093,0.000000093,0.000000093,0.000000093,0.000000093,0.000000093,0.000000093,0.000000093,0.000000093,0.000000093,0.000000093,0.000000093,0.000000093,0.000000093,0.000000093,0.000000093,0.000000093,0.000000093,0.000000093,0.000000093,0.000000093,0.000000093,0.000000093,0.000000093,0.000000093,0.000000093,0.000000093,0.000000093,0.000000093,0.000000093,0.000000093,0.000000093,0.000000093,0.000000093,0.000000093,0.000000093,0.000000093,0.000000093,0.000000093,0.000000093,0.000000093,0.000000093,0.000000093,0.000000093,0.000000093,0.000000093,0.000000093,0.000000093,0.000000093,0.000000093,0.000000093,0.000000093,0.000000093,0.000000093,0.000000093,0.000000093,0.000000093,0.000000093,0.000000093,0.000000093,0.000000093,0.000000093,0.000000093,0.000000093,0.000000093,0.000000093,0.000000093,0.000000093,0.000000093,0.000000093,0.000000093,0.000000093,0.000000093,0.000000093,0.000000093,0.000000093
0,1,75,0.000114265,0.000114265,0.000114265,0.000114265,0.000114265,0.000114265,0.000114265,0.000114265,0.000114265,0.000114265,0.000114265,0.000114265,0.000114265,0.000114265,0.000114265,0.000114265,0.000114265,0.000114265,0.000114265,0.000114265,0.000114265,0.000114265,0.000114265,0.000114265,0.000114265,0.000114265,0.000114265,0.000113357,0.000112098,0.000110313,0.000107846,0.000104570,0.000100436,0.000095583,0.000090196,0.000084457,0.000078534,0.000072577,0.000066718,0.000061065,0.000055703,0.000050696,0.000046084,0.000041873,0.000038059,0.000034627,0.000031560,0.000028830,0.000026398,0.000024223,0.000022270,0.000020502,0.000018889,0.000017393,0.000015986,0.000014644,0.000013353,0.000012108,0.000010919,0.000009798,0.000008754,0.000007795,0.000006927,0.000006153,0.000005475,0.000004890,0.000004391,0.000003971,0.000003617,0.000003315,0.000003055,0.000002829,0.000002591,0.000002374,0.000002172,0.000001980,0.000001795,0.000001616,0.000001445,0.000001285,0.000001137,0.000001003,0.000000901,0.000000811,0.000000733,0.000000667,0.000000613,0.000000570,0.000000537,0.000000510,0.000000489,0.000000472,0.000000457,0.000000443,0.000000429,0.000000415,0.000000398,0.000000378,0.000000357,0.000000335,0.000000315,0.000000295,0.000000278,0.000000263,0.000000249,0.000000237,0.000000226,0.000000217,0.000000209,0.000000202,0.000000198,0.000000196,0.000000197,0.000000199,0.000000202,0.000000203,0.000000203,0.000000200,0.000000194,0.000000187,0.000000179,0.000000172,0.000000165,0.000000159,0.000000154,0.000000147,0.000000141,0.000000134,0.000000126,0.000000119,0.000000111,0.000000103,0.000000096,0.000000089,0.000000083,0.000000077,0.000000072,0.000000072,0.000000072,0.000000072,0.000000072,0.000000072,0.000000072,0.000000072,0.000000072,0.000000072,0.000000072,0.000000072,0.000000072,0.000000072,0.000000072,0.000000072,0.000000072,0.000000072,0.000000072,0.000000072,0.000000072,0.000000072,0.000000072,0.000000072,0.000000072,0.000000072,0.000000072,0.000000072,0.000000072,0.000000072,0.000000072,0.000000072,0.000000072,0.000000072,0.000000072,0.000000072,0.000000072,0.000000072,0.000000072,0.000000072,0.000000072,0.000000072,0.000000072,0.000000072,0.000000072,0.000000072,0.000000072,0.000000072,0.000000072,0.000000072,0.000000072,0.000000072,0.000000072,0.000000072,0.000000072,0.000000072,0.000000072,0.000000072,0.000000072,0.000000072,0.000000072,0.000000072,0.000000072,0.000000072,0.000000072,0.000000072,0.000000072,0.000000072,0.000000072,0.000000072,0.000000072,0.000000072,0.000000072,0.000000072,0.000000072,0.000000072,0.000000072,0.000000072,0.000000072,0.000000072,0.000000072,0.000000072,0.000000072,0.000000072,0.000000072,0.000000072,0.000000072,0.000000072,0.000000072,0.000000072,0.000000072,0.000000072,0.000000072,0.000000072,0.000000072,0.000000072,0.000000072,0.000000072,0.000000072,0.000000072,0.000000072
0,1,76,0.000097032,0.000097032,0.000097032,0.000097032,0.000097032,0.000097032,0.000097032,0.000097032,0.000097032,0.000097032,0.000097032,0.000097032,0.000097032,0.000097032,0.000097032,0.000097032,0.000097032,0.000097032,0.000097032,0.000097032,0.000097032,0.000097032,0.000097032,0.000097032,0.000097032,0.000097032,0.000097032,0.000095930,0.000094391,0.000092280,0.000089486,0.000085967,0.000081846,0.000077281,0.000072420,0.000067403,0.000062354,0.000057382,0.000052575,0.000048004,0.000043723,0.000039764,0.000036130,0.000032818,0.000029823,0.000027132,0.000024731,0.000022596,0.000020697,0.000019001,0.000017479,0.000016102,0.000014840,0.000013664,0.000012553,0.000011490,0.000010465,0.000009474,0.000008527,0.000007633,0.000006801,0.000006038,0.000005351,0.000004741,0.000004209,0.000003752,0.000003364,0.000003039,0.000002765,0.000002533,0.000002334,0.000002161,0.000001979,0.000001813,0.000001659,0.000001512,0.000001371,0.000001234,0.000001104,0.000000981,0.000000868,0.000000781,0.000000702,0.000000631,0.000000571,0.000000519,0.000000477,0.000000444,0.000000418,0.000000397,0.000000381,0.000000367,0.000000356,0.000000345,0.000000334,0.000000323,0.000000310,0.000000294,0.000000278,0.000000261,0.000000245,0.000000230,0.000000216,0.000000205,0.000000194,0.000000185,0.000000176,0.000000169,0.000000162,0.000000157,0.000000154,0.000000153,0.000000153,0.000000155,0.000000157,0.000000158,0.000000158,0.000000156,0.000000151,0.000000145,0.000000139,0.000000134,0.000000128,0.000000124,0.000000120,0.000000115,0.000000109,0.000000104,0.000000098,0.000000093,0.000000086,0.000000080,0.000000075,0.000000070,0.000000065,0.000000060,0.000000056,0.000000056,0.000000056,0.000000056,0.000000056,0.000000056,0.000000056,0.000000056,0.000000056,0.000000056,0.000000056,0.000000056,0.000000056,0.000000056,0.000000056,0.000000056,0.000000056,0.000000056,0.000000056,0.000000056,0.000000056,0.000000056,0.000000056,0.000000056,0.000000056,0.000000056,0.000000056,0.000000056,0.000000056,0.000000056,0.000000056,0.000000056,0.000000056,0.000000056,0.000000056,0.000000056,0.000000056,0.000000056,0.000000056,0.000000056,0.000000056,0.000000056,0.000000056,0.000000056,0.000000056,0.000000056,0.000000056,0.000000056,0.000000056,0.000000056,0.000000056,0.000000056,0.000000056,0.000000056,0.000000056,0.000000056,0.000000056,0.000000056,0.000000056,0.000000056,0.000000056,0.000000056,0.000000056,0.000000056,0.000000056,0.000000056,0.000000056,0.000000056,0.000000056,0.000000056,0.000000056,0.000000056,0.000000056,0.000000056,0.000000056,0.000000056,0.000000056,0.000000056,0.000000056,0.000000056,0.000000056,0.000000056,0.000000056,0.000000056,0.000000056,0.000000056,0.000000056,0.000000056,0.000000056,0.000000056,0.000000056,0.000000056,0.000000056,0.000000056,0.000000056,0.000000056,0.000000056,0.000000056,0.000000056,0.000000056,0.000000056
0,1,77,0.000082115,0.000082115,0.000082115,0.000082115,0.000082115,0.000082115,0.000082115,0.000082115,0.000082115,0.000082115,0.000082115,0.000082115,0.000082115,0.000082115,0.000082115,0.000082115,0.000082115,0.000082115,0.000082115,0.000082115,0.000082115,0.000082115,0.000082115,0.000082115,0.000082115,0.000082115,0.000082115,0.000080777,0.000078961,0.000076570,0.000073566,0.000070055,0.000066174,0.000062050,0.000057796,0.000053516,0.000049299,0.000045217,0.000041329,0.000037680,0.000034295,0.000031176,0.000028317,0.000025716,0.000023368,0.000021261,0.000019383,0.000017716,0.000016234,0.000014913,0.000013727,0.000012650,0.000011658,0.000010730,0.000009850,0.000009005,0.000008189,0.000007399,0.000006643,0.000005931,0.000005268,0.000004664,0.000004123,0.000003645,0.000003230,0.000002875,0.000002574,0.000002323,0.000002113,0.000001934,0.000001782,0.000001650,0.000001512,0.000001385,0.000001267,0.000001155,0.000001047,0.000000943,0.000000843,0.000000749,0.000000676,0.000000608,0.000000546,0.000000491,0.000000444,0.000000404,0.000000372,0.000000346,0.000000325,0.000000309,0.000000296,0.000000286,0.000000277,0.000000268,0.000000260,0.000000251,0.000000241,0.000000229,0.000000216,0.000000203,0.000000191,0.000000179,0.000000169,0.000000159,0.000000151,0.000000144,0.000000137,0.000000131,0.000000126,0.000000123,0.000000120,0.000000119,0.000000119,0.000000121,0.000000122,0.000000123,0.000000123,0.000000121,0.000000118,0.000000113,0.000000108,0.000000104,0.000000100,0.000000096,0.000000093,0.000000089,0.000000085,0.000000081,0.000000077,0.000000072,0.000000067,0.000000063,0.000000058,0.000000054,0.000000050,0.000000047,0.000000044,0.000000044,0.000000044,0.000000044,0.000000044,0.000000044,0.000000044,0.000000044,0.000000044,0.000000044,0.000000044,0.000000044,0.000000044,0.000000044,0.000000044,0.000000044,0.000000044,0.000000044,0.000000044,0.000000044,0.000000044,0.000000044,0.000000044,0.000000044,0.000000044,0.000000044,0.000000044,0.000000044,0.000000044,0.000000044,0.000000044,0.000000044,0.000000044,0.000000044,0.000000044,0.000000044,0.000000044,0.000000044,0.000000044,0.000000044,0.000000044,0.000000044,0.000000044,0.000000044,0.000000044,0.000000044,0.000000044,0.000000044,0.000000044,0.000000044,0.000000044,0.000000044,0.000000044,0.000000044,0.000000044,0.000000044,0.000000044,0.000000044,0.000000044,0.000000044,0.000000044,0.000000044,0.000000044,0.000000044,0.000000044,0.000000044,0.000000044,0.000000044,0.000000044,0.000000044,0.000000044,0.000000044,0.000000044,0.000000044,0.000000044,0.000000044,0.000000044,0.000000044,0.000000044,0.000000044,0.000000044,0.000000044,0.000000044,0.000000044,0.000000044,0.000000044,0.000000044,0.000000044,0.000000044,0.000000044,0.000000044,0.000000044,0.000000044,0.000000044,0.000000044,0.000000044,0.000000044,0.000000044,0.000000044,0.000000044,0.000000044
0,1,78,0.000069144,0.000069144,0.000069144,0.000069144,0.000069144,0.000069144,0.000069144,0.000069144,0.000069144,0.000069144,0.000069144,0.000069144,0.000069144,0.000069144,0.000069144,0.000069144,0.000069144,0.000069144,0.000069144,0.000069144,0.000069144,0.000069144,0.000069144,0.000069144,0.000069144,0.000069144,0.000069144,0.000067572,0.000065518,0.000062948,0.000059949,0.000056641,0.000053132,0.000049520,0.000045889,0.000042311,0.000038848,0.000035545,0.000032441,0.000029554,0.000026887,0.000024434,0.000022189,0.000020150,0.000018311,0.000016664,0.000015197,0.000013896,0.000012742,0.000011712,0.000010785,0.000009938,0.000009155,0.000008419,0.000007719,0.000007046,0.000006395,0.000005764,0.000005161,0.000004594,0.000004070,0.000003594,0.000003170,0.000002797,0.000002475,0.000002200,0.000001968,0.000001775,0.000001614,0.000001477,0.000001361,0.000001260,0.000001154,0.000001058,0.000000968,0.000000882,0.000000800,0.000000720,0.000000644,0.000000583,0.000000526,0.000000473,0.000000425,0.000000383,0.000000346,0.000000315,0.000000289,0.000000269,0.000000253,0.000000241,0.000000231,0.000000223,0.000000215,0.000000209,0.000000203,0.000000196,0.000000188,0.000000178,0.000000168,0.000000158,0.000000148,0.000000139,0.000000131,0.000000124,0.000000118,0.000000112,0.000000107,0.000000102,0.000000098,0.000000095,0.000000093,0.000000092,0.000000093,0.000000094,0.000000095,0.000000096,0.000000096,0.000000094,0.000000092,0.000000088,0.000000084,0.000000081,0.000000078,0.000000075,0.000000072,0.000000070,0.000000066,0.000000063,0.000000060,0.000000056,0.000000052,0.000000049,0.000000045,0.000000042,0.000000039,0.000000037,0.000000034,0.000000034,0.000000034,0.000000034,0.000000034,0.000000034,0.000000034,0.000000034,0.000000034,0.000000034,0.000000034,0.000000034,0.000000034,0.000000034,0.000000034,0.000000034,0.000000034,0.000000034,0.000000034,0.000000034,0.000000034,0.000000034,0.000000034,0.000000034,0.000000034,0.000000034,0.000000034,0.000000034,0.000000034,0.000000034,0.000000034,0.000000034,0.000000034,0.000000034,0.000000034,0.000000034,0.000000034,0.000000034,0.000000034,0.000000034,0.000000034,0.000000034,0.000000034,0.000000034,0.000000034,0.000000034,0.000000034,0.000000034,0.000000034,0.000000034,0.000000034,0.000000034,0.000000034,0.000000034,0.000000034,0.000000034,0.000000034,0.000000034,0.000000034,0.000000034,0.000000034,0.000000034,0.000000034,0.000000034,0.000000034,0.000000034,0.000000034,0.000000034,0.000000034,0.000000034,0.000000034,0.000000034,0.000000034,0.000000034,0.000000034,0.000000034,0.000000034,0.000000034,0.000000034,0.000000034,0.000000034,0.000000034,0.000000034,0.000000034,0.000000034,0.000000034,0.000000034,0.000000034,0.000000034,0.000000034,0.000000034,0.000000034,0.000000034,0.000000034,0.000000034,0.000000034,0.000000034,0.000000034,0.000000034,0.000000034,0.000000034
0,1,79,0.000057841,0.000057841,0.000057841,0.000057841,0.000057841,0.000057841,0.000057841,0.000057841,0.000057841,0.000057841,0.000057841,0.000057841,0.000057841,0.000057841,0.000057841,0.000057841,0.000057841,0.000057841,0.000057841,0.000057841,0.000057841,0.000057841,0.000057841,0.000057841,0.000057841,0.000057841,0.000057841,0.000056069,0.000053862,0.000051296,0.000048470,0.000045478,0.000042403,0.000039318,0.000036281,0.000033341,0.000030538,0.000027901,0.000025445,0.000023171,0.000021073,0.000019146,0.000017386,0.000015790,0.000014351,0.000013065,0.000011920,0.000010907,0.000010007,0.000009202,0.000008473,0.000007804,0.000007183,0.000006598,0.000006040,0.000005502,0.000004982,0.000004478,0.000003998,0.000003549,0.000003136,0.000002763,0.000002432,0.000002143,0.000001894,0.000001682,0.000001504,0.000001356,0.000001232,0.000001128,0.000001040,0.000000963,0.000000882,0.000000808,0.000000739,0.000000674,0.000000611,0.000000550,0.000000501,0.000000454,0.000000410,0.000000368,0.000000331,0.000000298,0.000000269,0.000000245,0.000000225,0.000000210,0.000000197,0.000000187,0.000000180,0.000000173,0.000000168,0.000000163,0.000000158,0.000000152,0.000000146,0.000000139,0.000000131,0.000000123,0.000000116,0.000000108,0.000000102,0.000000097,0.000000092,0.000000087,0.000000083,0.000000080,0.000000077,0.000000074,0.000000073,0.000000072,0.000000072,0.000000073,0.000000074,0.000000075,0.000000075,0.000000073,0.000000071,0.000000069,0.000000066,0.000000063,0.000000061,0.000000058,0.000000056,0.000000054,0.000000052,0.000000049,0.000000046,0.000000044,0.000000041,0.000000038,0.000000035,0.000000033,0.000000031,0.000000028,0.000000026,0.000000026,0.000000026,0.000000026,0.000000026,0.000000026,0.000000026,0.000000026,0.000000026,0.000000026,0.000000026,0.000000026,0.000000026,0.000000026,0.000000026,0.000000026,0.000000026,0.000000026,0.000000026,0.000000026,0.000000026,0.000000026,0.000000026,0.000000026,0.000000026,0.000000026,0.000000026,0.000000026,0.000000026,0.000000026,0.000000026,0.000000026,0.000000026,0.000000026,0.000000026,0.000000026,0.000000026,0.000000026,0.000000026,0.000000026,0.000000026,0.000000026,0.000000026,0.000000026,0.000000026,0.000000026,0.000000026,0.000000026,0.000000026,0.000000026,0.000000026,0.000000026,0.000000026,0.000000026,0.000000026,0.000000026,0.000000026,0.000000026,0.000000026,0.000000026,0.000000026,0.000000026,0.000000026,0.000000026,0.000000026,0.000000026,0.000000026,0.000000026,0.000000026,0.000000026,0.000000026,0.000000026,0.000000026,0.000000026,0.000000026,0.000000026,0.000000026,0.000000026,0.000000026,0.000000026,0.000000026,0.000000026,0.000000026,0.000000026,0.000000026,0.000000026,0.000000026,0.000000026,0.000000026,0.000000026,0.000000026,0.000000026,0.000000026,0.000000026,0.000000026,0.000000026,0.000000026,0.000000026,0.000000026,0.000000026,0.000000026
0,1,80,0.000047994,0.000047994,0.000047994,0.000047994,0.000047994,0.000047994,0.000047994,0.000047994,0.000047994,0.000047994,0.000047994,0.000047994,0.000047994,0.000047994,0.000047994,0.000047994,0.000047994,0.000047994,0.000047994,0.000047994,0.000047994,0.000047994,0.000047994,0.000047994,0.000047994,0.000047994,0.000047994,0.000046093,0.000043893,0.000041474,0.000038917,0.000036294,0.000033667,0.000031085,0.000028589,0.000026210,0.000023970,0.000021884,0.000019949,0.000018160,0.000016513,0.000015002,0.000013624,0.000012375,0.000011252,0.000010248,0.000009356,0.000008566,0.000007862,0.000007229,0.000006653,0.000006124,0.000005630,0.000005163,0.000004717,0.000004287,0.000003871,0.000003469,0.000003088,0.000002734,0.000002411,0.000002120,0.000001864,0.000001640,0.000001448,0.000001285,0.000001149,0.000001035,0.000000941,0.000000862,0.000000794,0.000000735,0.000000673,0.000000617,0.000000564,0.000000515,0.000000466,0.000000428,0.000000390,0.000000354,0.000000319,0.000000287,0.000000258,0.000000232,0.000000210,0.000000191,0.000000175,0.000000163,0.000000154,0.000000146,0.000000140,0.000000135,0.000000131,0.000000127,0.000000123,0.000000119,0.000000114,0.000000108,0.000000102,0.000000096,0.000000090,0.000000084,0.000000080,0.000000075,0.000000071,0.000000068,0.000000065,0.000000062,0.000000060,0.000000058,0.000000057,0.000000056,0.000000056,0.000000057,0.000000058,0.000000058,0.000000058,0.000000057,0.000000055,0.000000053,0.000000051,0.000000049,0.000000047,0.000000045,0.000000044,0.000000042,0.000000040,0.000000038,0.000000036,0.000000034,0.000000032,0.000000030,0.000000028,0.000000026,0.000000024,0.000000022,0.000000021,0.000000021,0.000000021,0.000000021,0.000000021,0.000000021,0.000000021,0.000000021,0.000000021,0.000000021,0.000000021,0.000000021,0.000000021,0.000000021,0.000000021,0.000000021,0.000000021,0.000000021,0.000000021,0.000000021,0.000000021,0.000000021,0.000000021,0.000000021,0.000000021,0.000000021,0.000000021,0.000000021,0.000000021,0.000000021,0.000000021,0.000000021,0.000000021,0.000000021,0.000000021,0.000000021,0.000000021,0.000000021,0.000000021,0.000000021,0.000000021,0.000000021,0.000000021,0.000000021,0.000000021,0.000000021,0.000000021,0.000000021,0.000000021,0.000000021,0.000000021,0.000000021,0.000000021,0.000000021,0.000000021,0.000000021,0.000000021,0.000000021,0.000000021,0.000000021,0.000000021,0.000000021,0.000000021,0.000000021,0.000000021,0.000000021,0.000000021,0.000000021,0.000000021,0.000000021,0.000000021,0.000000021,0.000000021,0.000000021,0.000000021,0.000000021,0.000000021,0.000000021,0.000000021,0.000000021,0.000000021,0.000000021,0.000000021,0.000000021,0.000000021,0.000000021,0.000000021,0.000000021,0.000000021,0.000000021,0.000000021,0.000000021,0.000000021,0.000000021,0.000000021,0.000000021,0.000000021,0.000000021,0.000000021,0.000000021,0.000000021
0,1,81,0.000039455,0.000039455,0.000039455,0.000039455,0.000039455,0.000039455,0.000039455,0.000039455,0.000039455,0.000039455,0.000039455,0.000039455,0.000039455,0.000039455,0.000039455,0.000039455,0.000039455,0.000039455,0.000039455,0.000039455,0.000039455,0.000039455,0.000039455,0.000039455,0.000039455,0.000039455,0.000039455,0.000037562,0.000035488,0.000033300,0.000031059,0.000028817,0.000026618,0.000024495,0.000022474,0.000020573,0.000018801,0.000017157,0.000015635,0.000014230,0.000012938,0.000011756,0.000010678,0.000009703,0.000008826,0.000008043,0.000007348,0.000006730,0.000006176,0.000005677,0.000005220,0.000004799,0.000004405,0.000004032,0.000003675,0.000003331,0.000002998,0.000002680,0.000002380,0.000002102,0.000001850,0.000001624,0.000001426,0.000001254,0.000001106,0.000000981,0.000000877,0.000000791,0.000000719,0.000000658,0.000000606,0.000000561,0.000000514,0.000000471,0.000000431,0.000000393,0.000000363,0.000000333,0.000000304,0.000000275,0.000000248,0.000000223,0.000000201,0.000000181,0.000000163,0.000000149,0.000000137,0.000000127,0.000000120,0.000000114,0.000000109,0.000000105,0.000000102,0.000000099,0.000000096,0.000000092,0.000000089,0.000000084,0.000000079,0.000000075,0.000000070,0.000000066,0.000000062,0.000000059,0.000000056,0.000000053,0.000000050,0.000000048,0.000000046,0.000000045,0.000000044,0.000000044,0.000000044,0.000000044,0.000000045,0.000000045,0.000000045,0.000000044,0.000000043,0.000000042,0.000000040,0.000000038,0.000000037,0.000000035,0.000000034,0.000000033,0.000000031,0.000000030,0.000000028,0.000000027,0.000000025,0.000000023,0.000000021,0.000000020,0.000000019,0.000000017,0.000000016,0.000000016,0.000000016,0.000000016,0.000000016,0.000000016,0.000000016,0.000000016,0.000000016,0.000000016,0.000000016,0.000000016,0.000000016,0.000000016,0.000000016,0.000000016,0.000000016,0.000000016,0.000000016,0.000000016,0.000000016,0.000000016,0.000000016,0.000000016,0.000000016,0.000000016,0.000000016,0.000000016,0.000000016,0.000000016,0.000000016,0.000000016,0.000000016,0.000000016,0.000000016,0.000000016,0.000000016,0.000000016,0.000000016,0.000000016,0.000000016,0.000000016,0.000000016,0.000000016,0.000000016,0.000000016,0.000000016,0.000000016,0.000000016,0.000000016,0.000000016,0.000000016,0.000000016,0.000000016,0.000000016,0.000000016,0.000000016,0.000000016,0.000000016,0.000000016,0.000000016,0.000000016,0.000000016,0.000000016,0.000000016,0.000000016,0.000000016,0.000000016,0.000000016,0.000000016,0.000000016,0.000000016,0.000000016,0.000000016,0.000000016,0.000000016,0.000000016,0.000000016,0.000000016,0.000000016,0.000000016,0.000000016,0.000000016,0.000000016,0.000000016,0.000000016,0.000000016,0.000000016,0.000000016,0.000000016,0.000000016,0.000000016,0.000000016,0.000000016,0.000000016,0.000000016,0.000000016,0.000000016,0.000000016,0.000000016,0.000000016
0,1,82,0.000032152,0.000032152,0.000032152,0.000032152,0.000032152,0.000032152,0.000032152,0.000032152,0.000032152,0.000032152,0.000032152,0.000032152,0.000032152,0.000032152,0.000032152,0.000032152,0.000032152,0.000032152,0.000032152,0.000032152,0.000032152,0.000032152,0.000032152,0.000032152,0.000032152,0.000032152,0.000032152,0.000030369,0.000028493,0.000026576,0.000024660,0.000022783,0.000020975,0.000019256,0.000017641,0.000016137,0.000014740,0.000013447,0.000012252,0.000011150,0.000010139,0.000009214,0.000008372,0.000007611,0.000006927,0.000006317,0.000005773,0.000005287,0.000004850,0.000004454,0.000004091,0.000003755,0.000003440,0.000003141,0.000002855,0.000002580,0.000002316,0.000002065,0.000001829,0.000001613,0.000001417,0.000001243,0.000001090,0.000000958,0.000000845,0.000000750,0.000000670,0.000000604,0.000000549,0.000000503,0.000000463,0.000000429,0.000000393,0.000000360,0.000000329,0.000000306,0.000000283,0.000000259,0.000000237,0.000000214,0.000000193,0.000000174,0.000000156,0.000000141,0.000000127,0.000000116,0.000000106,0.000000099,0.000000093,0.000000088,0.000000085,0.000000082,0.000000079,0.000000077,0.000000074,0.000000072,0.000000069,0.000000066,0.000000062,0.000000058,0.000000055,0.000000051,0.000000048,0.000000046,0.000000043,0.000000041,0.000000039,0.000000038,0.000000036,0.000000035,0.000000034,0.000000034,0.000000034,0.000000034,0.000000035,0.000000035,0.000000035,0.000000035,0.000000034,0.000000032,0.000000031,0.000000030,0.000000029,0.000000028,0.000000027,0.000000026,0.000000024,0.000000023,0.000000022,0.000000021,0.000000019,0.000000018,0.000000017,0.000000016,0.000000014,0.000000013,0.000000012,0.000000012,0.000000012,0.000000012,0.000000012,0.000000012,0.000000012,0.000000012,0.000000012,0.000000012,0.000000012,0.000000012,0.000000012,0.000000012,0.000000012,0.000000012,0.000000012,0.000000012,0.000000012,0.000000012,0.000000012,0.000000012,0.000000012,0.000000012,0.000000012,0.000000012,0.000000012,0.000000012,0.000000012,0.000000012,0.000000012,0.000000012,0.000000012,0.000000012,0.000000012,0.000000012,0.000000012,0.000000012,0.000000012,0.000000012,0.000000012,0.000000012,0.000000012,0.000000012,0.000000012,0.000000012,0.000000012,0.000000012,0.000000012,0.000000012,0.000000012,0.000000012,0.000000012,0.000000012,0.000000012,0.000000012,0.000000012,0.000000012,0.000000012,0.000000012,0.000000012,0.000000012,0.000000012,0.000000012,0.000000012,0.000000012,0.000000012,0.000000012,0.000000012,0.000000012,0.000000012,0.000000012,0.000000012,0.000000012,0.000000012,0.000000012,0.000000012,0.000000012,0.000000012,0.000000012,0.000000012,0.000000012,0.000000012,0.000000012,0.000000012,0.000000012,0.000000012,0.000000012,0.000000012,0.000000012,0.000000012,0.000000012,0.000000012,0.000000012,0.000000012,0.000000012,0.000000012,0.000000012,0.000000012,0.000000012,0.000000012
0,1,83,0.000025995,0.000025995,0.000025995,0.000025995,0.000025995,0.000025995,0.000025995,0.000025995,0.000025995,0.000025995,0.000025995,0.000025995,0.000025995,0.000025995,0.000025995,0.000025995,0.000025995,0.000025995,0.000025995,0.000025995,0.000025995,0.000025995,0.000025995,0.000025995,0.000025995,0.000025995,0.000025995,0.000024384,0.000022740,0.000021100,0.000019496,0.000017953,0.000016488,0.000015114,0.000013837,0.000012651,0.000011553,0.000010537,0.000009600,0.000008737,0.000007946,0.000007224,0.000006567,0.000005973,0.000005440,0.000004963,0.000004535,0.000004152,0.000003806,0.000003491,0.000003201,0.000002932,0.000002680,0.000002440,0.000002212,0.000001993,0.000001784,0.000001587,0.000001404,0.000001236,0.000001085,0.000000950,0.000000833,0.000000732,0.000000645,0.000000572,0.000000512,0.000000461,0.000000419,0.000000384,0.000000354,0.000000328,0.000000300,0.000000275,0.000000256,0.000000238,0.000000220,0.000000202,0.000000184,0.000000167,0.000000151,0.000000135,0.000000122,0.000000109,0.000000099,0.000000090,0.000000083,0.000000077,0.000000072,0.000000069,0.000000066,0.000000064,0.000000062,0.000000060,0.000000058,0.000000056,0.000000054,0.000000051,0.000000048,0.000000045,0.000000042,0.000000040,0.000000038,0.000000035,0.000000034,0.000000032,0.000000031,0.000000029,0.000000028,0.000000027,0.000000027,0.000000026,0.000000027,0.000000027,0.000000027,0.000000027,0.000000027,0.000000027,0.000000026,0.000000025,0.000000024,0.000000023,0.000000022,0.000000021,0.000000021,0.000000020,0.000000019,0.000000018,0.000000017,0.000000016,0.000000015,0.000000014,0.000000013,0.000000012,0.000000011,0.000000010,0.000000010,0.000000010,0.000000010,0.000000010,0.000000010,0.000000010,0.000000010,0.000000010,0.000000010,0.000000010,0.000000010,0.000000010,0.000000010,0.000000010,0.000000010,0.000000010,0.000000010,0.000000010,0.000000010,0.000000010,0.000000010,0.000000010,0.000000010,0.000000010,0.000000010,0.000000010,0.000000010,0.000000010,0.000000010,0.000000010,0.000000010,0.000000010,0.000000010,0.000000010,0.000000010,0.000000010,0.000000010,0.000000010,0.000000010,0.000000010,0.000000010,0.000000010,0.000000010,0.000000010,0.000000010,0.000000010,0.000000010,0.000000010,0.000000010,0.000000010,0.000000010,0.000000010,0.000000010,0.000000010,0.000000010,0.000000010,0.000000010,0.000000010,0.000000010,0.000000010,0.000000010,0.000000010,0.000000010,0.000000010,0.000000010,0.000000010,0.000000010,0.000000010,0.000000010,0.000000010,0.000000010,0.000000010,0.000000010,0.000000010,0.000000010,0.000000010,0.000000010,0.000000010,0.000000010,0.000000010,0.000000010,0.000000010,0.000000010,0.000000010,0.000000010,0.000000010,0.000000010,0.000000010,0.000000010,0.000000010,0.000000010,0.000000010,0.000000010,0.000000010,0.000000010,0.000000010,0.000000010,0.000000010,0.000000010,0.000000010,0.000000010
0,1,84,0.000020872,0.000020872,0.000020872,0.000020872,0.000020872,0.000020872,0.000020872,0.000020872,0.000020872,0.000020872,0.000020872,0.000020872,0.000020872,0.000020872,0.000020872,0.000020872,0.000020872,0.000020872,0.000020872,0.000020872,0.000020872,0.000020872,0.000020872,0.000020872,0.000020872,0.000020872,0.000020872,0.000019460,0.000018055,0.000016682,0.000015363,0.000014113,0.000012942,0.000011855,0.000010848,0.000009915,0.000009053,0.000008256,0.000007522,0.000006848,0.000006230,0.000005666,0.000005154,0.000004691,0.000004274,0.000003899,0.000003561,0.000003258,0.000002982,0.000002731,0.000002500,0.000002285,0.000002082,0.000001890,0.000001708,0.000001535,0.000001372,0.000001218,0.000001076,0.000000946,0.000000829,0.000000726,0.000000636,0.000000559,0.000000493,0.000000437,0.000000391,0.000000352,0.000000320,0.000000293,0.000000270,0.000000250,0.000000229,0.000000214,0.000000200,0.000000185,0.000000171,0.000000157,0.000000143,0.000000130,0.000000117,0.000000105,0.000000095,0.000000085,0.000000077,0.000000070,0.000000064,0.000000060,0.000000056,0.000000054,0.000000051,0.000000050,0.000000048,0.000000047,0.000000045,0.000000044,0.000000042,0.000000040,0.000000038,0.000000035,0.000000033,0.000000031,0.000000029,0.000000028,0.000000026,0.000000025,0.000000024,0.000000023,0.000000022,0.000000021,0.000000021,0.000000021,0.000000021,0.000000021,0.000000021,0.000000021,0.000000021,0.000000021,0.000000020,0.000000020,0.000000019,0.000000018,0.000000017,0.000000017,0.000000016,0.000000015,0.000000015,0.000000014,0.000000013,0.000000013,0.000000012,0.000000011,0.000000010,0.000000009,0.000000009,0.000000008,0.000000008,0.000000008,0.000000008,0.000000008,0.000000008,0.000000008,0.000000008,0.000000008,0.000000008,0.000000008,0.000000008,0.000000008,0.000000008,0.000000008,0.000000008,0.000000008,0.000000008,0.000000008,0.000000008,0.000000008,0.000000008,0.000000008,0.000000008,0.000000008,0.000000008,0.000000008,0.000000008,0.000000008,0.000000008,0.000000008,0.000000008,0.000000008,0.000000008,0.000000008,0.000000008,0.000000008,0.000000008,0.000000008,0.000000008,0.000000008,0.000000008,0.000000008,0.000000008,0.000000008,0.000000008,0.000000008,0.000000008,0.000000008,0.000000008,0.000000008,0.000000008,0.000000008,0.000000008,0.000000008,0.000000008,0.000000008,0.000000008,0.000000008,0.000000008,0.000000008,0.000000008,0.000000008,0.000000008,0.000000008,0.000000008,0.000000008,0.000000008,0.000000008,0.000000008,0.000000008,0.000000008,0.000000008,0.000000008,0.000000008,0.000000008,0.000000008,0.000000008,0.000000008,0.000000008,0.000000008,0.000000008,0.000000008,0.000000008,0.000000008,0.000000008,0.000000008,0.000000008,0.000000008,0.000000008,0.000000008,0.000000008,0.000000008,0.000000008,0.000000008,0.000000008,0.000000008,0.000000008,0.000000008,0.000000008,0.000000008,0.000000008
0,1,85,0.000016657,0.000016657,0.000016657,0.000016657,0.000016657,0.000016657,0.000016657,0.000016657,0.000016657,0.000016657,0.000016657,0.000016657,0.000016657,0.000016657,0.000016657,0.000016657,0.000016657,0.000016657,0.000016657,0.000016657,0.000016657,0.000016657,0.000016657,0.000016657,0.000016657,0.000016657,0.000016657,0.000015451,0.000014274,0.000013146,0.000012077,0.000011078,0.000010151,0.000009294,0.000008502,0.000007770,0.000007093,0.000006470,0.000005896,0.000005369,0.000004887,0.000004447,0.000004048,0.000003686,0.000003358,0.000003062,0.000002794,0.000002553,0.000002334,0.000002133,0.000001948,0.000001775,0.000001613,0.000001460,0.000001316,0.000001181,0.000001053,0.000000933,0.000000823,0.000000723,0.000000633,0.000000555,0.000000486,0.000000427,0.000000376,0.000000334,0.000000298,0.000000269,0.000000245,0.000000224,0.000000206,0.000000191,0.000000178,0.000000167,0.000000155,0.000000144,0.000000133,0.000000122,0.000000112,0.000000101,0.000000091,0.000000082,0.000000074,0.000000066,0.000000060,0.000000055,0.000000050,0.000000047,0.000000044,0.000000042,0.000000040,0.000000039,0.000000037,0.000000036,0.000000035,0.000000034,0.000000033,0.000000031,0.000000029,0.000000027,0.000000026,0.000000024,0.000000023,0.000000022,0.000000020,0.000000019,0.000000019,0.000000018,0.000000017,0.000000017,0.000000016,0.000000016,0.000000016,0.000000016,0.000000016,0.000000017,0.000000017,0.000000016,0.000000016,0.000000015,0.000000015,0.000000014,0.000000013,0.000000013,0.000000013,0.000000012,0.000000012,0.000000011,0.000000010,0.000000010,0.000000009,0.000000008,0.000000008,0.000000007,0.000000007,0.000000006,0.000000006,0.000000006,0.000000006,0.000000006,0.000000006,0.000000006,0.000000006,0.000000006,0.000000006,0.000000006,0.000000006,0.000000006,0.000000006,0.000000006,0.000000006,0.000000006,0.000000006,0.000000006,0.000000006,0.000000006,0.000000006,0.000000006,0.000000006,0.000000006,0.000000006,0.000000006,0.000000006,0.000000006,0.000000006,0.000000006,0.000000006,0.000000006,0.000000006,0.000000006,0.000000006,0.000000006,0.000000006,0.000000006,0.000000006,0.000000006,0.000000006,0.000000006,0.000000006,0.000000006,0.000000006,0.000000006,0.000000006,0.000000006,0.000000006,0.000000006,0.000000006,0.000000006,0.000000006,0.000000006,0.000000006,0.000000006,0.000000006,0.000000006,0.000000006,0.000000006,0.000000006,0.000000006,0.000000006,0.000000006,0.000000006,0.000000006,0.000000006,0.000000006,0.000000006,0.000000006,0.000000006,0.000000006,0.000000006,0.000000006,0.000000006,0.000000006,0.000000006,0.000000006,0.000000006,0.000000006,0.000000006,0.000000006,0.000000006,0.000000006,0.000000006,0.000000006,0.000000006,0.000000006,0.000000006,0.000000006,0.000000006,0.000000006,0.000000006,0.000000006,0.000000006,0.000000006,0.000000006,0.000000006,0.000000006,0.000000006,0.000000006
0,1,86,0.000013225,0.000013225,0.000013225,0.000013225,0.000013225,0.000013225,0.000013225,0.000013225,0.000013225,0.000013225,0.000013225,0.000013225,0.000013225,0.000013225,0.000013225,0.000013225,0.000013225,0.000013225,0.000013225,0.000013225,0.000013225,0.000013225,0.000013225,0.000013225,0.000013225,0.000013225,0.000013225,0.000012216,0.000011248,0.000010334,0.000009480,0.000008689,0.000007959,0.000007285,0.000006662,0.000006088,0.000005558,0.000005071,0.000004622,0.000004211,0.000003835,0.000003493,0.000003180,0.000002895,0.000002637,0.000002402,0.000002190,0.000001998,0.000001822,0.000001662,0.000001513,0.000001375,0.000001246,0.000001125,0.000001012,0.000000906,0.000000807,0.000000714,0.000000629,0.000000552,0.000000484,0.000000424,0.000000371,0.000000326,0.000000287,0.000000255,0.000000228,0.000000205,0.000000187,0.000000171,0.000000158,0.000000149,0.000000139,0.000000130,0.000000121,0.000000112,0.000000104,0.000000095,0.000000087,0.000000079,0.000000071,0.000000064,0.000000057,0.000000052,0.000000047,0.000000042,0.000000039,0.000000036,0.000000034,0.000000032,0.000000031,0.000000030,0.000000029,0.000000028,0.000000027,0.000000026,0.000000025,0.000000024,0.000000023,0.000000021,0.000000020,0.000000019,0.000000018,0.000000017,0.000000016,0.000000015,0.000000014,0.000000014,0.000000013,0.000000013,0.000000013,0.000000012,0.000000013,0.000000013,0.000000013,0.000000013,0.000000013,0.000000013,0.000000012,0.000000012,0.000000011,0.000000011,0.000000010,0.000000010,0.000000010,0.000000009,0.000000009,0.000000009,0.000000008,0.000000008,0.000000007,0.000000007,0.000000006,0.000000006,0.000000005,0.000000005,0.000000005,0.000000005,0.000000005,0.000000005,0.000000005,0.000000005,0.000000005,0.000000005,0.000000005,0.000000005,0.000000005,0.000000005,0.000000005,0.000000005,0.000000005,0.000000005,0.000000005,0.000000005,0.000000005,0.000000005,0.000000005,0.000000005,0.000000005,0.000000005,0.000000005,0.000000005,0.000000005,0.000000005,0.000000005,0.000000005,0.000000005,0.000000005,0.000000005,0.000000005,0.000000005,0.000000005,0.000000005,0.000000005,0.000000005,0.000000005,0.000000005,0.000000005,0.000000005,0.000000005,0.000000005,0.000000005,0.000000005,0.000000005,0.000000005,0.000000005,0.000000005,0.000000005,0.000000005,0.000000005,0.000000005,0.000000005,0.000000005,0.000000005,0.000000005,0.000000005,0.000000005,0.000000005,0.000000005,0.000000005,0.000000005,0.000000005,0.000000005,0.000000005,0.000000005,0.000000005,0.000000005,0.000000005,0.000000005,0.000000005,0.000000005,0.000000005,0.000000005,0.000000005,0.000000005,0.000000005,0.000000005,0.000000005,0.000000005,0.000000005,0.000000005,0.000000005,0.000000005,0.000000005,0.000000005,0.000000005,0.000000005,0.000000005,0.000000005,0.000000005,0.000000005,0.000000005,0.000000005,0.000000005,0.000000005,0.000000005,0.000000005
0,1,87,0.000010456,0.000010456,0.000010456,0.000010456,0.000010456,0.000010456,0.000010456,0.000010456,0.000010456,0.000010456,0.000010456,0.000010456,0.000010456,0.000010456,0.000010456,0.000010456,0.000010456,0.000010456,0.000010456,0.000010456,0.000010456,0.000010456,0.000010456,0.000010456,0.000010456,0.000010456,0.000010456,0.000009626,0.000008842,0.000008111,0.000007435,0.000006812,0.000006238,0.000005708,0.000005220,0.000004770,0.000004356,0.000003975,0.000003626,0.000003305,0.000003012,0.000002744,0.000002498,0.000002274,0.000002069,0.000001883,0.000001714,0.000001560,0.000001420,0.000001291,0.000001172,0.000001062,0.000000960,0.000000865,0.000000777,0.000000694,0.000000617,0.000000546,0.000000481,0.000000422,0.000000370,0.000000323,0.000000283,0.000000249,0.000000220,0.000000195,0.000000174,0.000000157,0.000000143,0.000000131,0.000000123,0.000000116,0.000000108,0.000000101,0.000000094,0.000000088,0.000000081,0.000000074,0.000000068,0.000000061,0.000000055,0.000000050,0.000000045,0.000000040,0.000000036,0.000000033,0.000000030,0.000000028,0.000000027,0.000000025,0.000000024,0.000000023,0.000000023,0.000000022,0.000000021,0.000000021,0.000000020,0.000000019,0.000000018,0.000000017,0.000000016,0.000000015,0.000000014,0.000000013,0.000000012,0.000000012,0.000000011,0.000000011,0.000000010,0.000000010,0.000000010,0.000000010,0.000000010,0.000000010,0.000000010,0.000000010,0.000000010,0.000000010,0.000000010,0.000000009,0.000000009,0.000000009,0.000000008,0.000000008,0.000000008,0.000000007,0.000000007,0.000000007,0.000000006,0.000000006,0.000000006,0.000000005,0.000000005,0.000000004,0.000000004,0.000000004,0.000000004,0.000000004,0.000000004,0.000000004,0.000000004,0.000000004,0.000000004,0.000000004,0.000000004,0.000000004,0.000000004,0.000000004,0.000000004,0.000000004,0.000000004,0.000000004,0.000000004,0.000000004,0.000000004,0.000000004,0.000000004,0.000000004,0.000000004,0.000000004,0.000000004,0.000000004,0.000000004,0.000000004,0.000000004,0.000000004,0.000000004,0.000000004,0.000000004,0.000000004,0.000000004,0.000000004,0.000000004,0.000000004,0.000000004,0.000000004,0.000000004,0.000000004,0.000000004,0.000000004,0.000000004,0.000000004,0.000000004,0.000000004,0.000000004,0.000000004,0.000000004,0.000000004,0.000000004,0.000000004,0.000000004,0.000000004,0.000000004,0.000000004,0.000000004,0.000000004,0.000000004,0.000000004,0.000000004,0.000000004,0.000000004,0.000000004,0.000000004,0.000000004,0.000000004,0.000000004,0.000000004,0.000000004,0.000000004,0.000000004,0.000000004,0.000000004,0.000000004,0.000000004,0.000000004,0.000000004,0.000000004,0.000000004,0.000000004,0.000000004,0.000000004,0.000000004,0.000000004,0.000000004,0.000000004,0.000000004,0.000000004,0.000000004,0.000000004,0.000000004,0.000000004,0.000000004,0.000000004,0.000000004,0.000000004,0.000000004,0.000000004
0,1,88,0.000008239,0.000008239,0.000008239,0.000008239,0.000008239,0.000008239,0.000008239,0.000008239,0.000008239,0.000008239,0.000008239,0.000008239,0.000008239,0.000008239,0.000008239,0.000008239,0.000008239,0.000008239,0.000008239,0.000008239,0.000008239,0.000008239,0.000008239,0.000008239,0.000008239,0.000008239,0.000008239,0.000007567,0.000006941,0.000006362,0.000005829,0.000005339,0.000004888,0.000004473,0.000004090,0.000003739,0.000003415,0.000003118,0.000002846,0.000002596,0.000002367,0.000002156,0.000001962,0.000001784,0.000001621,0.000001473,0.000001338,0.000001215,0.000001103,0.000001000,0.000000905,0.000000818,0.000000738,0.000000664,0.000000595,0.000000531,0.000000472,0.000000417,0.000000367,0.000000322,0.000000282,0.000000247,0.000000216,0.000000190,0.000000168,0.000000149,0.000000133,0.000000120,0.000000109,0.000000102,0.000000096,0.000000090,0.000000084,0.000000079,0.000000073,0.000000068,0.000000063,0.000000058,0.000000053,0.000000048,0.000000043,0.000000039,0.000000035,0.000000031,0.000000028,0.000000026,0.000000024,0.000000022,0.000000021,0.000000020,0.000000019,0.000000018,0.000000018,0.000000017,0.000000017,0.000000016,0.000000015,0.000000015,0.000000014,0.000000013,0.000000012,0.000000011,0.000000011,0.000000010,0.000000010,0.000000009,0.000000009,0.000000008,0.000000008,0.000000008,0.000000008,0.000000008,0.000000008,0.000000008,0.000000008,0.000000008,0.000000008,0.000000008,0.000000007,0.000000007,0.000000007,0.000000007,0.000000006,0.000000006,0.000000006,0.000000006,0.000000005,0.000000005,0.000000005,0.000000005,0.000000004,0.000000004,0.000000004,0.000000003,0.000000003,0.000000003,0.000000003,0.000000003,0.000000003,0.000000003,0.000000003,0.000000003,0.000000003,0.000000003,0.000000003,0.000000003,0.000000003,0.000000003,0.000000003,0.000000003,0.000000003,0.000000003,0.000000003,0.000000003,0.000000003,0.000000003,0.000000003,0.000000003,0.000000003,0.000000003,0.000000003,0.000000003,0.000000003,0.000000003,0.000000003,0.000000003,0.000000003,0.000000003,0.000000003,0.000000003,0.000000003,0.000000003,0.000000003,0.000000003,0.000000003,0.000000003,0.000000003,0.000000003,0.000000003,0.000000003,0.000000003,0.000000003,0.000000003,0.000000003,0.000000003,0.000000003,0.000000003,0.000000003,0.000000003,0.000000003,0.000000003,0.000000003,0.000000003,0.000000003,0.000000003,0.000000003,0.000000003,0.000000003,0.000000003,0.000000003,0.000000003,0.000000003,0.000000003,0.000000003,0.000000003,0.000000003,0.000000003,0.000000003,0.000000003,0.000000003,0.000000003,0.000000003,0.000000003,0.000000003,0.000000003,0.000000003,0.000000003,0.000000003,0.000000003,0.000000003,0.000000003,0.000000003,0.000000003,0.000000003,0.000000003,0.000000003,0.000000003,0.000000003,0.000000003,0.000000003,0.000000003,0.000000003,0.000000003,0.000000003,0.000000003,0.000000003,0.000000003
0,1,89,0.000006477,0.000006477,0.000006477,0.000006477,0.000006477,0.000006477,0.000006477,0.000006477,0.000006477,0.000006477,0.000006477,0.000006477,0.000006477,0.000006477,0.000006477,0.000006477,0.000006477,0.000006477,0.000006477,0.000006477,0.000006477,0.000006477,0.000006477,0.000006477,0.000006477,0.000006477,0.000006477,0.000005939,0.000005444,0.000004988,0.000004569,0.000004184,0.000003830,0.000003505,0.000003206,0.000002931,0.000002679,0.000002447,0.000002235,0.000002039,0.000001859,0.000001693,0.000001539,0.000001398,0.000001269,0.000001150,0.000001043,0.000000944,0.000000854,0.000000773,0.000000698,0.000000629,0.000000566,0.000000509,0.000000455,0.000000406,0.000000361,0.000000319,0.000000280,0.000000246,0.000000216,0.000000189,0.000000165,0.000000145,0.000000128,0.000000114,0.000000102,0.000000092,0.000000085,0.000000079,0.000000074,0.000000070,0.000000066,0.000000061,0.000000057,0.000000053,0.000000049,0.000000045,0.000000041,0.000000037,0.000000034,0.000000030,0.000000027,0.000000024,0.000000022,0.000000020,0.000000018,0.000000017,0.000000016,0.000000015,0.000000015,0.000000014,0.000000014,0.000000013,0.000000013,0.000000012,0.000000012,0.000000011,0.000000011,0.000000010,0.000000009,0.000000009,0.000000008,0.000000008,0.000000007,0.000000007,0.000000007,0.000000007,0.000000006,0.000000006,0.000000006,0.000000006,0.000000006,0.000000006,0.000000006,0.000000006,0.000000006,0.000000006,0.000000006,0.000000006,0.000000005,0.000000005,0.000000005,0.000000005,0.000000005,0.000000004,0.000000004,0.000000004,0.000000004,0.000000004,0.000000003,0.000000003,0.000000003,0.000000003,0.000000003,0.000000002,0.000000002,0.000000002,0.000000002,0.000000002,0.000000002,0.000000002,0.000000002,0.000000002,0.000000002,0.000000002,0.000000002,0.000000002,0.000000002,0.000000002,0.000000002,0.000000002,0.000000002,0.000000002,0.000000002,0.000000002,0.000000002,0.000000002,0.000000002,0.000000002,0.000000002,0.000000002,0.000000002,0.000000002,0.000000002,0.000000002,0.000000002,0.000000002,0.000000002,0.000000002,0.000000002,0.000000002,0.000000002,0.000000002,0.000000002,0.000000002,0.000000002,0.000000002,0.000000002,0.000000002,0.000000002,0.000000002,0.000000002,0.000000002,0.000000002,0.000000002,0.000000002,0.000000002,0.000000002,0.000000002,0.000000002,0.000000002,0.000000002,0.000000002,0.000000002,0.000000002,0.000000002,0.000000002,0.000000002,0.000000002,0.000000002,0.000000002,0.000000002,0.000000002,0.000000002,0.000000002,0.000000002,0.000000002,0.000000002,0.000000002,0.000000002,0.000000002,0.000000002,0.000000002,0.000000002,0.000000002,0.000000002,0.000000002,0.000000002,0.000000002,0.000000002,0.000000002,0.000000002,0.000000002,0.000000002,0.000000002,0.000000002,0.000000002,0.000000002,0.000000002,0.000000002,0.000000002,0.000000002,0.000000002,0.000000002,0.000000002,0.000000002
0,1,90,0.000005084,0.000005084,0.000005084,0.000005084,0.000005084,0.000005084,0.000005084,0.000005084,0.000005084,0.000005084,0.000005084,0.000005084,0.000005084,0.000005084,0.000005084,0.000005084,0.000005084,0.000005084,0.000005084,0.000005084,0.000005084,0.000005084,0.000005084,0.000005084,0.000005084,0.000005084,0.000005084,0.000004659,0.000004268,0.000003909,0.000003580,0.000003278,0.000003001,0.000002747,0.000002514,0.000002299,0.000002103,0.000001922,0.000001756,0.000001602,0.000001460,0.000001328,0.000001206,0.000001094,0.000000991,0.000000896,0.000000810,0.000000731,0.000000660,0.000000595,0.000000536,0.000000483,0.000000434,0.000000389,0.000000348,0.000000310,0.000000275,0.000000243,0.000000214,0.000000188,0.000000165,0.000000144,0.000000126,0.000000111,0.000000098,0.000000087,0.000000078,0.000000071,0.000000066,0.000000062,0.000000058,0.000000055,0.000000051,0.000000048,0.000000044,0.000000041,0.000000038,0.000000035,0.000000032,0.000000029,0.000000026,0.000000023,0.000000021,0.000000019,0.000000017,0.000000016,0.000000014,0.000000013,0.000000013,0.000000012,0.000000011,0.000000011,0.000000011,0.000000010,0.000000010,0.000000010,0.000000009,0.000000009,0.000000008,0.000000008,0.000000007,0.000000007,0.000000007,0.000000006,0.000000006,0.000000006,0.000000005,0.000000005,0.000000005,0.000000005,0.000000005,0.000000005,0.000000005,0.000000005,0.000000005,0.000000005,0.000000005,0.000000005,0.000000005,0.000000004,0.000000004,0.000000004,0.000000004,0.000000004,0.000000004,0.000000003,0.000000003,0.000000003,0.000000003,0.000000003,0.000000003,0.000000002,0.000000002,0.000000002,0.000000002,0.000000002,0.000000002,0.000000002,0.000000002,0.000000002,0.000000002,0.000000002,0.000000002,0.000000002,0.000000002,0.000000002,0.000000002,0.000000002,0.000000002,0.000000002,0.000000002,0.000000002,0.000000002,0.000000002,0.000000002,0.000000002,0.000000002,0.000000002,0.000000002,0.000000002,0.000000002,0.000000002,0.000000002,0.000000002,0.000000002,0.000000002,0.000000002,0.000000002,0.000000002,0.000000002,0.000000002,0.000000002,0.000000002,0.000000002,0.000000002,0.000000002,0.000000002,0.000000002,0.000000002,0.000000002,0.000000002,0.000000002,0.000000002,0.000000002,0.000000002,0.000000002,0.000000002,0.000000002,0.000000002,0.000000002,0.000000002,0.000000002,0.000000002,0.000000002,0.000000002,0.000000002,0.000000002,0.000000002,0.000000002,0.000000002,0.000000002,0.000000002,0.000000002,0.000000002,0.000000002,0.000000002,0.000000002,0.000000002,0.000000002,0.000000002,0.000000002,0.000000002,0.000000002,0.000000002,0.000000002,0.000000002,0.000000002,0.000000002,0.000000002,0.000000002,0.000000002,0.000000002,0.000000002,0.000000002,0.000000002,0.000000002,0.000000002,0.000000002,0.000000002,0.000000002,0.000000002,0.000000002,0.000000002,0.000000002,0.000000002,0.000000002,0.000000002
0,1,91,0.000003988,0.000003988,0.000003988,0.000003988,0.000003988,0.000003988,0.000003988,0.000003988,0.000003988,0.000003988,0.000003988,0.000003988,0.000003988,0.000003988,0.000003988,0.000003988,0.000003988,0.000003988,0.000003988,0.000003988,0.000003988,0.000003988,0.000003988,0.000003988,0.000003988,0.000003988,0.000003988,0.000003652,0.000003345,0.000003063,0.000002805,0.000002569,0.000002352,0.000002154,0.000001972,0.000001805,0.000001651,0.000001510,0.000001379,0.000001258,0.000001146,0.000001041,0.000000944,0.000000854,0.000000772,0.000000696,0.000000627,0.000000565,0.000000509,0.000000458,0.000000412,0.000000370,0.000000332,0.000000298,0.000000266,0.000000237,0.000000210,0.000000186,0.000000164,0.000000144,0.000000126,0.000000110,0.000000096,0.000000085,0.000000075,0.000000066,0.000000060,0.000000055,0.000000051,0.000000048,0.000000045,0.000000043,0.000000040,0.000000037,0.000000035,0.000000032,0.000000030,0.000000027,0.000000025,0.000000023,0.000000020,0.000000018,0.000000016,0.000000015,0.000000013,0.000000012,0.000000011,0.000000010,0.000000010,0.000000009,0.000000009,0.000000009,0.000000008,0.000000008,0.000000008,0.000000008,0.000000007,0.000000007,0.000000007,0.000000006,0.000000006,0.000000005,0.000000005,0.000000005,0.000000005,0.000000004,0.000000004,0.000000004,0.000000004,0.000000004,0.000000004,0.000000004,0.000000004,0.000000004,0.000000004,0.000000004,0.000000004,0.000000004,0.000000004,0.000000003,0.000000003,0.000000003,0.000000003,0.000000003,0.000000003,0.000000003,0.000000003,0.000000002,0.000000002,0.000000002,0.000000002,0.000000002,0.000000002,0.000000002,0.000000002,0.000000001,0.000000001,0.000000001,0.000000001,0.000000001,0.000000001,0.000000001,0.000000001,0.000000001,0.000000001,0.000000001,0.000000001,0.000000001,0.000000001,0.000000001,0.000000001,0.000000001,0.000000001,0.000000001,0.000000001,0.000000001,0.000000001,0.000000001,0.000000001,0.000000001,0.000000001,0.000000001,0.000000001,0.000000001,0.000000001,0.000000001,0.000000001,0.000000001,0.000000001,0.000000001,0.000000001,0.000000001,0.000000001,0.000000001,0.000000001,0.000000001,0.000000001,0.000000001,0.000000001,0.000000001,0.000000001,0.000000001,0.000000001,0.000000001,0.000000001,0.000000001,0.000000001,0.000000001,0.000000001,0.000000001,0.000000001,0.000000001,0.000000001,0.000000001,0.000000001,0.000000001,0.000000001,0.000000001,0.000000001,0.000000001,0.000000001,0.000000001,0.000000001,0.000000001,0.000000001,0.000000001,0.000000001,0.000000001,0.000000001,0.000000001,0.000000001,0.000000001,0.000000001,0.000000001,0.000000001,0.000000001,0.000000001,0.000000001,0.000000001,0.000000001,0.000000001,0.000000001,0.000000001,0.000000001,0.000000001,0.000000001,0.000000001,0.000000001,0.000000001,0.000000001,0.000000001,0.000000001,0.000000001,0.000000001,0.000000001,0.000000001,0.000000001
0,1,92,0.000003126,0.000003126,0.000003126,0.000003126,0.000003126,0.000003126,0.000003126,0.000003126,0.000003126,0.000003126,0.000003126,0.000003126,0.000003126,0.000003126,0.000003126,0.000003126,0.000003126,0.000003126,0.000003126,0.000003126,0.000003126,0.000003126,0.000003126,0.000003126,0.000003126,0.000003126,0.000003126,0.000002863,0.000002621,0.000002400,0.000002198,0.000002013,0.000001844,0.000001689,0.000001547,0.000001417,0.000001297,0.000001186,0.000001083,0.000000987,0.000000898,0.000000815,0.000000737,0.000000666,0.000000600,0.000000539,0.000000485,0.000000435,0.000000391,0.000000351,0.000000315,0.000000283,0.000000254,0.000000227,0.000000203,0.000000181,0.000000161,0.000000142,0.000000125,0.000000110,0.000000096,0.000000084,0.000000074,0.000000065,0.000000057,0.000000052,0.000000047,0.000000043,0.000000040,0.000000037,0.000000035,0.000000033,0.000000031,0.000000029,0.000000027,0.000000025,0.000000023,0.000000021,0.000000019,0.000000018,0.000000016,0.000000014,0.000000013,0.000000012,0.000000010,0.000000009,0.000000009,0.000000008,0.000000008,0.000000007,0.000000007,0.000000007,0.000000006,0.000000006,0.000000006,0.000000006,0.000000006,0.000000005,0.000000005,0.000000005,0.000000004,0.000000004,0.000000004,0.000000004,0.000000004,0.000000003,0.000000003,0.000000003,0.000000003,0.000000003,0.000000003,0.000000003,0.000000003,0.000000003,0.000000003,0.000000003,0.000000003,0.000000003,0.000000003,0.000000003,0.000000003,0.000000002,0.000000002,0.000000002,0.000000002,0.000000002,0.000000002,0.000000002,0.000000002,0.000000002,0.000000002,0.000000001,0.000000001,0.000000001,0.000000001,0.000000001,0.000000001,0.000000001,0.000000001,0.000000001,0.000000001,0.000000001,0.000000001,0.000000001,0.000000001,0.000000001,0.000000001,0.000000001,0.000000001,0.000000001,0.000000001,0.000000001,0.000000001,0.000000001,0.000000001,0.000000001,0.000000001,0.000000001,0.000000001,0.000000001,0.000000001,0.000000001,0.000000001,0.000000001,0.000000001,0.000000001,0.000000001,0.000000001,0.000000001,0.000000001,0.000000001,0.000000001,0.000000001,0.000000001,0.000000001,0.000000001,0.000000001,0.000000001,0.000000001,0.000000001,0.000000001,0.000000001,0.000000001,0.000000001,0.000000001,0.000000001,0.000000001,0.000000001,0.000000001,0.000000001,0.000000001,0.000000001,0.000000001,0.000000001,0.000000001,0.000000001,0.000000001,0.000000001,0.000000001,0.000000001,0.000000001,0.000000001,0.000000001,0.000000001,0.000000001,0.000000001,0.000000001,0.000000001,0.000000001,0.000000001,0.000000001,0.000000001,0.000000001,0.000000001,0.000000001,0.000000001,0.000000001,0.000000001,0.000000001,0.000000001,0.000000001,0.000000001,0.000000001,0.000000001,0.000000001,0.000000001,0.000000001,0.000000001,0.000000001,0.000000001,0.000000001,0.000000001,0.000000001,0.000000001,0.000000001,0.000000001,0.000000001
0,1,93,0.000002450,0.000002450,0.000002450,0.000002450,0.000002450,0.000002450,0.000002450,0.000002450,0.000002450,0.000002450,0.000002450,0.000002450,0.000002450,0.000002450,0.000002450,0.000002450,0.000002450,0.000002450,0.000002450,0.000002450,0.000002450,0.000002450,0.000002450,0.000002450,0.000002450,0.000002450,0.000002450,0.000002243,0.000002054,0.000001881,0.000001723,0.000001578,0.000001446,0.000001326,0.000001215,0.000001114,0.000001019,0.000000932,0.000000850,0.000000774,0.000000702,0.000000636,0.000000574,0.000000517,0.000000465,0.000000417,0.000000373,0.000000335,0.000000300,0.000000269,0.000000241,0.000000216,0.000000194,0.000000174,0.000000155,0.000000138,0.000000123,0.000000108,0.000000095,0.000000084,0.000000073,0.000000064,0.000000056,0.000000049,0.000000044,0.000000040,0.000000037,0.000000034,0.000000031,0.000000029,0.000000027,0.000000026,0.000000024,0.000000022,0.000000021,0.000000019,0.000000018,0.000000017,0.000000015,0.000000014,0.000000012,0.000000011,0.000000010,0.000000009,0.000000008,0.000000007,0.000000007,0.000000006,0.000000006,0.000000006,0.000000005,0.000000005,0.000000005,0.000000005,0.000000005,0.000000005,0.000000004,0.000000004,0.000000004,0.000000004,0.000000003,0.000000003,0.000000003,0.000000003,0.000000003,0.000000003,0.000000003,0.000000002,0.000000002,0.000000002,0.000000002,0.000000002,0.000000002,0.000000002,0.000000002,0.000000002,0.000000002,0.000000002,0.000000002,0.000000002,0.000000002,0.000000002,0.000000002,0.000000002,0.000000002,0.000000002,0.000000002,0.000000001,0.000000001,0.000000001,0.000000001,0.000000001,0.000000001,0.000000001,0.000000001,0.000000001,0.000000001,0.000000001,0.000000001,0.000000001,0.000000001,0.000000001,0.000000001,0.000000001,0.000000001,0.000000001,0.000000001,0.000000001,0.000000001,0.000000001,0.000000001,0.000000001,0.000000001,0.000000001,0.000000001,0.000000001,0.000000001,0.000000001,0.000000001,0.000000001,0.000000001,0.000000001,0.000000001,0.000000001,0.000000001,0.000000001,0.000000001,0.000000001,0.000000001,0.000000001,0.000000001,0.000000001,0.000000001,0.000000001,0.000000001,0.000000001,0.000000001,0.000000001,0.000000001,0.000000001,0.000000001,0.000000001,0.000000001,0.000000001,0.000000001,0.000000001,0.000000001,0.000000001,0.000000001,0.000000001,0.000000001,0.000000001,0.000000001,0.000000001,0.000000001,0.000000001,0.000000001,0.000000001,0.000000001,0.000000001,0.000000001,0.000000001,0.000000001,0.000000001,0.000000001,0.000000001,0.000000001,0.000000001,0.000000001,0.000000001,0.000000001,0.000000001,0.000000001,0.000000001,0.000000001,0.000000001,0.000000001,0.000000001,0.000000001,0.000000001,0.000000001,0.000000001,0.000000001,0.000000001,0.000000001,0.000000001,0.000000001,0.000000001,0.000000001,0.000000001,0.000000001,0.000000001,0.000000001,0.000000001,0.000000001,0.000000001,0.000000001
0,1,94,0.000001920,0.000001920,0.000001920,0.000001920,0.000001920,0.000001920,0.000001920,0.000001920,0.000001920,0.000001920,0.000001920,0.000001920,0.000001920,0.000001920,0.000001920,0.000001920,0.000001920,0.000001920,0.000001920,0.000001920,0.000001920,0.000001920,0.000001920,0.000001920,0.000001920,0.000001920,0.000001920,0.000001758,0.000001609,0.000001474,0.000001351,0.000001238,0.000001135,0.000001041,0.000000955,0.000000875,0.000000800,0.000000731,0.000000666,0.000000605,0.000000549,0.000000496,0.000000446,0.000000401,0.000000359,0.000000321,0.000000287,0.000000257,0.000000230,0.000000206,0.000000184,0.000000165,0.000000148,0.000000133,0.000000118,0.000000106,0.000000094,0.000000083,0.000000073,0.000000064,0.000000056,0.000000049,0.000000043,0.000000038,0.000000035,0.000000031,0.000000028,0.000000026,0.000000024,0.000000023,0.000000021,0.000000020,0.000000019,0.000000018,0.000000016,0.000000015,0.000000014,0.000000013,0.000000012,0.000000011,0.000000010,0.000000009,0.000000008,0.000000007,0.000000006,0.000000006,0.000000005,0.000000005,0.000000005,0.000000004,0.000000004,0.000000004,0.000000004,0.000000004,0.000000004,0.000000004,0.000000003,0.000000003,0.000000003,0.000000003,0.000000003,0.000000003,0.000000002,0.000000002,0.000000002,0.000000002,0.000000002,0.000000002,0.000000002,0.000000002,0.000000002,0.000000002,0.000000002,0.000000002,0.000000002,0.000000002,0.000000002,0.000000002,0.000000002,0.000000002,0.000000002,0.000000001,0.000000001,0.000000001,0.000000001,0.000000001,0.000000001,0.000000001,0.000000001,0.000000001,0.000000001,0.000000001,0.000000001,0.000000001,0.000000001,0.000000001,0.000000001,0.000000001,0.000000001,0.000000001,0.000000001,0.000000001,0.000000001,0.000000001,0.000000001,0.000000001,0.000000001,0.000000001,0.000000001,0.000000001,0.000000001,0.000000001,0.000000001,0.000000001,0.000000001,0.000000001,0.000000001,0.000000001,0.000000001,0.000000001,0.000000001,0.000000001,0.000000001,0.000000001,0.000000001,0.000000001,0.000000001,0.000000001,0.000000001,0.000000001,0.000000001,0.000000001,0.000000001,0.000000001,0.000000001,0.000000001,0.000000001,0.000000001,0.000000001,0.000000001,0.000000001,0.000000001,0.000000001,0.000000001,0.000000001,0.000000001,0.000000001,0.000000001,0.000000001,0.000000001,0.000000001,0.000000001,0.000000001,0.000000001,0.000000001,0.000000001,0.000000001,0.000000001,0.000000001,0.000000001,0.000000001,0.000000001,0.000000001,0.000000001,0.000000001,0.000000001,0.000000001,0.000000001,0.000000001,0.000000001,0.000000001,0.000000001,0.000000001,0.000000001,0.000000001,0.000000001,0.000000001,0.000000001,0.000000001,0.000000001,0.000000001,0.000000001,0.000000001,0.000000001,0.000000001,0.000000001,0.000000001,0.000000001,0.000000001,0.000000001,0.000000001,0.000000001,0.000000001,0.000000001,0.000000001,0.000000001,0.000000001
0,1,95,0.000001504,0.000001504,0.000001504,0.000001504,0.000001504,0.000001504,0.000001504,0.000001504,0.000001504,0.000001504,0.000001504,0.000001504,0.000001504,0.000001504,0.000001504,0.000001504,0.000001504,0.000001504,0.000001504,0.000001504,0.000001504,0.000001504,0.000001504,0.000001504,0.000001504,0.000001504,0.000001504,0.000001377,0.000001261,0.000001156,0.000001059,0.000000972,0.000000892,0.000000818,0.000000750,0.000000687,0.000000628,0.000000573,0.000000521,0.000000473,0.000000427,0.000000385,0.000000346,0.000000309,0.000000276,0.000000247,0.000000220,0.000000197,0.000000176,0.000000157,0.000000141,0.000000126,0.000000113,0.000000101,0.000000090,0.000000081,0.000000072,0.000000063,0.000000056,0.000000049,0.000000043,0.000000037,0.000000033,0.000000030,0.000000027,0.000000024,0.000000022,0.000000020,0.000000019,0.000000018,0.000000017,0.000000016,0.000000015,0.000000014,0.000000013,0.000000012,0.000000011,0.000000010,0.000000009,0.000000008,0.000000007,0.000000007,0.000000006,0.000000005,0.000000005,0.000000004,0.000000004,0.000000004,0.000000004,0.000000003,0.000000003,0.000000003,0.000000003,0.000000003,0.000000003,0.000000003,0.000000003,0.000000003,0.000000002,0.000000002,0.000000002,0.000000002,0.000000002,0.000000002,0.000000002,0.000000002,0.000000002,0.000000001,0.000000001,0.000000001,0.000000001,0.000000001,0.000000001,0.000000001,0.000000001,0.000000001,0.000000001,0.000000001,0.000000001,0.000000001,0.000000001,0.000000001,0.000000001,0.000000001,0.000000001,0.000000001,0.000000001,0.000000001,0.000000001,0.000000001,0.000000001,0.000000001,0.000000001,0.000000001,0.000000001,0.000000001,0.000000000,0.000000000,0.000000000,0.000000000,0.000000000,0.000000000,0.000000000,0.000000000,0.000000000,0.000000000,0.000000000,0.000000000,0.000000000,0.000000000,0.000000000,0.000000000,0.000000000,0.000000000,0.000000000,0.000000000,0.000000000,0.000000000,0.000000000,0.000000000,0.000000000,0.000000000,0.000000000,0.000000000,0.000000000,0.000000000,0.000000000,0.000000000,0.000000000,0.000000000,0.000000000,0.000000000,0.000000000,0.000000000,0.000000000,0.000000000,0.000000000,0.000000000,0.000000000,0.000000000,0.000000000,0.000000000,0.000000000,0.000000000,0.000000000,0.000000000,0.000000000,0.000000000,0.000000000,0.000000000,0.000000000,0.000000000,0.000000000,0.000000000,0.000000000,0.000000000,0.000000000,0.000000000,0.000000000,0.000000000,0.000000000,0.000000000,0.000000000,0.000000000,0.000000000,0.000000000,0.000000000,0.000000000,0.000000000,0.000000000,0.000000000,0.000000000,0.000000000,0.000000000,0.000000000,0.000000000,0.000000000,0.000000000,0.000000000,0.000000000,0.000000000,0.000000000,0.000000000,0.000000000,0.000000000,0.000000000,0.000000000,0.000000000,0.000000000,0.000000000,0.000000000,0.000000000,0.000000000,0.000000000,0.000000000,0.000000000,0.000000000
0,1,96,0.000001179,0.000001179,0.000001179,0.000001179,0.000001179,0.000001179,0.000001179,0.000001179,0.000001179,0.000001179,0.000001179,0.000001179,0.000001179,0.000001179,0.000001179,0.000001179,0.000001179,0.000001179,0.000001179,0.000001179,0.000001179,0.000001179,0.000001179,0.000001179,0.000001179,0.000001179,0.000001179,0.000001079,0.000000989,0.000000907,0.000000832,0.000000763,0.000000700,0.000000643,0.000000589,0.000000539,0.000000492,0.000000448,0.000000407,0.000000368,0.000000332,0.000000298,0.000000267,0.000000238,0.000000213,0.000000189,0.000000169,0.000000151,0.000000134,0.000000120,0.000000108,0.000000096,0.000000086,0.000000077,0.000000069,0.000000062,0.000000055,0.000000048,0.000000043,0.000000037,0.000000033,0.000000029,0.000000026,0.000000023,0.000000021,0.000000019,0.000000017,0.000000016,0.000000015,0.000000014,0.000000013,0.000000012,0.000000011,0.000000011,0.000000010,0.000000009,0.000000008,0.000000008,0.000000007,0.000000006,0.000000006,0.000000005,0.000000005,0.000000004,0.000000004,0.000000003,0.000000003,0.000000003,0.000000003,0.000000003,0.000000003,0.000000002,0.000000002,0.000000002,0.000000002,0.000000002,0.000000002,0.000000002,0.000000002,0.000000002,0.000000002,0.000000002,0.000000001,0.000000001,0.000000001,0.000000001,0.000000001,0.000000001,0.000000001,0.000000001,0.000000001,0.000000001,0.000000001,0.000000001,0.000000001,0.000000001,0.000000001,0.000000001,0.000000001,0.000000001,0.000000001,0.000000001,0.000000001,0.000000001,0.000000001,0.000000001,0.000000001,0.000000001,0.000000001,0.000000001,0.000000001,0.000000001,0.000000001,0.000000000,0.000000000,0.000000000,0.000000000,0.000000000,0.000000000,0.000000000,0.000000000,0.000000000,0.000000000,0.000000000,0.000000000,0.000000000,0.000000000,0.000000000,0.000000000,0.000000000,0.000000000,0.000000000,0.000000000,0.000000000,0.000000000,0.000000000,0.000000000,0.000000000,0.000000000,0.000000000,0.000000000,0.000000000,0.000000000,0.000000000,0.000000000,0.000000000,0.000000000,0.000000000,0.000000000,0.000000000,0.000000000,0.000000000,0.000000000,0.000000000,0.000000000,0.000000000,0.000000000,0.000000000,0.000000000,0.000000000,0.000000000,0.000000000,0.000000000,0.000000000,0.000000000,0.000000000,0.000000000,0.000000000,0.000000000,0.000000000,0.000000000,0.000000000,0.000000000,0.000000000,0.000000000,0.000000000,0.000000000,0.000000000,0.000000000,0.000000000,0.000000000,0.000000000,0.000000000,0.000000000,0.000000000,0.000000000,0.000000000,0.000000000,0.000000000,0.000000000,0.000000000,0.000000000,0.000000000,0.000000000,0.000000000,0.000000000,0.000000000,0.000000000,0.000000000,0.000000000,0.000000000,0.000000000,0.000000000,0.000000000,0.000000000,0.000000000,0.000000000,0.000000000,0.000000000,0.000000000,0.000000000,0.000000000,0.000000000,0.000000000,0.000000000,0.000000000,0.000000000
0,1,97,0.000000924,0.000000924,0.000000924,0.000000924,0.000000924,0.000000924,0.000000924,0.000000924,0.000000924,0.000000924,0.000000924,0.000000924,0.000000924,0.000000924,0.000000924,0.000000924,0.000000924,0.000000924,0.000000924,0.000000924,0.000000924,0.000000924,0.000000924,0.000000924,0.000000924,0.000000924,0.000000924,0.000000846,0.000000776,0.000000712,0.000000653,0.000000600,0.000000550,0.000000505,0.000000462,0.000000422,0.000000385,0.000000350,0.000000317,0.000000286,0.000000257,0.000000230,0.000000206,0.000000183,0.000000163,0.000000145,0.000000129,0.000000115,0.000000103,0.000000092,0.000000082,0.000000074,0.000000066,0.000000059,0.000000053,0.000000047,0.000000042,0.000000037,0.000000032,0.000000028,0.000000025,0.000000023,0.000000020,0.000000018,0.000000016,0.000000015,0.000000013,0.000000012,0.000000011,0.000000011,0.000000010,0.000000009,0.000000009,0.000000008,0.000000008,0.000000007,0.000000007,0.000000006,0.000000006,0.000000005,0.000000005,0.000000004,0.000000004,0.000000003,0.000000003,0.000000003,0.000000002,0.000000002,0.000000002,0.000000002,0.000000002,0.000000002,0.000000002,0.000000002,0.000000002,0.000000002,0.000000002,0.000000002,0.000000001,0.000000001,0.000000001,0.000000001,0.000000001,0.000000001,0.000000001,0.000000001,0.000000001,0.000000001,0.000000001,0.000000001,0.000000001,0.000000001,0.000000001,0.000000001,0.000000001,0.000000001,0.000000001,0.000000001,0.000000001,0.000000001,0.000000001,0.000000001,0.000000001,0.000000001,0.000000001,0.000000001,0.000000001,0.000000001,0.000000001,0.000000000,0.000000000,0.000000000,0.000000000,0.000000000,0.000000000,0.000000000,0.000000000,0.000000000,0.000000000,0.000000000,0.000000000,0.000000000,0.000000000,0.000000000,0.000000000,0.000000000,0.000000000,0.000000000,0.000000000,0.000000000,0.000000000,0.000000000,0.000000000,0.000000000,0.000000000,0.000000000,0.000000000,0.000000000,0.000000000,0.000000000,0.000000000,0.000000000,0.000000000,0.000000000,0.000000000,0.000000000,0.000000000,0.000000000,0.000000000,0.000000000,0.000000000,0.000000000,0.000000000,0.000000000,0.000000000,0.000000000,0.000000000,0.000000000,0.000000000,0.000000000,0.000000000,0.000000000,0.000000000,0.000000000,0.000000000,0.000000000,0.000000000,0.000000000,0.000000000,0.000000000,0.000000000,0.000000000,0.000000000,0.000000000,0.000000000,0.000000000,0.000000000,0.000000000,0.000000000,0.000000000,0.000000000,0.000000000,0.000000000,0.000000000,0.000000000,0.000000000,0.000000000,0.000000000,0.000000000,0.000000000,0.000000000,0.000000000,0.000000000,0.000000000,0.000000000,0.000000000,0.000000000,0.000000000,0.000000000,0.000000000,0.000000000,0.000000000,0.000000000,0.000000000,0.000000000,0.000000000,0.000000000,0.000000000,0.000000000,0.000000000,0.000000000,0.000000000,0.000000000,0.000000000,0.000000000,0.000000000,0.000000000
0,1,98,0.000000724,0.000000724,0.000000724,0.000000724,0.000000724,0.000000724,0.000000724,0.000000724,0.000000724,0.000000724,0.000000724,0.000000724,0.000000724,0.000000724,0.000000724,0.000000724,0.000000724,0.000000724,0.000000724,0.000000724,0.000000724,0.000000724,0.000000724,0.000000724,0.000000724,0.000000724,0.000000724,0.000000664,0.000000609,0.000000559,0.000000513,0.000000471,0.000000432,0.000000396,0.000000362,0.000000331,0.000000301,0.000000273,0.000000246,0.000000222,0.000000199,0.000000177,0.000000158,0.000000141,0.000000125,0.000000111,0.000000099,0.000000088,0.000000078,0.000000070,0.000000063,0.000000056,0.000000050,0.000000045,0.000000040,0.000000036,0.000000032,0.000000028,0.000000025,0.000000022,0.000000020,0.000000018,0.000000016,0.000000014,0.000000013,0.000000011,0.000000010,0.000000010,0.000000009,0.000000008,0.000000008,0.000000007,0.000000007,0.000000006,0.000000006,0.000000006,0.000000005,0.000000005,0.000000004,0.000000004,0.000000004,0.000000003,0.000000003,0.000000003,0.000000002,0.000000002,0.000000002,0.000000002,0.000000002,0.000000002,0.000000002,0.000000001,0.000000001,0.000000001,0.000000001,0.000000001,0.000000001,0.000000001,0.000000001,0.000000001,0.000000001,0.000000001,0.000000001,0.000000001,0.000000001,0.000000001,0.000000001,0.000000001,0.000000001,0.000000001,0.000000001,0.000000001,0.000000001,0.000000001,0.000000001,0.000000001,0.000000001,0.000000001,0.000000001,0.000000001,0.000000001,0.000000001,0.000000001,0.000000001,0.000000000,0.000000000,0.000000000,0.000000000,0.000000000,0.000000000,0.000000000,0.000000000,0.000000000,0.000000000,0.000000000,0.000000000,0.000000000,0.000000000,0.000000000,0.000000000,0.000000000,0.000000000,0.000000000,0.000000000,0.000000000,0.000000000,0.000000000,0.000000000,0.000000000,0.000000000,0.000000000,0.000000000,0.000000000,0.000000000,0.000000000,0.000000000,0.000000000,0.000000000,0.000000000,0.000000000,0.000000000,0.000000000,0.000000000,0.000000000,0.000000000,0.000000000,0.000000000,0.000000000,0.000000000,0.000000000,0.000000000,0.000000000,0.000000000,0.000000000,0.000000000,0.000000000,0.000000000,0.000000000,0.000000000,0.000000000,0.000000000,0.000000000,0.000000000,0.000000000,0.000000000,0.000000000,0.000000000,0.000000000,0.000000000,0.000000000,0.000000000,0.000000000,0.000000000,0.000000000,0.000000000,0.000000000,0.000000000,0.000000000,0.000000000,0.000000000,0.000000000,0.000000000,0.000000000,0.000000000,0.000000000,0.000000000,0.000000000,0.000000000,0.000000000,0.000000000,0.000000000,0.000000000,0.000000000,0.000000000,0.000000000,0.000000000,0.000000000,0.000000000,0.000000000,0.000000000,0.000000000,0.000000000,0.000000000,0.000000000,0.000000000,0.000000000,0.000000000,0.000000000,0.000000000,0.000000000,0.000000000,0.000000000,0.000000000,0.000000000,0.000000000,0.000000000,0.000000000
0,1,99,0.000000568,0.000000568,0.000000568,0.000000568,0.000000568,0.000000568,0.000000568,0.000000568,0.000000568,0.000000568,0.000000568,0.000000568,0.000000568,0.000000568,0.000000568,0.000000568,0.000000568,0.000000568,0.000000568,0.000000568,0.000000568,0.000000568,0.000000568,0.000000568,0.000000568,0.000000568,0.000000568,0.000000521,0.000000478,0.000000439,0.000000403,0.000000370,0.000000339,0.000000310,0.000000283,0.000000258,0.000000234,0.000000212,0.000000191,0.000000171,0.000000153,0.000000136,0.000000121,0.000000108,0.000000096,0.000000085,0.000000075,0.000000067,0.000000060,0.000000054,0.000000048,0.000000043,0.000000038,0.000000034,0.000000031,0.000000027,0.000000024,0.000000022,0.000000019,0.000000017,0.000000015,0.000000014,0.000000012,0.000000011,0.000000010,0.000000009,0.000000008,0.000000007,0.000000007,0.000000006,0.000000006,0.000000006,0.000000005,0.000000005,0.000000005,0.000000004,0.000000004,0.000000004,0.000000003,0.000000003,0.000000003,0.000000002,0.000000002,0.000000002,0.000000002,0.000000002,0.000000002,0.000000001,0.000000001,0.000000001,0.000000001,0.000000001,0.000000001,0.000000001,0.000000001,0.000000001,0.000000001,0.000000001,0.000000001,0.000000001,0.000000001,0.000000001,0.000000001,0.000000001,0.000000001,0.000000001,0.000000001,0.000000001,0.000000001,0.000000000,0.000000000,0.000000000,0.000000000,0.000000000,0.000000000,0.000000001,0.000000000,0.000000000,0.000000000,0.000000000,0.000000000,0.000000000,0.000000000,0.000000000,0.000000000,0.000000000,0.000000000,0.000000000,0.000000000,0.000000000,0.000000000,0.000000000,0.000000000,0.000000000,0.000000000,0.000000000,0.000000000,0.000000000,0.000000000,0.000000000,0.000000000,0.000000000,0.000000000,0.000000000,0.000000000,0.000000000,0.000000000,0.000000000,0.000000000,0.000000000,0.000000000,0.000000000,0.000000000,0.000000000,0.000000000,0.000000000,0.000000000,0.000000000,0.000000000,0.000000000,0.000000000,0.000000000,0.000000000,0.000000000,0.000000000,0.000000000,0.000000000,0.000000000,0.000000000,0.000000000,0.000000000,0.000000000,0.000000000,0.000000000,0.000000000,0.000000000,0.000000000,0.000000000,0.000000000,0.000000000,0.000000000,0.000000000,0.000000000,0.000000000,0.000000000,0.000000000,0.000000000,0.000000000,0.000000000,0.000000000,0.000000000,0.000000000,0.000000000,0.000000000,0.000000000,0.000000000,0.000000000,0.000000000,0.000000000,0.000000000,0.000000000,0.000000000,0.000000000,0.000000000,0.000000000,0.000000000,0.000000000,0.000000000,0.000000000,0.000000000,0.000000000,0.000000000,0.000000000,0.000000000,0.000000000,0.000000000,0.000000000,0.000000000,0.000000000,0.000000000,0.000000000,0.000000000,0.000000000,0.000000000,0.000000000,0.000000000,0.000000000,0.000000000,0.000000000,0.000000000,0.000000000,0.000000000,0.000000000,0.000000000,0.000000000,0.000000000,0.000000000
