5
* SHG parameters using sampling weights  26FEB25
* Cessation parameters for SHG                                                                      
* Estimates for all race by gender [M(1) F(2)]                                                      
1,2,237,0,99
* Race,Sex,Age,1864-1864,1865-1865,1866-1866,1867-1867,1868-1868,1869-1869,1870-1870,1871-1871,1872-1872,1873-1873,1874-1874,1875-1875,1876-1876,1877-1877,1878-1878,1879-1879,1880-1880,1881-1881,1882-1882,1883-1883,1884-1884,1885-1885,1886-1886,1887-1887,1888-1888,1889-1889,1890-1890,1891-1891,1892-1892,1893-1893,1894-1894,1895-1895,1896-1896,1897-1897,1898-1898,1899-1899,1900-1900,1901-1901,1902-1902,1903-1903,1904-1904,1905-1905,1906-1906,1907-1907,1908-1908,1909-1909,1910-1910,1911-1911,1912-1912,1913-1913,1914-1914,1915-1915,1916-1916,1917-1917,1918-1918,1919-1919,1920-1920,1921-1921,1922-1922,1923-1923,1924-1924,1925-1925,1926-1926,1927-1927,1928-1928,1929-1929,1930-1930,1931-1931,1932-1932,1933-1933,1934-1934,1935-1935,1936-1936,1937-1937,1938-1938,1939-1939,1940-1940,1941-1941,1942-1942,1943-1943,1944-1944,1945-1945,1946-1946,1947-1947,1948-1948,1949-1949,1950-1950,1951-1951,1952-1952,1953-1953,1954-1954,1955-1955,1956-1956,1957-1957,1958-1958,1959-1959,1960-1960,1961-1961,1962-1962,1963-1963,1964-1964,1965-1965,1966-1966,1967-1967,1968-1968,1969-1969,1970-1970,1971-1971,1972-1972,1973-1973,1974-1974,1975-1975,1976-1976,1977-1977,1978-1978,1979-1979,1980-1980,1981-1981,1982-1982,1983-1983,1984-1984,1985-1985,1986-1986,1987-1987,1988-1988,1989-1989,1990-1990,1991-1991,1992-1992,1993-1993,1994-1994,1995-1995,1996-1996,1997-1997,1998-1998,1999-1999,2000-2000,2001-2001,2002-2002,2003-2003,2004-2004,2005-2005,2006-2006,2007-2007,2008-2008,2009-2009,2010-2010,2011-2011,2012-2012,2013-2013,2014-2014,2015-2015,2016-2016,2017-2017,2018-2018,2019-2019,2020-2020,2021-2021,2022-2022,2023-2023,2024-2024,2025-2025,2026-2026,2027-2027,2028-2028,2029-2029,2030-2030,2031-2031,2032-2032,2033-2033,2034-2034,2035-2035,2036-2036,2037-2037,2038-2038,2039-2039,2040-2040,2041-2041,2042-2042,2043-2043,2044-2044,2045-2045,2046-2046,2047-2047,2048-2048,2049-2049,2050-2050,2051-2051,2052-2052,2053-2053,2054-2054,2055-2055,2056-2056,2057-2057,2058-2058,2059-2059,2060-2060,2061-2061,2062-2062,2063-2063,2064-2064,2065-2065,2066-2066,2067-2067,2068-2068,2069-2069,2070-2070,2071-2071,2072-2072,2073-2073,2074-2074,2075-2075,2076-2076,2077-2077,2078-2078,2079-2079,2080-2080,2081-2081,2082-2082,2083-2083,2084-2084,2085-2085,2086-2086,2087-2087,2088-2088,2089-2089,2090-2090,2091-2091,2092-2092,2093-2093,2094-2094,2095-2095,2096-2096,2097-2097,2098-2098,2099-2099,2100-2100
0,0,0,0.000000000,0.000000000,0.000000000,0.000000000,0.000000000,0.000000000,0.000000000,0.000000000,0.000000000,0.000000000,0.000000000,0.000000000,0.000000000,0.000000000,0.000000000,0.000000000,0.000000000,0.000000000,0.000000000,0.000000000,0.000000000,0.000000000,0.000000000,0.000000000,0.000000000,0.000000000,0.000000000,0.000000000,0.000000000,0.000000000,0.000000000,0.000000000,0.000000000,0.000000000,0.000000000,0.000000000,0.000000000,0.000000000,0.000000000,0.000000000,0.000000000,0.000000000,0.000000000,0.000000000,0.000000000,0.000000000,0.000000000,0.000000000,0.000000000,0.000000000,0.000000000,0.000000000,0.000000000,0.000000000,0.000000000,0.000000000,0.000000000,0.000000000,0.000000000,0.000000000,0.000000000,0.000000000,0.000000000,0.000000000,0.000000000,0.000000000,0.000000000,0.000000000,0.000000000,0.000000000,0.000000000,0.000000000,0.000000000,0.000000000,0.000000000,0.000000000,0.000000000,0.000000000,0.000000000,0.000000000,0.000000000,0.000000000,0.000000000,0.000000000,0.000000000,0.000000000,0.000000000,0.000000000,0.000000000,0.000000000,0.000000000,0.000000000,0.000000000,0.000000000,0.000000000,0.000000000,0.000000000,0.000000000,0.000000000,0.000000000,0.000000000,0.000000000,0.000000000,0.000000000,0.000000000,0.000000000,0.000000000,0.000000000,0.000000000,0.000000000,0.000000000,0.000000000,0.000000000,0.000000000,0.000000000,0.000000000,0.000000000,0.000000000,0.000000000,0.000000000,0.000000000,0.000000000,0.000000000,0.000000000,0.000000000,0.000000000,0.000000000,0.000000000,0.000000000,0.000000000,0.000000000,0.000000000,0.000000000,0.000000000,0.000000000,0.000000000,0.000000000,0.000000000,0.000000000,0.000000000,0.000000000,0.000000000,0.000000000,0.000000000,0.000000000,0.000000000,0.000000000,0.000000000,0.000000000,0.000000000,0.000000000,0.000000000,0.000000000,0.000000000,0.000000000,0.000000000,0.000000000,0.000000000,0.000000000,0.000000000,0.000000000,0.000000000,0.000000000,0.000000000,0.000000000,0.000000000,0.000000000,0.000000000,0.000000000,0.000000000,0.000000000,0.000000000,0.000000000,0.000000000,0.000000000,0.000000000,0.000000000,0.000000000,0.000000000,0.000000000,0.000000000,0.000000000,0.000000000,0.000000000,0.000000000,0.000000000,0.000000000,0.000000000,0.000000000,0.000000000,0.000000000,0.000000000,0.000000000,0.000000000,0.000000000,0.000000000,0.000000000,0.000000000,0.000000000,0.000000000,0.000000000,0.000000000,0.000000000,0.000000000,0.000000000,0.000000000,0.000000000,0.000000000,0.000000000,0.000000000,0.000000000,0.000000000,0.000000000,0.000000000,0.000000000,0.000000000,0.000000000,0.000000000,0.000000000,0.000000000,0.000000000,0.000000000,0.000000000,0.000000000,0.000000000,0.000000000,0.000000000,0.000000000,0.000000000,0.000000000,0.000000000,0.000000000,0.000000000,0.000000000,0.000000000,0.000000000,0.000000000
0,0,1,0.000000000,0.000000000,0.000000000,0.000000000,0.000000000,0.000000000,0.000000000,0.000000000,0.000000000,0.000000000,0.000000000,0.000000000,0.000000000,0.000000000,0.000000000,0.000000000,0.000000000,0.000000000,0.000000000,0.000000000,0.000000000,0.000000000,0.000000000,0.000000000,0.000000000,0.000000000,0.000000000,0.000000000,0.000000000,0.000000000,0.000000000,0.000000000,0.000000000,0.000000000,0.000000000,0.000000000,0.000000000,0.000000000,0.000000000,0.000000000,0.000000000,0.000000000,0.000000000,0.000000000,0.000000000,0.000000000,0.000000000,0.000000000,0.000000000,0.000000000,0.000000000,0.000000000,0.000000000,0.000000000,0.000000000,0.000000000,0.000000000,0.000000000,0.000000000,0.000000000,0.000000000,0.000000000,0.000000000,0.000000000,0.000000000,0.000000000,0.000000000,0.000000000,0.000000000,0.000000000,0.000000000,0.000000000,0.000000000,0.000000000,0.000000000,0.000000000,0.000000000,0.000000000,0.000000000,0.000000000,0.000000000,0.000000000,0.000000000,0.000000000,0.000000000,0.000000000,0.000000000,0.000000000,0.000000000,0.000000000,0.000000000,0.000000000,0.000000000,0.000000000,0.000000000,0.000000000,0.000000000,0.000000000,0.000000000,0.000000000,0.000000000,0.000000000,0.000000000,0.000000000,0.000000000,0.000000000,0.000000000,0.000000000,0.000000000,0.000000000,0.000000000,0.000000000,0.000000000,0.000000000,0.000000000,0.000000000,0.000000000,0.000000000,0.000000000,0.000000000,0.000000000,0.000000000,0.000000000,0.000000000,0.000000000,0.000000000,0.000000000,0.000000000,0.000000000,0.000000000,0.000000000,0.000000000,0.000000000,0.000000000,0.000000000,0.000000000,0.000000000,0.000000000,0.000000000,0.000000000,0.000000000,0.000000000,0.000000000,0.000000000,0.000000000,0.000000000,0.000000000,0.000000000,0.000000000,0.000000000,0.000000000,0.000000000,0.000000000,0.000000000,0.000000000,0.000000000,0.000000000,0.000000000,0.000000000,0.000000000,0.000000000,0.000000000,0.000000000,0.000000000,0.000000000,0.000000000,0.000000000,0.000000000,0.000000000,0.000000000,0.000000000,0.000000000,0.000000000,0.000000000,0.000000000,0.000000000,0.000000000,0.000000000,0.000000000,0.000000000,0.000000000,0.000000000,0.000000000,0.000000000,0.000000000,0.000000000,0.000000000,0.000000000,0.000000000,0.000000000,0.000000000,0.000000000,0.000000000,0.000000000,0.000000000,0.000000000,0.000000000,0.000000000,0.000000000,0.000000000,0.000000000,0.000000000,0.000000000,0.000000000,0.000000000,0.000000000,0.000000000,0.000000000,0.000000000,0.000000000,0.000000000,0.000000000,0.000000000,0.000000000,0.000000000,0.000000000,0.000000000,0.000000000,0.000000000,0.000000000,0.000000000,0.000000000,0.000000000,0.000000000,0.000000000,0.000000000,0.000000000,0.000000000,0.000000000,0.000000000,0.000000000,0.000000000,0.000000000,0.000000000,0.000000000,0.000000000,0.000000000
0,0,2,0.000000000,0.000000000,0.000000000,0.000000000,0.000000000,0.000000000,0.000000000,0.000000000,0.000000000,0.000000000,0.000000000,0.000000000,0.000000000,0.000000000,0.000000000,0.000000000,0.000000000,0.000000000,0.000000000,0.000000000,0.000000000,0.000000000,0.000000000,0.000000000,0.000000000,0.000000000,0.000000000,0.000000000,0.000000000,0.000000000,0.000000000,0.000000000,0.000000000,0.000000000,0.000000000,0.000000000,0.000000000,0.000000000,0.000000000,0.000000000,0.000000000,0.000000000,0.000000000,0.000000000,0.000000000,0.000000000,0.000000000,0.000000000,0.000000000,0.000000000,0.000000000,0.000000000,0.000000000,0.000000000,0.000000000,0.000000000,0.000000000,0.000000000,0.000000000,0.000000000,0.000000000,0.000000000,0.000000000,0.000000000,0.000000000,0.000000000,0.000000000,0.000000000,0.000000000,0.000000000,0.000000000,0.000000000,0.000000000,0.000000000,0.000000000,0.000000000,0.000000000,0.000000000,0.000000000,0.000000000,0.000000000,0.000000000,0.000000000,0.000000000,0.000000000,0.000000000,0.000000000,0.000000000,0.000000000,0.000000000,0.000000000,0.000000000,0.000000000,0.000000000,0.000000000,0.000000000,0.000000000,0.000000000,0.000000000,0.000000000,0.000000000,0.000000000,0.000000000,0.000000000,0.000000000,0.000000000,0.000000000,0.000000000,0.000000000,0.000000000,0.000000000,0.000000000,0.000000000,0.000000000,0.000000000,0.000000000,0.000000000,0.000000000,0.000000000,0.000000000,0.000000000,0.000000000,0.000000000,0.000000000,0.000000000,0.000000000,0.000000000,0.000000000,0.000000000,0.000000000,0.000000000,0.000000000,0.000000000,0.000000000,0.000000000,0.000000000,0.000000000,0.000000000,0.000000000,0.000000000,0.000000000,0.000000000,0.000000000,0.000000000,0.000000000,0.000000000,0.000000000,0.000000000,0.000000000,0.000000000,0.000000000,0.000000000,0.000000000,0.000000000,0.000000000,0.000000000,0.000000000,0.000000000,0.000000000,0.000000000,0.000000000,0.000000000,0.000000000,0.000000000,0.000000000,0.000000000,0.000000000,0.000000000,0.000000000,0.000000000,0.000000000,0.000000000,0.000000000,0.000000000,0.000000000,0.000000000,0.000000000,0.000000000,0.000000000,0.000000000,0.000000000,0.000000000,0.000000000,0.000000000,0.000000000,0.000000000,0.000000000,0.000000000,0.000000000,0.000000000,0.000000000,0.000000000,0.000000000,0.000000000,0.000000000,0.000000000,0.000000000,0.000000000,0.000000000,0.000000000,0.000000000,0.000000000,0.000000000,0.000000000,0.000000000,0.000000000,0.000000000,0.000000000,0.000000000,0.000000000,0.000000000,0.000000000,0.000000000,0.000000000,0.000000000,0.000000000,0.000000000,0.000000000,0.000000000,0.000000000,0.000000000,0.000000000,0.000000000,0.000000000,0.000000000,0.000000000,0.000000000,0.000000000,0.000000000,0.000000000,0.000000000,0.000000000,0.000000000,0.000000000,0.000000000,0.000000000,0.000000000
0,0,3,0.000000000,0.000000000,0.000000000,0.000000000,0.000000000,0.000000000,0.000000000,0.000000000,0.000000000,0.000000000,0.000000000,0.000000000,0.000000000,0.000000000,0.000000000,0.000000000,0.000000000,0.000000000,0.000000000,0.000000000,0.000000000,0.000000000,0.000000000,0.000000000,0.000000000,0.000000000,0.000000000,0.000000000,0.000000000,0.000000000,0.000000000,0.000000000,0.000000000,0.000000000,0.000000000,0.000000000,0.000000000,0.000000000,0.000000000,0.000000000,0.000000000,0.000000000,0.000000000,0.000000000,0.000000000,0.000000000,0.000000000,0.000000000,0.000000000,0.000000000,0.000000000,0.000000000,0.000000000,0.000000000,0.000000000,0.000000000,0.000000000,0.000000000,0.000000000,0.000000000,0.000000000,0.000000000,0.000000000,0.000000000,0.000000000,0.000000000,0.000000000,0.000000000,0.000000000,0.000000000,0.000000000,0.000000000,0.000000000,0.000000000,0.000000000,0.000000000,0.000000000,0.000000000,0.000000000,0.000000000,0.000000000,0.000000000,0.000000000,0.000000000,0.000000000,0.000000000,0.000000000,0.000000000,0.000000000,0.000000000,0.000000000,0.000000000,0.000000000,0.000000000,0.000000000,0.000000000,0.000000000,0.000000000,0.000000000,0.000000000,0.000000000,0.000000000,0.000000000,0.000000000,0.000000000,0.000000000,0.000000000,0.000000000,0.000000000,0.000000000,0.000000000,0.000000000,0.000000000,0.000000000,0.000000000,0.000000000,0.000000000,0.000000000,0.000000000,0.000000000,0.000000000,0.000000000,0.000000000,0.000000000,0.000000000,0.000000000,0.000000000,0.000000000,0.000000000,0.000000000,0.000000000,0.000000000,0.000000000,0.000000000,0.000000000,0.000000000,0.000000000,0.000000000,0.000000000,0.000000000,0.000000000,0.000000000,0.000000000,0.000000000,0.000000000,0.000000000,0.000000000,0.000000000,0.000000000,0.000000000,0.000000000,0.000000000,0.000000000,0.000000000,0.000000000,0.000000000,0.000000000,0.000000000,0.000000000,0.000000000,0.000000000,0.000000000,0.000000000,0.000000000,0.000000000,0.000000000,0.000000000,0.000000000,0.000000000,0.000000000,0.000000000,0.000000000,0.000000000,0.000000000,0.000000000,0.000000000,0.000000000,0.000000000,0.000000000,0.000000000,0.000000000,0.000000000,0.000000000,0.000000000,0.000000000,0.000000000,0.000000000,0.000000000,0.000000000,0.000000000,0.000000000,0.000000000,0.000000000,0.000000000,0.000000000,0.000000000,0.000000000,0.000000000,0.000000000,0.000000000,0.000000000,0.000000000,0.000000000,0.000000000,0.000000000,0.000000000,0.000000000,0.000000000,0.000000000,0.000000000,0.000000000,0.000000000,0.000000000,0.000000000,0.000000000,0.000000000,0.000000000,0.000000000,0.000000000,0.000000000,0.000000000,0.000000000,0.000000000,0.000000000,0.000000000,0.000000000,0.000000000,0.000000000,0.000000000,0.000000000,0.000000000,0.000000000,0.000000000,0.000000000,0.000000000,0.000000000,0.000000000
0,0,4,0.000000000,0.000000000,0.000000000,0.000000000,0.000000000,0.000000000,0.000000000,0.000000000,0.000000000,0.000000000,0.000000000,0.000000000,0.000000000,0.000000000,0.000000000,0.000000000,0.000000000,0.000000000,0.000000000,0.000000000,0.000000000,0.000000000,0.000000000,0.000000000,0.000000000,0.000000000,0.000000000,0.000000000,0.000000000,0.000000000,0.000000000,0.000000000,0.000000000,0.000000000,0.000000000,0.000000000,0.000000000,0.000000000,0.000000000,0.000000000,0.000000000,0.000000000,0.000000000,0.000000000,0.000000000,0.000000000,0.000000000,0.000000000,0.000000000,0.000000000,0.000000000,0.000000000,0.000000000,0.000000000,0.000000000,0.000000000,0.000000000,0.000000000,0.000000000,0.000000000,0.000000000,0.000000000,0.000000000,0.000000000,0.000000000,0.000000000,0.000000000,0.000000000,0.000000000,0.000000000,0.000000000,0.000000000,0.000000000,0.000000000,0.000000000,0.000000000,0.000000000,0.000000000,0.000000000,0.000000000,0.000000000,0.000000000,0.000000000,0.000000000,0.000000000,0.000000000,0.000000000,0.000000000,0.000000000,0.000000000,0.000000000,0.000000000,0.000000000,0.000000000,0.000000000,0.000000000,0.000000000,0.000000000,0.000000000,0.000000000,0.000000000,0.000000000,0.000000000,0.000000000,0.000000000,0.000000000,0.000000000,0.000000000,0.000000000,0.000000000,0.000000000,0.000000000,0.000000000,0.000000000,0.000000000,0.000000000,0.000000000,0.000000000,0.000000000,0.000000000,0.000000000,0.000000000,0.000000000,0.000000000,0.000000000,0.000000000,0.000000000,0.000000000,0.000000000,0.000000000,0.000000000,0.000000000,0.000000000,0.000000000,0.000000000,0.000000000,0.000000000,0.000000000,0.000000000,0.000000000,0.000000000,0.000000000,0.000000000,0.000000000,0.000000000,0.000000000,0.000000000,0.000000000,0.000000000,0.000000000,0.000000000,0.000000000,0.000000000,0.000000000,0.000000000,0.000000000,0.000000000,0.000000000,0.000000000,0.000000000,0.000000000,0.000000000,0.000000000,0.000000000,0.000000000,0.000000000,0.000000000,0.000000000,0.000000000,0.000000000,0.000000000,0.000000000,0.000000000,0.000000000,0.000000000,0.000000000,0.000000000,0.000000000,0.000000000,0.000000000,0.000000000,0.000000000,0.000000000,0.000000000,0.000000000,0.000000000,0.000000000,0.000000000,0.000000000,0.000000000,0.000000000,0.000000000,0.000000000,0.000000000,0.000000000,0.000000000,0.000000000,0.000000000,0.000000000,0.000000000,0.000000000,0.000000000,0.000000000,0.000000000,0.000000000,0.000000000,0.000000000,0.000000000,0.000000000,0.000000000,0.000000000,0.000000000,0.000000000,0.000000000,0.000000000,0.000000000,0.000000000,0.000000000,0.000000000,0.000000000,0.000000000,0.000000000,0.000000000,0.000000000,0.000000000,0.000000000,0.000000000,0.000000000,0.000000000,0.000000000,0.000000000,0.000000000,0.000000000,0.000000000,0.000000000,0.000000000,0.000000000
0,0,5,0.000000000,0.000000000,0.000000000,0.000000000,0.000000000,0.000000000,0.000000000,0.000000000,0.000000000,0.000000000,0.000000000,0.000000000,0.000000000,0.000000000,0.000000000,0.000000000,0.000000000,0.000000000,0.000000000,0.000000000,0.000000000,0.000000000,0.000000000,0.000000000,0.000000000,0.000000000,0.000000000,0.000000000,0.000000000,0.000000000,0.000000000,0.000000000,0.000000000,0.000000000,0.000000000,0.000000000,0.000000000,0.000000000,0.000000000,0.000000000,0.000000000,0.000000000,0.000000000,0.000000000,0.000000000,0.000000000,0.000000000,0.000000000,0.000000000,0.000000000,0.000000000,0.000000000,0.000000000,0.000000000,0.000000000,0.000000000,0.000000000,0.000000000,0.000000000,0.000000000,0.000000000,0.000000000,0.000000000,0.000000000,0.000000000,0.000000000,0.000000000,0.000000000,0.000000000,0.000000000,0.000000000,0.000000000,0.000000000,0.000000000,0.000000000,0.000000000,0.000000000,0.000000000,0.000000000,0.000000000,0.000000000,0.000000000,0.000000000,0.000000000,0.000000000,0.000000000,0.000000000,0.000000000,0.000000000,0.000000000,0.000000000,0.000000000,0.000000000,0.000000000,0.000000000,0.000000000,0.000000000,0.000000000,0.000000000,0.000000000,0.000000000,0.000000000,0.000000000,0.000000000,0.000000000,0.000000000,0.000000000,0.000000000,0.000000000,0.000000000,0.000000000,0.000000000,0.000000000,0.000000000,0.000000000,0.000000000,0.000000000,0.000000000,0.000000000,0.000000000,0.000000000,0.000000000,0.000000000,0.000000000,0.000000000,0.000000000,0.000000000,0.000000000,0.000000000,0.000000000,0.000000000,0.000000000,0.000000000,0.000000000,0.000000000,0.000000000,0.000000000,0.000000000,0.000000000,0.000000000,0.000000000,0.000000000,0.000000000,0.000000000,0.000000000,0.000000000,0.000000000,0.000000000,0.000000000,0.000000000,0.000000000,0.000000000,0.000000000,0.000000000,0.000000000,0.000000000,0.000000000,0.000000000,0.000000000,0.000000000,0.000000000,0.000000000,0.000000000,0.000000000,0.000000000,0.000000000,0.000000000,0.000000000,0.000000000,0.000000000,0.000000000,0.000000000,0.000000000,0.000000000,0.000000000,0.000000000,0.000000000,0.000000000,0.000000000,0.000000000,0.000000000,0.000000000,0.000000000,0.000000000,0.000000000,0.000000000,0.000000000,0.000000000,0.000000000,0.000000000,0.000000000,0.000000000,0.000000000,0.000000000,0.000000000,0.000000000,0.000000000,0.000000000,0.000000000,0.000000000,0.000000000,0.000000000,0.000000000,0.000000000,0.000000000,0.000000000,0.000000000,0.000000000,0.000000000,0.000000000,0.000000000,0.000000000,0.000000000,0.000000000,0.000000000,0.000000000,0.000000000,0.000000000,0.000000000,0.000000000,0.000000000,0.000000000,0.000000000,0.000000000,0.000000000,0.000000000,0.000000000,0.000000000,0.000000000,0.000000000,0.000000000,0.000000000,0.000000000,0.000000000,0.000000000,0.000000000,0.000000000
0,0,6,0.000000000,0.000000000,0.000000000,0.000000000,0.000000000,0.000000000,0.000000000,0.000000000,0.000000000,0.000000000,0.000000000,0.000000000,0.000000000,0.000000000,0.000000000,0.000000000,0.000000000,0.000000000,0.000000000,0.000000000,0.000000000,0.000000000,0.000000000,0.000000000,0.000000000,0.000000000,0.000000000,0.000000000,0.000000000,0.000000000,0.000000000,0.000000000,0.000000000,0.000000000,0.000000000,0.000000000,0.000000000,0.000000000,0.000000000,0.000000000,0.000000000,0.000000000,0.000000000,0.000000000,0.000000000,0.000000000,0.000000000,0.000000000,0.000000000,0.000000000,0.000000000,0.000000000,0.000000000,0.000000000,0.000000000,0.000000000,0.000000000,0.000000000,0.000000000,0.000000000,0.000000000,0.000000000,0.000000000,0.000000000,0.000000000,0.000000000,0.000000000,0.000000000,0.000000000,0.000000000,0.000000000,0.000000000,0.000000000,0.000000000,0.000000000,0.000000000,0.000000000,0.000000000,0.000000000,0.000000000,0.000000000,0.000000000,0.000000000,0.000000000,0.000000000,0.000000000,0.000000000,0.000000000,0.000000000,0.000000000,0.000000000,0.000000000,0.000000000,0.000000000,0.000000000,0.000000000,0.000000000,0.000000000,0.000000000,0.000000000,0.000000000,0.000000000,0.000000000,0.000000000,0.000000000,0.000000000,0.000000000,0.000000000,0.000000000,0.000000000,0.000000000,0.000000000,0.000000000,0.000000000,0.000000000,0.000000000,0.000000000,0.000000000,0.000000000,0.000000000,0.000000000,0.000000000,0.000000000,0.000000000,0.000000000,0.000000000,0.000000000,0.000000000,0.000000000,0.000000000,0.000000000,0.000000000,0.000000000,0.000000000,0.000000000,0.000000000,0.000000000,0.000000000,0.000000000,0.000000000,0.000000000,0.000000000,0.000000000,0.000000000,0.000000000,0.000000000,0.000000000,0.000000000,0.000000000,0.000000000,0.000000000,0.000000000,0.000000000,0.000000000,0.000000000,0.000000000,0.000000000,0.000000000,0.000000000,0.000000000,0.000000000,0.000000000,0.000000000,0.000000000,0.000000000,0.000000000,0.000000000,0.000000000,0.000000000,0.000000000,0.000000000,0.000000000,0.000000000,0.000000000,0.000000000,0.000000000,0.000000000,0.000000000,0.000000000,0.000000000,0.000000000,0.000000000,0.000000000,0.000000000,0.000000000,0.000000000,0.000000000,0.000000000,0.000000000,0.000000000,0.000000000,0.000000000,0.000000000,0.000000000,0.000000000,0.000000000,0.000000000,0.000000000,0.000000000,0.000000000,0.000000000,0.000000000,0.000000000,0.000000000,0.000000000,0.000000000,0.000000000,0.000000000,0.000000000,0.000000000,0.000000000,0.000000000,0.000000000,0.000000000,0.000000000,0.000000000,0.000000000,0.000000000,0.000000000,0.000000000,0.000000000,0.000000000,0.000000000,0.000000000,0.000000000,0.000000000,0.000000000,0.000000000,0.000000000,0.000000000,0.000000000,0.000000000,0.000000000,0.000000000,0.000000000,0.000000000,0.000000000
0,0,7,0.000000000,0.000000000,0.000000000,0.000000000,0.000000000,0.000000000,0.000000000,0.000000000,0.000000000,0.000000000,0.000000000,0.000000000,0.000000000,0.000000000,0.000000000,0.000000000,0.000000000,0.000000000,0.000000000,0.000000000,0.000000000,0.000000000,0.000000000,0.000000000,0.000000000,0.000000000,0.000000000,0.000000000,0.000000000,0.000000000,0.000000000,0.000000000,0.000000000,0.000000000,0.000000000,0.000000000,0.000000000,0.000000000,0.000000000,0.000000000,0.000000000,0.000000000,0.000000000,0.000000000,0.000000000,0.000000000,0.000000000,0.000000000,0.000000000,0.000000000,0.000000000,0.000000000,0.000000000,0.000000000,0.000000000,0.000000000,0.000000000,0.000000000,0.000000000,0.000000000,0.000000000,0.000000000,0.000000000,0.000000000,0.000000000,0.000000000,0.000000000,0.000000000,0.000000000,0.000000000,0.000000000,0.000000000,0.000000000,0.000000000,0.000000000,0.000000000,0.000000000,0.000000000,0.000000000,0.000000000,0.000000000,0.000000000,0.000000000,0.000000000,0.000000000,0.000000000,0.000000000,0.000000000,0.000000000,0.000000000,0.000000000,0.000000000,0.000000000,0.000000000,0.000000000,0.000000000,0.000000000,0.000000000,0.000000000,0.000000000,0.000000000,0.000000000,0.000000000,0.000000000,0.000000000,0.000000000,0.000000000,0.000000000,0.000000000,0.000000000,0.000000000,0.000000000,0.000000000,0.000000000,0.000000000,0.000000000,0.000000000,0.000000000,0.000000000,0.000000000,0.000000000,0.000000000,0.000000000,0.000000000,0.000000000,0.000000000,0.000000000,0.000000000,0.000000000,0.000000000,0.000000000,0.000000000,0.000000000,0.000000000,0.000000000,0.000000000,0.000000000,0.000000000,0.000000000,0.000000000,0.000000000,0.000000000,0.000000000,0.000000000,0.000000000,0.000000000,0.000000000,0.000000000,0.000000000,0.000000000,0.000000000,0.000000000,0.000000000,0.000000000,0.000000000,0.000000000,0.000000000,0.000000000,0.000000000,0.000000000,0.000000000,0.000000000,0.000000000,0.000000000,0.000000000,0.000000000,0.000000000,0.000000000,0.000000000,0.000000000,0.000000000,0.000000000,0.000000000,0.000000000,0.000000000,0.000000000,0.000000000,0.000000000,0.000000000,0.000000000,0.000000000,0.000000000,0.000000000,0.000000000,0.000000000,0.000000000,0.000000000,0.000000000,0.000000000,0.000000000,0.000000000,0.000000000,0.000000000,0.000000000,0.000000000,0.000000000,0.000000000,0.000000000,0.000000000,0.000000000,0.000000000,0.000000000,0.000000000,0.000000000,0.000000000,0.000000000,0.000000000,0.000000000,0.000000000,0.000000000,0.000000000,0.000000000,0.000000000,0.000000000,0.000000000,0.000000000,0.000000000,0.000000000,0.000000000,0.000000000,0.000000000,0.000000000,0.000000000,0.000000000,0.000000000,0.000000000,0.000000000,0.000000000,0.000000000,0.000000000,0.000000000,0.000000000,0.000000000,0.000000000,0.000000000,0.000000000,0.000000000
0,0,8,0.000000000,0.000000000,0.000000000,0.000000000,0.000000000,0.000000000,0.000000000,0.000000000,0.000000000,0.000000000,0.000000000,0.000000000,0.000000000,0.000000000,0.000000000,0.000000000,0.000000000,0.000000000,0.000000000,0.000000000,0.000000000,0.000000000,0.000000000,0.000000000,0.000000000,0.000000000,0.000000000,0.000000000,0.000000000,0.000000000,0.000000000,0.000000000,0.000000000,0.000000000,0.000000000,0.000000000,0.000000000,0.000000000,0.000000000,0.000000000,0.000000000,0.000000000,0.000000000,0.000000000,0.000000000,0.000000000,0.000000000,0.000000000,0.000000000,0.000000000,0.000000000,0.000000000,0.000000000,0.000000000,0.000000000,0.000000000,0.000000000,0.000000000,0.000000000,0.000000000,0.000000000,0.000000000,0.000000000,0.000000000,0.000000000,0.000000000,0.000000000,0.000000000,0.000000000,0.000000000,0.000000000,0.000000000,0.000000000,0.000000000,0.000000000,0.000000000,0.000000000,0.000000000,0.000000000,0.000000000,0.000000000,0.000000000,0.000000000,0.000000000,0.000000000,0.000000000,0.000000000,0.000000000,0.000000000,0.000000000,0.000000000,0.000000000,0.000000000,0.000000000,0.000000000,0.000000000,0.000000000,0.000000000,0.000000000,0.000000000,0.000000000,0.000000000,0.000000000,0.000000000,0.000000000,0.000000000,0.000000000,0.000000000,0.000000000,0.000000000,0.000000000,0.000000000,0.000000000,0.000000000,0.000000000,0.000000000,0.000000000,0.000000000,0.000000000,0.000000000,0.000000000,0.000000000,0.000000000,0.000000000,0.000000000,0.000000000,0.000000000,0.000000000,0.000000000,0.000000000,0.000000000,0.000000000,0.000000000,0.000000000,0.000000000,0.000000000,0.000000000,0.000000000,0.000000000,0.000000000,0.000000000,0.000000000,0.000000000,0.000000000,0.000000000,0.000000000,0.000000000,0.000000000,0.000000000,0.000000000,0.000000000,0.000000000,0.000000000,0.000000000,0.000000000,0.000000000,0.000000000,0.000000000,0.000000000,0.000000000,0.000000000,0.000000000,0.000000000,0.000000000,0.000000000,0.000000000,0.000000000,0.000000000,0.000000000,0.000000000,0.000000000,0.000000000,0.000000000,0.000000000,0.000000000,0.000000000,0.000000000,0.000000000,0.000000000,0.000000000,0.000000000,0.000000000,0.000000000,0.000000000,0.000000000,0.000000000,0.000000000,0.000000000,0.000000000,0.000000000,0.000000000,0.000000000,0.000000000,0.000000000,0.000000000,0.000000000,0.000000000,0.000000000,0.000000000,0.000000000,0.000000000,0.000000000,0.000000000,0.000000000,0.000000000,0.000000000,0.000000000,0.000000000,0.000000000,0.000000000,0.000000000,0.000000000,0.000000000,0.000000000,0.000000000,0.000000000,0.000000000,0.000000000,0.000000000,0.000000000,0.000000000,0.000000000,0.000000000,0.000000000,0.000000000,0.000000000,0.000000000,0.000000000,0.000000000,0.000000000,0.000000000,0.000000000,0.000000000,0.000000000,0.000000000,0.000000000,0.000000000
0,0,9,0.000000000,0.000000000,0.000000000,0.000000000,0.000000000,0.000000000,0.000000000,0.000000000,0.000000000,0.000000000,0.000000000,0.000000000,0.000000000,0.000000000,0.000000000,0.000000000,0.000000000,0.000000000,0.000000000,0.000000000,0.000000000,0.000000000,0.000000000,0.000000000,0.000000000,0.000000000,0.000000000,0.000000000,0.000000000,0.000000000,0.000000000,0.000000000,0.000000000,0.000000000,0.000000000,0.000000000,0.000000000,0.000000000,0.000000000,0.000000000,0.000000000,0.000000000,0.000000000,0.000000000,0.000000000,0.000000000,0.000000000,0.000000000,0.000000000,0.000000000,0.000000000,0.000000000,0.000000000,0.000000000,0.000000000,0.000000000,0.000000000,0.000000000,0.000000000,0.000000000,0.000000000,0.000000000,0.000000000,0.000000000,0.000000000,0.000000000,0.000000000,0.000000000,0.000000000,0.000000000,0.000000000,0.000000000,0.000000000,0.000000000,0.000000000,0.000000000,0.000000000,0.000000000,0.000000000,0.000000000,0.000000000,0.000000000,0.000000000,0.000000000,0.000000000,0.000000000,0.000000000,0.000000000,0.000000000,0.000000000,0.000000000,0.000000000,0.000000000,0.000000000,0.000000000,0.000000000,0.000000000,0.000000000,0.000000000,0.000000000,0.000000000,0.000000000,0.000000000,0.000000000,0.000000000,0.000000000,0.000000000,0.000000000,0.000000000,0.000000000,0.000000000,0.000000000,0.000000000,0.000000000,0.000000000,0.000000000,0.000000000,0.000000000,0.000000000,0.000000000,0.000000000,0.000000000,0.000000000,0.000000000,0.000000000,0.000000000,0.000000000,0.000000000,0.000000000,0.000000000,0.000000000,0.000000000,0.000000000,0.000000000,0.000000000,0.000000000,0.000000000,0.000000000,0.000000000,0.000000000,0.000000000,0.000000000,0.000000000,0.000000000,0.000000000,0.000000000,0.000000000,0.000000000,0.000000000,0.000000000,0.000000000,0.000000000,0.000000000,0.000000000,0.000000000,0.000000000,0.000000000,0.000000000,0.000000000,0.000000000,0.000000000,0.000000000,0.000000000,0.000000000,0.000000000,0.000000000,0.000000000,0.000000000,0.000000000,0.000000000,0.000000000,0.000000000,0.000000000,0.000000000,0.000000000,0.000000000,0.000000000,0.000000000,0.000000000,0.000000000,0.000000000,0.000000000,0.000000000,0.000000000,0.000000000,0.000000000,0.000000000,0.000000000,0.000000000,0.000000000,0.000000000,0.000000000,0.000000000,0.000000000,0.000000000,0.000000000,0.000000000,0.000000000,0.000000000,0.000000000,0.000000000,0.000000000,0.000000000,0.000000000,0.000000000,0.000000000,0.000000000,0.000000000,0.000000000,0.000000000,0.000000000,0.000000000,0.000000000,0.000000000,0.000000000,0.000000000,0.000000000,0.000000000,0.000000000,0.000000000,0.000000000,0.000000000,0.000000000,0.000000000,0.000000000,0.000000000,0.000000000,0.000000000,0.000000000,0.000000000,0.000000000,0.000000000,0.000000000,0.000000000,0.000000000,0.000000000,0.000000000
0,0,10,0.000000000,0.000000000,0.000000000,0.000000000,0.000000000,0.000000000,0.000000000,0.000000000,0.000000000,0.000000000,0.000000000,0.000000000,0.000000000,0.000000000,0.000000000,0.000000000,0.000000000,0.000000000,0.000000000,0.000000000,0.000000000,0.000000000,0.000000000,0.000000000,0.000000000,0.000000000,0.000000000,0.000000000,0.000000000,0.000000000,0.000000000,0.000000000,0.000000000,0.000000000,0.000000000,0.000000000,0.000000000,0.000000000,0.000000000,0.000000000,0.000000000,0.000000000,0.000000000,0.000000000,0.000000000,0.000000000,0.000000000,0.000000000,0.000000000,0.000000000,0.000000000,0.000000000,0.000000000,0.000000000,0.000000000,0.000000000,0.000000000,0.000000000,0.000000000,0.000000000,0.000000000,0.000000000,0.000000000,0.000000000,0.000000000,0.000000000,0.000000000,0.000000000,0.000000000,0.000000000,0.000000000,0.000000000,0.000000000,0.000000000,0.000000000,0.000000000,0.000000000,0.000000000,0.000000000,0.000000000,0.000000000,0.000000000,0.000000000,0.000000000,0.000000000,0.000000000,0.000000000,0.000000000,0.000000000,0.000000000,0.000000000,0.000000000,0.000000000,0.000000000,0.000000000,0.000000000,0.000000000,0.000000000,0.000000000,0.000000000,0.000000000,0.000000000,0.000000000,0.000000000,0.000000000,0.000000000,0.000000000,0.000000000,0.000000000,0.000000000,0.000000000,0.000000000,0.000000000,0.000000000,0.000000000,0.000000000,0.000000000,0.000000000,0.000000000,0.000000000,0.000000000,0.000000000,0.000000000,0.000000000,0.000000000,0.000000000,0.000000000,0.000000000,0.000000000,0.000000000,0.000000000,0.000000000,0.000000000,0.000000000,0.000000000,0.000000000,0.000000000,0.000000000,0.000000000,0.000000000,0.000000000,0.000000000,0.000000000,0.000000000,0.000000000,0.000000000,0.000000000,0.000000000,0.000000000,0.000000000,0.000000000,0.000000000,0.000000000,0.000000000,0.000000000,0.000000000,0.000000000,0.000000000,0.000000000,0.000000000,0.000000000,0.000000000,0.000000000,0.000000000,0.000000000,0.000000000,0.000000000,0.000000000,0.000000000,0.000000000,0.000000000,0.000000000,0.000000000,0.000000000,0.000000000,0.000000000,0.000000000,0.000000000,0.000000000,0.000000000,0.000000000,0.000000000,0.000000000,0.000000000,0.000000000,0.000000000,0.000000000,0.000000000,0.000000000,0.000000000,0.000000000,0.000000000,0.000000000,0.000000000,0.000000000,0.000000000,0.000000000,0.000000000,0.000000000,0.000000000,0.000000000,0.000000000,0.000000000,0.000000000,0.000000000,0.000000000,0.000000000,0.000000000,0.000000000,0.000000000,0.000000000,0.000000000,0.000000000,0.000000000,0.000000000,0.000000000,0.000000000,0.000000000,0.000000000,0.000000000,0.000000000,0.000000000,0.000000000,0.000000000,0.000000000,0.000000000,0.000000000,0.000000000,0.000000000,0.000000000,0.000000000,0.000000000,0.000000000,0.000000000,0.000000000,0.000000000,0.000000000
0,0,11,0.000000000,0.000000000,0.000000000,0.000000000,0.000000000,0.000000000,0.000000000,0.000000000,0.000000000,0.000000000,0.000000000,0.000000000,0.000000000,0.000000000,0.000000000,0.000000000,0.000000000,0.000000000,0.000000000,0.000000000,0.000000000,0.000000000,0.000000000,0.000000000,0.000000000,0.000000000,0.000000000,0.000000000,0.000000000,0.000000000,0.000000000,0.000000000,0.000000000,0.000000000,0.000000000,0.000000000,0.000000000,0.000000000,0.000000000,0.000000000,0.000000000,0.000000000,0.000000000,0.000000000,0.000000000,0.000000000,0.000000000,0.000000000,0.000000000,0.000000000,0.000000000,0.000000000,0.000000000,0.000000000,0.000000000,0.000000000,0.000000000,0.000000000,0.000000000,0.000000000,0.000000000,0.000000000,0.000000000,0.000000000,0.000000000,0.000000000,0.000000000,0.000000000,0.000000000,0.000000000,0.000000000,0.000000000,0.000000000,0.000000000,0.000000000,0.000000000,0.000000000,0.000000000,0.000000000,0.000000000,0.000000000,0.000000000,0.000000000,0.000000000,0.000000000,0.000000000,0.000000000,0.000000000,0.000000000,0.000000000,0.000000000,0.000000000,0.000000000,0.000000000,0.000000000,0.000000000,0.000000000,0.000000000,0.000000000,0.000000000,0.000000000,0.000000000,0.000000000,0.000000000,0.000000000,0.000000000,0.000000000,0.000000000,0.000000000,0.000000000,0.000000000,0.000000000,0.000000000,0.000000000,0.000000000,0.000000000,0.000000000,0.000000000,0.000000000,0.000000000,0.000000000,0.000000000,0.000000000,0.000000000,0.000000000,0.000000000,0.000000000,0.000000000,0.000000000,0.000000000,0.000000000,0.000000000,0.000000000,0.000000000,0.000000000,0.000000000,0.000000000,0.000000000,0.000000000,0.000000000,0.000000000,0.000000000,0.000000000,0.000000000,0.000000000,0.000000000,0.000000000,0.000000000,0.000000000,0.000000000,0.000000000,0.000000000,0.000000000,0.000000000,0.000000000,0.000000000,0.000000000,0.000000000,0.000000000,0.000000000,0.000000000,0.000000000,0.000000000,0.000000000,0.000000000,0.000000000,0.000000000,0.000000000,0.000000000,0.000000000,0.000000000,0.000000000,0.000000000,0.000000000,0.000000000,0.000000000,0.000000000,0.000000000,0.000000000,0.000000000,0.000000000,0.000000000,0.000000000,0.000000000,0.000000000,0.000000000,0.000000000,0.000000000,0.000000000,0.000000000,0.000000000,0.000000000,0.000000000,0.000000000,0.000000000,0.000000000,0.000000000,0.000000000,0.000000000,0.000000000,0.000000000,0.000000000,0.000000000,0.000000000,0.000000000,0.000000000,0.000000000,0.000000000,0.000000000,0.000000000,0.000000000,0.000000000,0.000000000,0.000000000,0.000000000,0.000000000,0.000000000,0.000000000,0.000000000,0.000000000,0.000000000,0.000000000,0.000000000,0.000000000,0.000000000,0.000000000,0.000000000,0.000000000,0.000000000,0.000000000,0.000000000,0.000000000,0.000000000,0.000000000,0.000000000,0.000000000,0.000000000
0,0,12,0.000000000,0.000000000,0.000000000,0.000000000,0.000000000,0.000000000,0.000000000,0.000000000,0.000000000,0.000000000,0.000000000,0.000000000,0.000000000,0.000000000,0.000000000,0.000000000,0.000000000,0.000000000,0.000000000,0.000000000,0.000000000,0.000000000,0.000000000,0.000000000,0.000000000,0.000000000,0.000000000,0.000000000,0.000000000,0.000000000,0.000000000,0.000000000,0.000000000,0.000000000,0.000000000,0.000000000,0.000000000,0.000000000,0.000000000,0.000000000,0.000000000,0.000000000,0.000000000,0.000000000,0.000000000,0.000000000,0.000000000,0.000000000,0.000000000,0.000000000,0.000000000,0.000000000,0.000000000,0.000000000,0.000000000,0.000000000,0.000000000,0.000000000,0.000000000,0.000000000,0.000000000,0.000000000,0.000000000,0.000000000,0.000000000,0.000000000,0.000000000,0.000000000,0.000000000,0.000000000,0.000000000,0.000000000,0.000000000,0.000000000,0.000000000,0.000000000,0.000000000,0.000000000,0.000000000,0.000000000,0.000000000,0.000000000,0.000000000,0.000000000,0.000000000,0.000000000,0.000000000,0.000000000,0.000000000,0.000000000,0.000000000,0.000000000,0.000000000,0.000000000,0.000000000,0.000000000,0.000000000,0.000000000,0.000000000,0.000000000,0.000000000,0.000000000,0.000000000,0.000000000,0.000000000,0.000000000,0.000000000,0.000000000,0.000000000,0.000000000,0.000000000,0.000000000,0.000000000,0.000000000,0.000000000,0.000000000,0.000000000,0.000000000,0.000000000,0.000000000,0.000000000,0.000000000,0.000000000,0.000000000,0.000000000,0.000000000,0.000000000,0.000000000,0.000000000,0.000000000,0.000000000,0.000000000,0.000000000,0.000000000,0.000000000,0.000000000,0.000000000,0.000000000,0.000000000,0.000000000,0.000000000,0.000000000,0.000000000,0.000000000,0.000000000,0.000000000,0.000000000,0.000000000,0.000000000,0.000000000,0.000000000,0.000000000,0.000000000,0.000000000,0.000000000,0.000000000,0.000000000,0.000000000,0.000000000,0.000000000,0.000000000,0.000000000,0.000000000,0.000000000,0.000000000,0.000000000,0.000000000,0.000000000,0.000000000,0.000000000,0.000000000,0.000000000,0.000000000,0.000000000,0.000000000,0.000000000,0.000000000,0.000000000,0.000000000,0.000000000,0.000000000,0.000000000,0.000000000,0.000000000,0.000000000,0.000000000,0.000000000,0.000000000,0.000000000,0.000000000,0.000000000,0.000000000,0.000000000,0.000000000,0.000000000,0.000000000,0.000000000,0.000000000,0.000000000,0.000000000,0.000000000,0.000000000,0.000000000,0.000000000,0.000000000,0.000000000,0.000000000,0.000000000,0.000000000,0.000000000,0.000000000,0.000000000,0.000000000,0.000000000,0.000000000,0.000000000,0.000000000,0.000000000,0.000000000,0.000000000,0.000000000,0.000000000,0.000000000,0.000000000,0.000000000,0.000000000,0.000000000,0.000000000,0.000000000,0.000000000,0.000000000,0.000000000,0.000000000,0.000000000,0.000000000,0.000000000,0.000000000
0,0,13,0.000000000,0.000000000,0.000000000,0.000000000,0.000000000,0.000000000,0.000000000,0.000000000,0.000000000,0.000000000,0.000000000,0.000000000,0.000000000,0.000000000,0.000000000,0.000000000,0.000000000,0.000000000,0.000000000,0.000000000,0.000000000,0.000000000,0.000000000,0.000000000,0.000000000,0.000000000,0.000000000,0.000000000,0.000000000,0.000000000,0.000000000,0.000000000,0.000000000,0.000000000,0.000000000,0.000000000,0.000000000,0.000000000,0.000000000,0.000000000,0.000000000,0.000000000,0.000000000,0.000000000,0.000000000,0.000000000,0.000000000,0.000000000,0.000000000,0.000000000,0.000000000,0.000000000,0.000000000,0.000000000,0.000000000,0.000000000,0.000000000,0.000000000,0.000000000,0.000000000,0.000000000,0.000000000,0.000000000,0.000000000,0.000000000,0.000000000,0.000000000,0.000000000,0.000000000,0.000000000,0.000000000,0.000000000,0.000000000,0.000000000,0.000000000,0.000000000,0.000000000,0.000000000,0.000000000,0.000000000,0.000000000,0.000000000,0.000000000,0.000000000,0.000000000,0.000000000,0.000000000,0.000000000,0.000000000,0.000000000,0.000000000,0.000000000,0.000000000,0.000000000,0.000000000,0.000000000,0.000000000,0.000000000,0.000000000,0.000000000,0.000000000,0.000000000,0.000000000,0.000000000,0.000000000,0.000000000,0.000000000,0.000000000,0.000000000,0.000000000,0.000000000,0.000000000,0.000000000,0.000000000,0.000000000,0.000000000,0.000000000,0.000000000,0.000000000,0.000000000,0.000000000,0.000000000,0.000000000,0.000000000,0.000000000,0.000000000,0.000000000,0.000000000,0.000000000,0.000000000,0.000000000,0.000000000,0.000000000,0.000000000,0.000000000,0.000000000,0.000000000,0.000000000,0.000000000,0.000000000,0.000000000,0.000000000,0.000000000,0.000000000,0.000000000,0.000000000,0.000000000,0.000000000,0.000000000,0.000000000,0.000000000,0.000000000,0.000000000,0.000000000,0.000000000,0.000000000,0.000000000,0.000000000,0.000000000,0.000000000,0.000000000,0.000000000,0.000000000,0.000000000,0.000000000,0.000000000,0.000000000,0.000000000,0.000000000,0.000000000,0.000000000,0.000000000,0.000000000,0.000000000,0.000000000,0.000000000,0.000000000,0.000000000,0.000000000,0.000000000,0.000000000,0.000000000,0.000000000,0.000000000,0.000000000,0.000000000,0.000000000,0.000000000,0.000000000,0.000000000,0.000000000,0.000000000,0.000000000,0.000000000,0.000000000,0.000000000,0.000000000,0.000000000,0.000000000,0.000000000,0.000000000,0.000000000,0.000000000,0.000000000,0.000000000,0.000000000,0.000000000,0.000000000,0.000000000,0.000000000,0.000000000,0.000000000,0.000000000,0.000000000,0.000000000,0.000000000,0.000000000,0.000000000,0.000000000,0.000000000,0.000000000,0.000000000,0.000000000,0.000000000,0.000000000,0.000000000,0.000000000,0.000000000,0.000000000,0.000000000,0.000000000,0.000000000,0.000000000,0.000000000,0.000000000,0.000000000,0.000000000
0,0,14,0.000000000,0.000000000,0.000000000,0.000000000,0.000000000,0.000000000,0.000000000,0.000000000,0.000000000,0.000000000,0.000000000,0.000000000,0.000000000,0.000000000,0.000000000,0.000000000,0.000000000,0.000000000,0.000000000,0.000000000,0.000000000,0.000000000,0.000000000,0.000000000,0.000000000,0.000000000,0.000000000,0.000000000,0.000000000,0.000000000,0.000000000,0.000000000,0.000000000,0.000000000,0.000000000,0.000000000,0.000000000,0.000000000,0.000000000,0.000000000,0.000000000,0.000000000,0.000000000,0.000000000,0.000000000,0.000000000,0.000000000,0.000000000,0.000000000,0.000000000,0.000000000,0.000000000,0.000000000,0.000000000,0.000000000,0.000000000,0.000000000,0.000000000,0.000000000,0.000000000,0.000000000,0.000000000,0.000000000,0.000000000,0.000000000,0.000000000,0.000000000,0.000000000,0.000000000,0.000000000,0.000000000,0.000000000,0.000000000,0.000000000,0.000000000,0.000000000,0.000000000,0.000000000,0.000000000,0.000000000,0.000000000,0.000000000,0.000000000,0.000000000,0.000000000,0.000000000,0.000000000,0.000000000,0.000000000,0.000000000,0.000000000,0.000000000,0.000000000,0.000000000,0.000000000,0.000000000,0.000000000,0.000000000,0.000000000,0.000000000,0.000000000,0.000000000,0.000000000,0.000000000,0.000000000,0.000000000,0.000000000,0.000000000,0.000000000,0.000000000,0.000000000,0.000000000,0.000000000,0.000000000,0.000000000,0.000000000,0.000000000,0.000000000,0.000000000,0.000000000,0.000000000,0.000000000,0.000000000,0.000000000,0.000000000,0.000000000,0.000000000,0.000000000,0.000000000,0.000000000,0.000000000,0.000000000,0.000000000,0.000000000,0.000000000,0.000000000,0.000000000,0.000000000,0.000000000,0.000000000,0.000000000,0.000000000,0.000000000,0.000000000,0.000000000,0.000000000,0.000000000,0.000000000,0.000000000,0.000000000,0.000000000,0.000000000,0.000000000,0.000000000,0.000000000,0.000000000,0.000000000,0.000000000,0.000000000,0.000000000,0.000000000,0.000000000,0.000000000,0.000000000,0.000000000,0.000000000,0.000000000,0.000000000,0.000000000,0.000000000,0.000000000,0.000000000,0.000000000,0.000000000,0.000000000,0.000000000,0.000000000,0.000000000,0.000000000,0.000000000,0.000000000,0.000000000,0.000000000,0.000000000,0.000000000,0.000000000,0.000000000,0.000000000,0.000000000,0.000000000,0.000000000,0.000000000,0.000000000,0.000000000,0.000000000,0.000000000,0.000000000,0.000000000,0.000000000,0.000000000,0.000000000,0.000000000,0.000000000,0.000000000,0.000000000,0.000000000,0.000000000,0.000000000,0.000000000,0.000000000,0.000000000,0.000000000,0.000000000,0.000000000,0.000000000,0.000000000,0.000000000,0.000000000,0.000000000,0.000000000,0.000000000,0.000000000,0.000000000,0.000000000,0.000000000,0.000000000,0.000000000,0.000000000,0.000000000,0.000000000,0.000000000,0.000000000,0.000000000,0.000000000,0.000000000,0.000000000,0.000000000
0,0,15,0.003474602,0.003474602,0.003474602,0.003474602,0.003474602,0.003474602,0.003474602,0.003474602,0.003474602,0.003474602,0.003474602,0.003474602,0.003474602,0.003474602,0.003474602,0.003474602,0.003474602,0.003474602,0.003474602,0.003474602,0.003474602,0.003474602,0.003474602,0.003474602,0.003474602,0.003474602,0.003474602,0.003341773,0.003214006,0.003091108,0.002972896,0.002859192,0.002749824,0.002644629,0.002543448,0.002446128,0.002352523,0.002262493,0.002175900,0.002092614,0.002012510,0.001935466,0.001861731,0.001792908,0.001730692,0.001676537,0.001631735,0.001597511,0.001575164,0.001566133,0.001572119,0.001595251,0.001637528,0.001698559,0.001777527,0.001873735,0.001986406,0.002114372,0.002255410,0.002406306,0.002562766,0.002719263,0.002870156,0.003013713,0.003149529,0.003277497,0.003397792,0.003511331,0.003621256,0.003731716,0.003847413,0.003973643,0.004115454,0.004274716,0.004452558,0.004650256,0.004869242,0.005110262,0.005370505,0.005645451,0.005929465,0.006215673,0.006496556,0.006766151,0.007018572,0.007247524,0.007446458,0.007610894,0.007745326,0.007857330,0.007955258,0.008048041,0.008145016,0.008255744,0.008390279,0.008559444,0.008775181,0.009047896,0.009376694,0.009757530,0.010185813,0.010656024,0.011161646,0.011695810,0.012250363,0.012815406,0.013379184,0.013929733,0.014460479,0.014966232,0.015441707,0.015881602,0.016281736,0.016642459,0.016965843,0.017254605,0.017512027,0.017745968,0.017981441,0.018249033,0.018581210,0.019013141,0.019581067,0.020314357,0.021245389,0.022414455,0.023872384,0.025672154,0.027830057,0.030348506,0.033221685,0.036430293,0.036430293,0.036430293,0.036430293,0.036430293,0.036430293,0.036430293,0.036430293,0.036430293,0.036430293,0.036430293,0.036430293,0.036430293,0.036430293,0.036430293,0.036430293,0.036430293,0.036430293,0.036430293,0.036430293,0.036430293,0.036430293,0.036430293,0.036430293,0.036430293,0.036430293,0.036430293,0.036430293,0.036430293,0.036430293,0.036430293,0.036430293,0.036430293,0.036430293,0.036430293,0.036430293,0.036430293,0.036430293,0.036430293,0.036430293,0.036430293,0.036430293,0.036430293,0.036430293,0.036430293,0.036430293,0.036430293,0.036430293,0.036430293,0.036430293,0.036430293,0.036430293,0.036430293,0.036430293,0.036430293,0.036430293,0.036430293,0.036430293,0.036430293,0.036430293,0.036430293,0.036430293,0.036430293,0.036430293,0.036430293,0.036430293,0.036430293,0.036430293,0.036430293,0.036430293,0.036430293,0.036430293,0.036430293,0.036430293,0.036430293,0.036430293,0.036430293,0.036430293,0.036430293,0.036430293,0.036430293,0.036430293,0.036430293,0.036430293,0.036430293,0.036430293,0.036430293,0.036430293,0.036430293,0.036430293,0.036430293,0.036430293,0.036430293,0.036430293,0.036430293,0.036430293,0.036430293,0.036430293,0.036430293,0.036430293,0.036430293,0.036430293,0.036430293,0.036430293,0.036430293,0.036430293
0,0,16,0.003474816,0.003474816,0.003474816,0.003474816,0.003474816,0.003474816,0.003474816,0.003474816,0.003474816,0.003474816,0.003474816,0.003474816,0.003474816,0.003474816,0.003474816,0.003474816,0.003474816,0.003474816,0.003474816,0.003474816,0.003474816,0.003474816,0.003474816,0.003474816,0.003474816,0.003474816,0.003474816,0.003341979,0.003214204,0.003091299,0.002973079,0.002859368,0.002749994,0.002644792,0.002543605,0.002446279,0.002352669,0.002262632,0.002176034,0.002092743,0.002012634,0.001935965,0.001864403,0.001799710,0.001743399,0.001696814,0.001661213,0.001637893,0.001628337,0.001634311,0.001658019,0.001701525,0.001764398,0.001845765,0.001944867,0.002060864,0.002192637,0.002338449,0.002495228,0.002658673,0.002823215,0.002983148,0.003136805,0.003283883,0.003424367,0.003558530,0.003686919,0.003810849,0.003934021,0.004061229,0.004197909,0.004349230,0.004516970,0.004702078,0.004905605,0.005128705,0.005372636,0.005637830,0.005920721,0.006215800,0.006516309,0.006814830,0.007105558,0.007382716,0.007640015,0.007870779,0.008068117,0.008227433,0.008353841,0.008455718,0.008542199,0.008622892,0.008707568,0.008806326,0.008929760,0.009089180,0.009296980,0.009563804,0.009888285,0.010265745,0.010690969,0.011158102,0.011661256,0.012193517,0.012746441,0.013309861,0.013871773,0.014420035,0.014948150,0.015451065,0.015923640,0.016361771,0.016765842,0.017137926,0.017480725,0.017797507,0.018092035,0.018372741,0.018665856,0.019003673,0.019420930,0.019952750,0.020626160,0.021469861,0.022518776,0.023816101,0.025416016,0.027374647,0.029708448,0.032418173,0.035494836,0.038916832,0.038916832,0.038916832,0.038916832,0.038916832,0.038916832,0.038916832,0.038916832,0.038916832,0.038916832,0.038916832,0.038916832,0.038916832,0.038916832,0.038916832,0.038916832,0.038916832,0.038916832,0.038916832,0.038916832,0.038916832,0.038916832,0.038916832,0.038916832,0.038916832,0.038916832,0.038916832,0.038916832,0.038916832,0.038916832,0.038916832,0.038916832,0.038916832,0.038916832,0.038916832,0.038916832,0.038916832,0.038916832,0.038916832,0.038916832,0.038916832,0.038916832,0.038916832,0.038916832,0.038916832,0.038916832,0.038916832,0.038916832,0.038916832,0.038916832,0.038916832,0.038916832,0.038916832,0.038916832,0.038916832,0.038916832,0.038916832,0.038916832,0.038916832,0.038916832,0.038916832,0.038916832,0.038916832,0.038916832,0.038916832,0.038916832,0.038916832,0.038916832,0.038916832,0.038916832,0.038916832,0.038916832,0.038916832,0.038916832,0.038916832,0.038916832,0.038916832,0.038916832,0.038916832,0.038916832,0.038916832,0.038916832,0.038916832,0.038916832,0.038916832,0.038916832,0.038916832,0.038916832,0.038916832,0.038916832,0.038916832,0.038916832,0.038916832,0.038916832,0.038916832,0.038916832,0.038916832,0.038916832,0.038916832,0.038916832,0.038916832,0.038916832,0.038916832,0.038916832,0.038916832,0.038916832
0,0,17,0.003475031,0.003475031,0.003475031,0.003475031,0.003475031,0.003475031,0.003475031,0.003475031,0.003475031,0.003475031,0.003475031,0.003475031,0.003475031,0.003475031,0.003475031,0.003475031,0.003475031,0.003475031,0.003475031,0.003475031,0.003475031,0.003475031,0.003475031,0.003475031,0.003475031,0.003475031,0.003475031,0.003342185,0.003214402,0.003091490,0.002973263,0.002859545,0.002750164,0.002644955,0.002543762,0.002446430,0.002352814,0.002262772,0.002176169,0.002092873,0.002013153,0.001938743,0.001871475,0.001812924,0.001764483,0.001727466,0.001703203,0.001693180,0.001699219,0.001723604,0.001768468,0.001833343,0.001917299,0.002019515,0.002139085,0.002274808,0.002424989,0.002587074,0.002756895,0.002928841,0.003097156,0.003260260,0.003417972,0.003570402,0.003717946,0.003861282,0.004001355,0.004139920,0.004281321,0.004431117,0.004594596,0.004773444,0.004968430,0.005180382,0.005410183,0.005658770,0.005927129,0.006215262,0.006518697,0.006830788,0.007144237,0.007453444,0.007752810,0.008036141,0.008296741,0.008527558,0.008721368,0.008873485,0.008989699,0.009079245,0.009152021,0.009218143,0.009288000,0.009372305,0.009482196,0.009629469,0.009826949,0.010085500,0.010403239,0.010774822,0.011194674,0.011657555,0.012157510,0.012687322,0.013238271,0.013799933,0.014360064,0.014906362,0.015432407,0.015933286,0.016405058,0.016848216,0.017264917,0.017657937,0.018030612,0.018386793,0.018730799,0.019071761,0.019437391,0.019862099,0.020380273,0.021017255,0.021799006,0.022756390,0.023926785,0.025356188,0.027101996,0.029223225,0.031735894,0.034638315,0.037920038,0.041565767,0.041565767,0.041565767,0.041565767,0.041565767,0.041565767,0.041565767,0.041565767,0.041565767,0.041565767,0.041565767,0.041565767,0.041565767,0.041565767,0.041565767,0.041565767,0.041565767,0.041565767,0.041565767,0.041565767,0.041565767,0.041565767,0.041565767,0.041565767,0.041565767,0.041565767,0.041565767,0.041565767,0.041565767,0.041565767,0.041565767,0.041565767,0.041565767,0.041565767,0.041565767,0.041565767,0.041565767,0.041565767,0.041565767,0.041565767,0.041565767,0.041565767,0.041565767,0.041565767,0.041565767,0.041565767,0.041565767,0.041565767,0.041565767,0.041565767,0.041565767,0.041565767,0.041565767,0.041565767,0.041565767,0.041565767,0.041565767,0.041565767,0.041565767,0.041565767,0.041565767,0.041565767,0.041565767,0.041565767,0.041565767,0.041565767,0.041565767,0.041565767,0.041565767,0.041565767,0.041565767,0.041565767,0.041565767,0.041565767,0.041565767,0.041565767,0.041565767,0.041565767,0.041565767,0.041565767,0.041565767,0.041565767,0.041565767,0.041565767,0.041565767,0.041565767,0.041565767,0.041565767,0.041565767,0.041565767,0.041565767,0.041565767,0.041565767,0.041565767,0.041565767,0.041565767,0.041565767,0.041565767,0.041565767,0.041565767,0.041565767,0.041565767,0.041565767,0.041565767,0.041565767,0.041565767
0,0,18,0.003475245,0.003475245,0.003475245,0.003475245,0.003475245,0.003475245,0.003475245,0.003475245,0.003475245,0.003475245,0.003475245,0.003475245,0.003475245,0.003475245,0.003475245,0.003475245,0.003475245,0.003475245,0.003475245,0.003475245,0.003475245,0.003475245,0.003475245,0.003475245,0.003475245,0.003475245,0.003475245,0.003342392,0.003214601,0.003091680,0.002973446,0.002859721,0.002750333,0.002645119,0.002543919,0.002446581,0.002352959,0.002262912,0.002176303,0.002093412,0.002016042,0.001946097,0.001885215,0.001834847,0.001796356,0.001771127,0.001760690,0.001766879,0.001792052,0.001838413,0.001905462,0.001992207,0.002097769,0.002221171,0.002361130,0.002515845,0.002682790,0.002858345,0.003037013,0.003212998,0.003384823,0.003552453,0.003716147,0.003876453,0.004034206,0.004190525,0.004346805,0.004505315,0.004671160,0.004849733,0.005042621,0.005250403,0.005473679,0.005713061,0.005969165,0.006242609,0.006533997,0.006842782,0.007163438,0.007488791,0.007813477,0.008132126,0.008438712,0.008726617,0.008988741,0.009217663,0.009405839,0.009548516,0.009652218,0.009727030,0.009783438,0.009832272,0.009884628,0.009951844,0.010045610,0.010178197,0.010362849,0.010610614,0.010919059,0.011282433,0.011695745,0.012153654,0.012649876,0.013176902,0.013725743,0.014285732,0.014844400,0.015389286,0.015914055,0.016414991,0.016892768,0.017349700,0.017788712,0.018213294,0.018627470,0.019035762,0.019443171,0.019859734,0.020315003,0.020842770,0.021467088,0.022211835,0.023104792,0.024178888,0.025473843,0.027038309,0.028932709,0.031218621,0.033910947,0.037007240,0.040503984,0.044386679,0.044386679,0.044386679,0.044386679,0.044386679,0.044386679,0.044386679,0.044386679,0.044386679,0.044386679,0.044386679,0.044386679,0.044386679,0.044386679,0.044386679,0.044386679,0.044386679,0.044386679,0.044386679,0.044386679,0.044386679,0.044386679,0.044386679,0.044386679,0.044386679,0.044386679,0.044386679,0.044386679,0.044386679,0.044386679,0.044386679,0.044386679,0.044386679,0.044386679,0.044386679,0.044386679,0.044386679,0.044386679,0.044386679,0.044386679,0.044386679,0.044386679,0.044386679,0.044386679,0.044386679,0.044386679,0.044386679,0.044386679,0.044386679,0.044386679,0.044386679,0.044386679,0.044386679,0.044386679,0.044386679,0.044386679,0.044386679,0.044386679,0.044386679,0.044386679,0.044386679,0.044386679,0.044386679,0.044386679,0.044386679,0.044386679,0.044386679,0.044386679,0.044386679,0.044386679,0.044386679,0.044386679,0.044386679,0.044386679,0.044386679,0.044386679,0.044386679,0.044386679,0.044386679,0.044386679,0.044386679,0.044386679,0.044386679,0.044386679,0.044386679,0.044386679,0.044386679,0.044386679,0.044386679,0.044386679,0.044386679,0.044386679,0.044386679,0.044386679,0.044386679,0.044386679,0.044386679,0.044386679,0.044386679,0.044386679,0.044386679,0.044386679,0.044386679,0.044386679,0.044386679,0.044386679
0,0,19,0.003475459,0.003475459,0.003475459,0.003475459,0.003475459,0.003475459,0.003475459,0.003475459,0.003475459,0.003475459,0.003475459,0.003475459,0.003475459,0.003475459,0.003475459,0.003475459,0.003475459,0.003475459,0.003475459,0.003475459,0.003475459,0.003475459,0.003475459,0.003475459,0.003475459,0.003475459,0.003475459,0.003342598,0.003214799,0.003091871,0.002973630,0.002859898,0.002750503,0.002645282,0.002544076,0.002446732,0.002353105,0.002263052,0.002176864,0.002096416,0.002023688,0.001960384,0.001908011,0.001867988,0.001841755,0.001830903,0.001837323,0.001863402,0.001911411,0.001980816,0.002070563,0.002179713,0.002307221,0.002451716,0.002611289,0.002783278,0.002964068,0.003148739,0.003331631,0.003511387,0.003688139,0.003862315,0.004034641,0.004206139,0.004378130,0.004552232,0.004730373,0.004915449,0.005112337,0.005322504,0.005546326,0.005784160,0.006036333,0.006303138,0.006584817,0.006881555,0.007193465,0.007519334,0.007853232,0.008190041,0.008524660,0.008851287,0.009163458,0.009454130,0.009715803,0.009940693,0.010120953,0.010251793,0.010340457,0.010397702,0.010434831,0.010463492,0.010495511,0.010542867,0.010617797,0.010733044,0.010902245,0.011136600,0.011433386,0.011787385,0.012193449,0.012645865,0.013138030,0.013662146,0.014208969,0.014767598,0.015325348,0.015869610,0.016395188,0.016902991,0.017395555,0.017876020,0.018348106,0.018816084,0.019284766,0.019759499,0.020246173,0.020756011,0.021317550,0.021953696,0.022686643,0.023541754,0.024548522,0.025741817,0.027163552,0.028864848,0.030908900,0.033359445,0.036231995,0.039531542,0.043256090,0.047389570,0.047389570,0.047389570,0.047389570,0.047389570,0.047389570,0.047389570,0.047389570,0.047389570,0.047389570,0.047389570,0.047389570,0.047389570,0.047389570,0.047389570,0.047389570,0.047389570,0.047389570,0.047389570,0.047389570,0.047389570,0.047389570,0.047389570,0.047389570,0.047389570,0.047389570,0.047389570,0.047389570,0.047389570,0.047389570,0.047389570,0.047389570,0.047389570,0.047389570,0.047389570,0.047389570,0.047389570,0.047389570,0.047389570,0.047389570,0.047389570,0.047389570,0.047389570,0.047389570,0.047389570,0.047389570,0.047389570,0.047389570,0.047389570,0.047389570,0.047389570,0.047389570,0.047389570,0.047389570,0.047389570,0.047389570,0.047389570,0.047389570,0.047389570,0.047389570,0.047389570,0.047389570,0.047389570,0.047389570,0.047389570,0.047389570,0.047389570,0.047389570,0.047389570,0.047389570,0.047389570,0.047389570,0.047389570,0.047389570,0.047389570,0.047389570,0.047389570,0.047389570,0.047389570,0.047389570,0.047389570,0.047389570,0.047389570,0.047389570,0.047389570,0.047389570,0.047389570,0.047389570,0.047389570,0.047389570,0.047389570,0.047389570,0.047389570,0.047389570,0.047389570,0.047389570,0.047389570,0.047389570,0.047389570,0.047389570,0.047389570,0.047389570,0.047389570,0.047389570,0.047389570,0.047389570
0,0,20,0.003475674,0.003475674,0.003475674,0.003475674,0.003475674,0.003475674,0.003475674,0.003475674,0.003475674,0.003475674,0.003475674,0.003475674,0.003475674,0.003475674,0.003475674,0.003475674,0.003475674,0.003475674,0.003475674,0.003475674,0.003475674,0.003475674,0.003475674,0.003475674,0.003475674,0.003475674,0.003475674,0.003342804,0.003214997,0.003092062,0.002973813,0.002860074,0.002750673,0.002645445,0.002544233,0.002446883,0.002353250,0.002263635,0.002179987,0.002104367,0.002038543,0.001984087,0.001942471,0.001915194,0.001903910,0.001910585,0.001937686,0.001987504,0.002059456,0.002152431,0.002265427,0.002397327,0.002546674,0.002711447,0.002888839,0.003075059,0.003265167,0.003454157,0.003640996,0.003826001,0.004009788,0.004193283,0.004377721,0.004564653,0.004755953,0.004953837,0.005160889,0.005379574,0.005610564,0.005854003,0.006109982,0.006378524,0.006659576,0.006952994,0.007258532,0.007575834,0.007904413,0.008243114,0.008588312,0.008935191,0.009278210,0.009611123,0.009927025,0.010218447,0.010477494,0.010696033,0.010865929,0.010982310,0.011052952,0.011089536,0.011104301,0.011109748,0.011118458,0.011143059,0.011196338,0.011291489,0.011442521,0.011661054,0.011945013,0.012288940,0.012687252,0.013133867,0.013621862,0.014143164,0.014688284,0.015246096,0.015803708,0.016349422,0.016882609,0.017406077,0.017923240,0.018438108,0.018955271,0.019479903,0.020017778,0.020575291,0.021159514,0.021779838,0.022453201,0.023200240,0.024044292,0.025012090,0.026134704,0.027448800,0.028998299,0.030836552,0.033029209,0.035644137,0.038705542,0.042220481,0.046186190,0.050584862,0.050584862,0.050584862,0.050584862,0.050584862,0.050584862,0.050584862,0.050584862,0.050584862,0.050584862,0.050584862,0.050584862,0.050584862,0.050584862,0.050584862,0.050584862,0.050584862,0.050584862,0.050584862,0.050584862,0.050584862,0.050584862,0.050584862,0.050584862,0.050584862,0.050584862,0.050584862,0.050584862,0.050584862,0.050584862,0.050584862,0.050584862,0.050584862,0.050584862,0.050584862,0.050584862,0.050584862,0.050584862,0.050584862,0.050584862,0.050584862,0.050584862,0.050584862,0.050584862,0.050584862,0.050584862,0.050584862,0.050584862,0.050584862,0.050584862,0.050584862,0.050584862,0.050584862,0.050584862,0.050584862,0.050584862,0.050584862,0.050584862,0.050584862,0.050584862,0.050584862,0.050584862,0.050584862,0.050584862,0.050584862,0.050584862,0.050584862,0.050584862,0.050584862,0.050584862,0.050584862,0.050584862,0.050584862,0.050584862,0.050584862,0.050584862,0.050584862,0.050584862,0.050584862,0.050584862,0.050584862,0.050584862,0.050584862,0.050584862,0.050584862,0.050584862,0.050584862,0.050584862,0.050584862,0.050584862,0.050584862,0.050584862,0.050584862,0.050584862,0.050584862,0.050584862,0.050584862,0.050584862,0.050584862,0.050584862,0.050584862,0.050584862,0.050584862,0.050584862,0.050584862,0.050584862
0,0,21,0.003475888,0.003475888,0.003475888,0.003475888,0.003475888,0.003475888,0.003475888,0.003475888,0.003475888,0.003475888,0.003475888,0.003475888,0.003475888,0.003475888,0.003475888,0.003475888,0.003475888,0.003475888,0.003475888,0.003475888,0.003475888,0.003475888,0.003475888,0.003475888,0.003475888,0.003475888,0.003475888,0.003343010,0.003215196,0.003092253,0.002973997,0.002860251,0.002750843,0.002645609,0.002544390,0.002447034,0.002353856,0.002266882,0.002188254,0.002119812,0.002063189,0.002019918,0.001991555,0.001979822,0.001986763,0.002014942,0.002066725,0.002141431,0.002237870,0.002354981,0.002491576,0.002646107,0.002816437,0.002999610,0.003191651,0.003387395,0.003581838,0.003774857,0.003967177,0.004159622,0.004353338,0.004549792,0.004750790,0.004958492,0.005175437,0.005404580,0.005648057,0.005903690,0.006170649,0.006448723,0.006737600,0.007036848,0.007345909,0.007664088,0.007990538,0.008324256,0.008664935,0.009014357,0.009369356,0.009724675,0.010074323,0.010411601,0.010729159,0.011019105,0.011273158,0.011482848,0.011639693,0.011738506,0.011787866,0.011800509,0.011789664,0.011768719,0.011751028,0.011749879,0.011778601,0.011850823,0.011981207,0.012182743,0.012453190,0.012786560,0.013176829,0.013617547,0.014101482,0.014620293,0.015164252,0.015722022,0.016281560,0.016835506,0.017385099,0.017934076,0.018486785,0.019048194,0.019623903,0.020220179,0.020844006,0.021503153,0.022202793,0.022939540,0.023727419,0.024587851,0.025545193,0.026627407,0.027866995,0.029302234,0.030978828,0.032952066,0.035292110,0.038079138,0.041340715,0.045083736,0.049304542,0.053983390,0.053983390,0.053983390,0.053983390,0.053983390,0.053983390,0.053983390,0.053983390,0.053983390,0.053983390,0.053983390,0.053983390,0.053983390,0.053983390,0.053983390,0.053983390,0.053983390,0.053983390,0.053983390,0.053983390,0.053983390,0.053983390,0.053983390,0.053983390,0.053983390,0.053983390,0.053983390,0.053983390,0.053983390,0.053983390,0.053983390,0.053983390,0.053983390,0.053983390,0.053983390,0.053983390,0.053983390,0.053983390,0.053983390,0.053983390,0.053983390,0.053983390,0.053983390,0.053983390,0.053983390,0.053983390,0.053983390,0.053983390,0.053983390,0.053983390,0.053983390,0.053983390,0.053983390,0.053983390,0.053983390,0.053983390,0.053983390,0.053983390,0.053983390,0.053983390,0.053983390,0.053983390,0.053983390,0.053983390,0.053983390,0.053983390,0.053983390,0.053983390,0.053983390,0.053983390,0.053983390,0.053983390,0.053983390,0.053983390,0.053983390,0.053983390,0.053983390,0.053983390,0.053983390,0.053983390,0.053983390,0.053983390,0.053983390,0.053983390,0.053983390,0.053983390,0.053983390,0.053983390,0.053983390,0.053983390,0.053983390,0.053983390,0.053983390,0.053983390,0.053983390,0.053983390,0.053983390,0.053983390,0.053983390,0.053983390,0.053983390,0.053983390,0.053983390,0.053983390,0.053983390,0.053983390
0,0,22,0.003476102,0.003476102,0.003476102,0.003476102,0.003476102,0.003476102,0.003476102,0.003476102,0.003476102,0.003476102,0.003476102,0.003476102,0.003476102,0.003476102,0.003476102,0.003476102,0.003476102,0.003476102,0.003476102,0.003476102,0.003476102,0.003476102,0.003476102,0.003476102,0.003476102,0.003476102,0.003476102,0.003343216,0.003215394,0.003092444,0.002974180,0.002860427,0.002751012,0.002645772,0.002544547,0.002447665,0.002357233,0.002275478,0.002204314,0.002145439,0.002100446,0.002070955,0.002058755,0.002065972,0.002095272,0.002149116,0.002226773,0.002326929,0.002448441,0.002590048,0.002750110,0.002926371,0.003115723,0.003313995,0.003515787,0.003715876,0.003914346,0.004112980,0.004313056,0.004515952,0.004723390,0.004937452,0.005160606,0.005395744,0.005646229,0.005914615,0.006198167,0.006492846,0.006797318,0.007110888,0.007432706,0.007761759,0.008096860,0.008436646,0.008779567,0.009124801,0.009475268,0.009833761,0.010196806,0.010558688,0.010912954,0.011252445,0.011569366,0.011855407,0.012101908,0.012299997,0.012440585,0.012518425,0.012543042,0.012528297,0.012488454,0.012437820,0.012390542,0.012360569,0.012361763,0.012408490,0.012517037,0.012700904,0.012957374,0.013279917,0.013662070,0.014097018,0.014577225,0.015094091,0.015637663,0.016197445,0.016765661,0.017336619,0.017912473,0.018497955,0.019098450,0.019720037,0.020369537,0.021054582,0.021783717,0.022562985,0.023384477,0.024240673,0.025145750,0.026121774,0.027193978,0.028391404,0.029747803,0.031302852,0.033103769,0.035209874,0.037704002,0.040673467,0.044147057,0.048131410,0.052621820,0.057596396,0.057596396,0.057596396,0.057596396,0.057596396,0.057596396,0.057596396,0.057596396,0.057596396,0.057596396,0.057596396,0.057596396,0.057596396,0.057596396,0.057596396,0.057596396,0.057596396,0.057596396,0.057596396,0.057596396,0.057596396,0.057596396,0.057596396,0.057596396,0.057596396,0.057596396,0.057596396,0.057596396,0.057596396,0.057596396,0.057596396,0.057596396,0.057596396,0.057596396,0.057596396,0.057596396,0.057596396,0.057596396,0.057596396,0.057596396,0.057596396,0.057596396,0.057596396,0.057596396,0.057596396,0.057596396,0.057596396,0.057596396,0.057596396,0.057596396,0.057596396,0.057596396,0.057596396,0.057596396,0.057596396,0.057596396,0.057596396,0.057596396,0.057596396,0.057596396,0.057596396,0.057596396,0.057596396,0.057596396,0.057596396,0.057596396,0.057596396,0.057596396,0.057596396,0.057596396,0.057596396,0.057596396,0.057596396,0.057596396,0.057596396,0.057596396,0.057596396,0.057596396,0.057596396,0.057596396,0.057596396,0.057596396,0.057596396,0.057596396,0.057596396,0.057596396,0.057596396,0.057596396,0.057596396,0.057596396,0.057596396,0.057596396,0.057596396,0.057596396,0.057596396,0.057596396,0.057596396,0.057596396,0.057596396,0.057596396,0.057596396,0.057596396,0.057596396,0.057596396,0.057596396,0.057596396
0,0,23,0.003476317,0.003476317,0.003476317,0.003476317,0.003476317,0.003476317,0.003476317,0.003476317,0.003476317,0.003476317,0.003476317,0.003476317,0.003476317,0.003476317,0.003476317,0.003476317,0.003476317,0.003476317,0.003476317,0.003476317,0.003476317,0.003476317,0.003476317,0.003476317,0.003476317,0.003476317,0.003476317,0.003343423,0.003215592,0.003092634,0.002974364,0.002860604,0.002751182,0.002645935,0.002545203,0.002451175,0.002366170,0.002292177,0.002230960,0.002184177,0.002153514,0.002140829,0.002148333,0.002178798,0.002234783,0.002315529,0.002419646,0.002545858,0.002692811,0.002858770,0.003041356,0.003237302,0.003442235,0.003650511,0.003856671,0.004060776,0.004264909,0.004471513,0.004682467,0.004899759,0.005125765,0.005363283,0.005615580,0.005886458,0.006178927,0.006490518,0.006816509,0.007152001,0.007495007,0.007844202,0.008198060,0.008554855,0.008912651,0.009269314,0.009623475,0.009977707,0.010336132,0.010701782,0.011070858,0.011437174,0.011793805,0.012133128,0.012446904,0.012726410,0.012962533,0.013145718,0.013266525,0.013319773,0.013316009,0.013270279,0.013197929,0.013114215,0.013034091,0.012972167,0.012943158,0.012963179,0.013049229,0.013214983,0.013457232,0.013768902,0.014143086,0.014572613,0.015049649,0.015565347,0.016110577,0.016679088,0.017264731,0.017862549,0.018475686,0.019109982,0.019772031,0.020469248,0.021209970,0.022003573,0.022857054,0.023763374,0.024710209,0.025688877,0.026713524,0.027806713,0.028994391,0.030306502,0.031777846,0.033449252,0.035371592,0.037616365,0.040273844,0.043436567,0.047134536,0.051374023,0.056149107,0.061435510,0.061435510,0.061435510,0.061435510,0.061435510,0.061435510,0.061435510,0.061435510,0.061435510,0.061435510,0.061435510,0.061435510,0.061435510,0.061435510,0.061435510,0.061435510,0.061435510,0.061435510,0.061435510,0.061435510,0.061435510,0.061435510,0.061435510,0.061435510,0.061435510,0.061435510,0.061435510,0.061435510,0.061435510,0.061435510,0.061435510,0.061435510,0.061435510,0.061435510,0.061435510,0.061435510,0.061435510,0.061435510,0.061435510,0.061435510,0.061435510,0.061435510,0.061435510,0.061435510,0.061435510,0.061435510,0.061435510,0.061435510,0.061435510,0.061435510,0.061435510,0.061435510,0.061435510,0.061435510,0.061435510,0.061435510,0.061435510,0.061435510,0.061435510,0.061435510,0.061435510,0.061435510,0.061435510,0.061435510,0.061435510,0.061435510,0.061435510,0.061435510,0.061435510,0.061435510,0.061435510,0.061435510,0.061435510,0.061435510,0.061435510,0.061435510,0.061435510,0.061435510,0.061435510,0.061435510,0.061435510,0.061435510,0.061435510,0.061435510,0.061435510,0.061435510,0.061435510,0.061435510,0.061435510,0.061435510,0.061435510,0.061435510,0.061435510,0.061435510,0.061435510,0.061435510,0.061435510,0.061435510,0.061435510,0.061435510,0.061435510,0.061435510,0.061435510,0.061435510,0.061435510,0.061435510
0,0,24,0.003476531,0.003476531,0.003476531,0.003476531,0.003476531,0.003476531,0.003476531,0.003476531,0.003476531,0.003476531,0.003476531,0.003476531,0.003476531,0.003476531,0.003476531,0.003476531,0.003476531,0.003476531,0.003476531,0.003476531,0.003476531,0.003476531,0.003476531,0.003476531,0.003476531,0.003476531,0.003476531,0.003343629,0.003215791,0.003092825,0.002974548,0.002860780,0.002751352,0.002646617,0.002548853,0.002460469,0.002383533,0.002319882,0.002271239,0.002239356,0.002226166,0.002233969,0.002265646,0.002323857,0.002407814,0.002516070,0.002647276,0.002799924,0.002972163,0.003161487,0.003364463,0.003576509,0.003791723,0.004004404,0.004214584,0.004424395,0.004636625,0.004854430,0.005080353,0.005317078,0.005567747,0.005836021,0.006126164,0.006441673,0.006780390,0.007137816,0.007508274,0.007885806,0.008267603,0.008651559,0.009035331,0.009416352,0.009791835,0.010159815,0.010522498,0.010883719,0.011247993,0.011618611,0.011991440,0.012359809,0.012716313,0.013052863,0.013360776,0.013630833,0.013853169,0.014017807,0.014115077,0.014139921,0.014103977,0.014023539,0.013915078,0.013794825,0.013678553,0.013581875,0.013521420,0.013514080,0.013577212,0.013724641,0.013952653,0.014253625,0.014620212,0.015044889,0.015519539,0.016036110,0.016589680,0.017175626,0.017788520,0.018424221,0.019086991,0.019783961,0.020523176,0.021313706,0.022165805,0.023087487,0.024072702,0.025110034,0.026185711,0.027289566,0.028435518,0.029646456,0.030948867,0.032373400,0.033955674,0.035739867,0.037788703,0.040180483,0.043011013,0.046378299,0.050313540,0.054822510,0.059897883,0.065512733,0.065512733,0.065512733,0.065512733,0.065512733,0.065512733,0.065512733,0.065512733,0.065512733,0.065512733,0.065512733,0.065512733,0.065512733,0.065512733,0.065512733,0.065512733,0.065512733,0.065512733,0.065512733,0.065512733,0.065512733,0.065512733,0.065512733,0.065512733,0.065512733,0.065512733,0.065512733,0.065512733,0.065512733,0.065512733,0.065512733,0.065512733,0.065512733,0.065512733,0.065512733,0.065512733,0.065512733,0.065512733,0.065512733,0.065512733,0.065512733,0.065512733,0.065512733,0.065512733,0.065512733,0.065512733,0.065512733,0.065512733,0.065512733,0.065512733,0.065512733,0.065512733,0.065512733,0.065512733,0.065512733,0.065512733,0.065512733,0.065512733,0.065512733,0.065512733,0.065512733,0.065512733,0.065512733,0.065512733,0.065512733,0.065512733,0.065512733,0.065512733,0.065512733,0.065512733,0.065512733,0.065512733,0.065512733,0.065512733,0.065512733,0.065512733,0.065512733,0.065512733,0.065512733,0.065512733,0.065512733,0.065512733,0.065512733,0.065512733,0.065512733,0.065512733,0.065512733,0.065512733,0.065512733,0.065512733,0.065512733,0.065512733,0.065512733,0.065512733,0.065512733,0.065512733,0.065512733,0.065512733,0.065512733,0.065512733,0.065512733,0.065512733,0.065512733,0.065512733,0.065512733,0.065512733
0,0,25,0.003476746,0.003476746,0.003476746,0.003476746,0.003476746,0.003476746,0.003476746,0.003476746,0.003476746,0.003476746,0.003476746,0.003476746,0.003476746,0.003476746,0.003476746,0.003476746,0.003476746,0.003476746,0.003476746,0.003476746,0.003476746,0.003476746,0.003476746,0.003476746,0.003476746,0.003476746,0.003476746,0.003343835,0.003215989,0.003093016,0.002974731,0.002860957,0.002752061,0.002650412,0.002558515,0.002478522,0.002412340,0.002361763,0.002328612,0.002314898,0.002323011,0.002355948,0.002416473,0.002503768,0.002616327,0.002752746,0.002911433,0.003090354,0.003286848,0.003497311,0.003716945,0.003939576,0.004159249,0.004375967,0.004591912,0.004809944,0.005033610,0.005266852,0.005512969,0.005775460,0.006058397,0.006366519,0.006703836,0.007068531,0.007456379,0.007861931,0.008278329,0.008698334,0.009118138,0.009534701,0.009944729,0.010344705,0.010731991,0.011108380,0.011477405,0.011843310,0.012211039,0.012584161,0.012958201,0.013325993,0.013679643,0.014010595,0.014309629,0.014566710,0.014771488,0.014913686,0.014983451,0.014975903,0.014903845,0.014784878,0.014636635,0.014476349,0.014320981,0.014188264,0.014095706,0.014060603,0.014100641,0.014229764,0.014443750,0.014734424,0.015094007,0.015514633,0.015988939,0.016513035,0.017083603,0.017696760,0.018347908,0.019033856,0.019760175,0.020535550,0.021369809,0.022274110,0.023257522,0.024315086,0.025436435,0.026608759,0.027816474,0.029047584,0.030315567,0.031643455,0.033058081,0.034590585,0.036279668,0.038181149,0.040364075,0.042911591,0.045925308,0.049508949,0.053694871,0.058488204,0.063880005,0.069840409,0.069840409,0.069840409,0.069840409,0.069840409,0.069840409,0.069840409,0.069840409,0.069840409,0.069840409,0.069840409,0.069840409,0.069840409,0.069840409,0.069840409,0.069840409,0.069840409,0.069840409,0.069840409,0.069840409,0.069840409,0.069840409,0.069840409,0.069840409,0.069840409,0.069840409,0.069840409,0.069840409,0.069840409,0.069840409,0.069840409,0.069840409,0.069840409,0.069840409,0.069840409,0.069840409,0.069840409,0.069840409,0.069840409,0.069840409,0.069840409,0.069840409,0.069840409,0.069840409,0.069840409,0.069840409,0.069840409,0.069840409,0.069840409,0.069840409,0.069840409,0.069840409,0.069840409,0.069840409,0.069840409,0.069840409,0.069840409,0.069840409,0.069840409,0.069840409,0.069840409,0.069840409,0.069840409,0.069840409,0.069840409,0.069840409,0.069840409,0.069840409,0.069840409,0.069840409,0.069840409,0.069840409,0.069840409,0.069840409,0.069840409,0.069840409,0.069840409,0.069840409,0.069840409,0.069840409,0.069840409,0.069840409,0.069840409,0.069840409,0.069840409,0.069840409,0.069840409,0.069840409,0.069840409,0.069840409,0.069840409,0.069840409,0.069840409,0.069840409,0.069840409,0.069840409,0.069840409,0.069840409,0.069840409,0.069840409,0.069840409,0.069840409,0.069840409,0.069840409,0.069840409,0.069840409
0,0,26,0.003476960,0.003476960,0.003476960,0.003476960,0.003476960,0.003476960,0.003476960,0.003476960,0.003476960,0.003476960,0.003476960,0.003476960,0.003476960,0.003476960,0.003476960,0.003476960,0.003476960,0.003476960,0.003476960,0.003476960,0.003476960,0.003476960,0.003476960,0.003476960,0.003476960,0.003476960,0.003476960,0.003344041,0.003216188,0.003093207,0.002974915,0.002861694,0.002756007,0.002660458,0.002577286,0.002508474,0.002455886,0.002421417,0.002407158,0.002415593,0.002449839,0.002512771,0.002603535,0.002720567,0.002862406,0.003027396,0.003213393,0.003417509,0.003635940,0.003863657,0.004094209,0.004321371,0.004545114,0.004767675,0.004991986,0.005221690,0.005461171,0.005715258,0.005988137,0.006284299,0.006608975,0.006966698,0.007356017,0.007773023,0.008212544,0.008667940,0.009130928,0.009592752,0.010048425,0.010493827,0.010924599,0.011337336,0.011733344,0.012115805,0.012488679,0.012856664,0.013225163,0.013598051,0.013970501,0.014334839,0.014682680,0.015004894,0.015291388,0.015531585,0.015714768,0.015830403,0.015868501,0.015824426,0.015712213,0.015550827,0.015359100,0.015155670,0.014959867,0.014790447,0.014665402,0.014602391,0.014619397,0.014730469,0.014930866,0.015211864,0.015565260,0.015983887,0.016464485,0.017004715,0.017601995,0.018253316,0.018955067,0.019705205,0.020510879,0.021382683,0.022332684,0.023371033,0.024493935,0.025692188,0.026954103,0.028265104,0.029607403,0.030966811,0.032356134,0.033798354,0.035320446,0.036956371,0.038756339,0.040782133,0.043107101,0.045819473,0.049026952,0.052839215,0.057289736,0.062382827,0.068107686,0.074431196,0.074431196,0.074431196,0.074431196,0.074431196,0.074431196,0.074431196,0.074431196,0.074431196,0.074431196,0.074431196,0.074431196,0.074431196,0.074431196,0.074431196,0.074431196,0.074431196,0.074431196,0.074431196,0.074431196,0.074431196,0.074431196,0.074431196,0.074431196,0.074431196,0.074431196,0.074431196,0.074431196,0.074431196,0.074431196,0.074431196,0.074431196,0.074431196,0.074431196,0.074431196,0.074431196,0.074431196,0.074431196,0.074431196,0.074431196,0.074431196,0.074431196,0.074431196,0.074431196,0.074431196,0.074431196,0.074431196,0.074431196,0.074431196,0.074431196,0.074431196,0.074431196,0.074431196,0.074431196,0.074431196,0.074431196,0.074431196,0.074431196,0.074431196,0.074431196,0.074431196,0.074431196,0.074431196,0.074431196,0.074431196,0.074431196,0.074431196,0.074431196,0.074431196,0.074431196,0.074431196,0.074431196,0.074431196,0.074431196,0.074431196,0.074431196,0.074431196,0.074431196,0.074431196,0.074431196,0.074431196,0.074431196,0.074431196,0.074431196,0.074431196,0.074431196,0.074431196,0.074431196,0.074431196,0.074431196,0.074431196,0.074431196,0.074431196,0.074431196,0.074431196,0.074431196,0.074431196,0.074431196,0.074431196,0.074431196,0.074431196,0.074431196,0.074431196,0.074431196,0.074431196,0.074431196
0,0,27,0.003477175,0.003477175,0.003477175,0.003477175,0.003477175,0.003477175,0.003477175,0.003477175,0.003477175,0.003477175,0.003477175,0.003477175,0.003477175,0.003477175,0.003477175,0.003477175,0.003477175,0.003477175,0.003477175,0.003477175,0.003477175,0.003477175,0.003477175,0.003477175,0.003477175,0.003477175,0.003477175,0.003344248,0.003216386,0.003093398,0.002975681,0.002865796,0.002766452,0.002679975,0.002608428,0.002553751,0.002517912,0.002503085,0.002511856,0.002547464,0.002612897,0.002707267,0.002828949,0.002976422,0.003147962,0.003341342,0.003553527,0.003780426,0.004016748,0.004255749,0.004490922,0.004722206,0.004951888,0.005182982,0.005419230,0.005665136,0.005926022,0.006207753,0.006515591,0.006855265,0.007231843,0.007644254,0.008088928,0.008561022,0.009054170,0.009560279,0.010069376,0.010570945,0.011058651,0.011527171,0.011972202,0.012394463,0.012796713,0.013182578,0.013556495,0.013923651,0.014289951,0.014659594,0.015027396,0.015385167,0.015723915,0.016033578,0.016303470,0.016522588,0.016679891,0.016764630,0.016766738,0.016681881,0.016525399,0.016317669,0.016079170,0.015831196,0.015594281,0.015387783,0.015230134,0.015139324,0.015133602,0.015227104,0.015414571,0.015686738,0.016036021,0.016459285,0.016954744,0.017520756,0.018155626,0.018857405,0.019623692,0.020453864,0.021357017,0.022346124,0.023432422,0.024613328,0.025880898,0.027224690,0.028631312,0.030084023,0.031562416,0.033049720,0.034557835,0.036109490,0.037734199,0.039477346,0.041394821,0.043552280,0.046027595,0.048914335,0.052326581,0.056380208,0.061109735,0.066518464,0.072593465,0.079298020,0.079298020,0.079298020,0.079298020,0.079298020,0.079298020,0.079298020,0.079298020,0.079298020,0.079298020,0.079298020,0.079298020,0.079298020,0.079298020,0.079298020,0.079298020,0.079298020,0.079298020,0.079298020,0.079298020,0.079298020,0.079298020,0.079298020,0.079298020,0.079298020,0.079298020,0.079298020,0.079298020,0.079298020,0.079298020,0.079298020,0.079298020,0.079298020,0.079298020,0.079298020,0.079298020,0.079298020,0.079298020,0.079298020,0.079298020,0.079298020,0.079298020,0.079298020,0.079298020,0.079298020,0.079298020,0.079298020,0.079298020,0.079298020,0.079298020,0.079298020,0.079298020,0.079298020,0.079298020,0.079298020,0.079298020,0.079298020,0.079298020,0.079298020,0.079298020,0.079298020,0.079298020,0.079298020,0.079298020,0.079298020,0.079298020,0.079298020,0.079298020,0.079298020,0.079298020,0.079298020,0.079298020,0.079298020,0.079298020,0.079298020,0.079298020,0.079298020,0.079298020,0.079298020,0.079298020,0.079298020,0.079298020,0.079298020,0.079298020,0.079298020,0.079298020,0.079298020,0.079298020,0.079298020,0.079298020,0.079298020,0.079298020,0.079298020,0.079298020,0.079298020,0.079298020,0.079298020,0.079298020,0.079298020,0.079298020,0.079298020,0.079298020,0.079298020,0.079298020,0.079298020,0.079298020
0,0,28,0.003477389,0.003477389,0.003477389,0.003477389,0.003477389,0.003477389,0.003477389,0.003477389,0.003477389,0.003477389,0.003477389,0.003477389,0.003477389,0.003477389,0.003477389,0.003477389,0.003477389,0.003477389,0.003477389,0.003477389,0.003477389,0.003477389,0.003477389,0.003477389,0.003477389,0.003477389,0.003477389,0.003344454,0.003216585,0.003094194,0.002979946,0.002876657,0.002786744,0.002712355,0.002655504,0.002618241,0.002602826,0.002611945,0.002648968,0.002717001,0.002815121,0.002941636,0.003094965,0.003273315,0.003474368,0.003694969,0.003930831,0.004176304,0.004424308,0.004668041,0.004907406,0.005144746,0.005383155,0.005626481,0.005879353,0.006147241,0.006436561,0.006754419,0.007107421,0.007501170,0.007934980,0.008405640,0.008908665,0.009438020,0.009985870,0.010542385,0.011095627,0.011633086,0.012146932,0.012631818,0.013087742,0.013516929,0.013922594,0.014308865,0.014680698,0.015043818,0.015404663,0.015767787,0.016127639,0.016475386,0.016801052,0.017093930,0.017342857,0.017536440,0.017663351,0.017712679,0.017674335,0.017544357,0.017339453,0.017081899,0.016795157,0.016501942,0.016223547,0.015979882,0.015789779,0.015671525,0.015643613,0.015720254,0.015895671,0.016161112,0.016512943,0.016949393,0.017469296,0.018071879,0.018756543,0.019522653,0.020369318,0.021297700,0.022319328,0.023446508,0.024677898,0.026006872,0.027424339,0.028918236,0.030473059,0.032069468,0.033683994,0.035296894,0.036918919,0.038575009,0.040306013,0.042162760,0.044204667,0.046501468,0.049135790,0.052206801,0.055835245,0.060143430,0.065166839,0.070907536,0.077350168,0.077350168,0.077350168,0.077350168,0.077350168,0.077350168,0.077350168,0.077350168,0.077350168,0.077350168,0.077350168,0.077350168,0.077350168,0.077350168,0.077350168,0.077350168,0.077350168,0.077350168,0.077350168,0.077350168,0.077350168,0.077350168,0.077350168,0.077350168,0.077350168,0.077350168,0.077350168,0.077350168,0.077350168,0.077350168,0.077350168,0.077350168,0.077350168,0.077350168,0.077350168,0.077350168,0.077350168,0.077350168,0.077350168,0.077350168,0.077350168,0.077350168,0.077350168,0.077350168,0.077350168,0.077350168,0.077350168,0.077350168,0.077350168,0.077350168,0.077350168,0.077350168,0.077350168,0.077350168,0.077350168,0.077350168,0.077350168,0.077350168,0.077350168,0.077350168,0.077350168,0.077350168,0.077350168,0.077350168,0.077350168,0.077350168,0.077350168,0.077350168,0.077350168,0.077350168,0.077350168,0.077350168,0.077350168,0.077350168,0.077350168,0.077350168,0.077350168,0.077350168,0.077350168,0.077350168,0.077350168,0.077350168,0.077350168,0.077350168,0.077350168,0.077350168,0.077350168,0.077350168,0.077350168,0.077350168,0.077350168,0.077350168,0.077350168,0.077350168,0.077350168,0.077350168,0.077350168,0.077350168,0.077350168,0.077350168,0.077350168,0.077350168,0.077350168,0.077350168,0.077350168,0.077350168,0.077350168
0,0,29,0.003477604,0.003477604,0.003477604,0.003477604,0.003477604,0.003477604,0.003477604,0.003477604,0.003477604,0.003477604,0.003477604,0.003477604,0.003477604,0.003477604,0.003477604,0.003477604,0.003477604,0.003477604,0.003477604,0.003477604,0.003477604,0.003477604,0.003477604,0.003477604,0.003477604,0.003477604,0.003477604,0.003344660,0.003217413,0.003098629,0.002991238,0.002897755,0.002820410,0.002761301,0.002722558,0.002706530,0.002716011,0.002754505,0.002825241,0.002927258,0.003058798,0.003218213,0.003403642,0.003612671,0.003842020,0.004087229,0.004342390,0.004599978,0.004852850,0.005100867,0.005346430,0.005592715,0.005843682,0.006104092,0.006379571,0.006676711,0.007003235,0.007367782,0.007776898,0.008230276,0.008725068,0.009257173,0.009820923,0.010408805,0.011011210,0.011616279,0.012209836,0.012777166,0.013310171,0.013807961,0.014272085,0.014705232,0.015111138,0.015494480,0.015860790,0.016216370,0.016568233,0.016921306,0.017269548,0.017603081,0.017911236,0.018182779,0.018406100,0.018569449,0.018661259,0.018670508,0.018587152,0.018407666,0.018150655,0.017841726,0.017506018,0.017167196,0.016847254,0.016566613,0.016344466,0.016199366,0.016150030,0.016210737,0.016376258,0.016641692,0.017004621,0.017463785,0.018018829,0.018670077,0.019418304,0.020264520,0.021209742,0.022257400,0.023418424,0.024692714,0.026075000,0.027557613,0.029129932,0.030777855,0.032483319,0.034223925,0.035972691,0.037706501,0.039437443,0.041201675,0.043045270,0.045022284,0.047195852,0.049639999,0.052442341,0.055707905,0.059564388,0.064140762,0.069473364,0.075562769,0.075562769,0.075562769,0.075562769,0.075562769,0.075562769,0.075562769,0.075562769,0.075562769,0.075562769,0.075562769,0.075562769,0.075562769,0.075562769,0.075562769,0.075562769,0.075562769,0.075562769,0.075562769,0.075562769,0.075562769,0.075562769,0.075562769,0.075562769,0.075562769,0.075562769,0.075562769,0.075562769,0.075562769,0.075562769,0.075562769,0.075562769,0.075562769,0.075562769,0.075562769,0.075562769,0.075562769,0.075562769,0.075562769,0.075562769,0.075562769,0.075562769,0.075562769,0.075562769,0.075562769,0.075562769,0.075562769,0.075562769,0.075562769,0.075562769,0.075562769,0.075562769,0.075562769,0.075562769,0.075562769,0.075562769,0.075562769,0.075562769,0.075562769,0.075562769,0.075562769,0.075562769,0.075562769,0.075562769,0.075562769,0.075562769,0.075562769,0.075562769,0.075562769,0.075562769,0.075562769,0.075562769,0.075562769,0.075562769,0.075562769,0.075562769,0.075562769,0.075562769,0.075562769,0.075562769,0.075562769,0.075562769,0.075562769,0.075562769,0.075562769,0.075562769,0.075562769,0.075562769,0.075562769,0.075562769,0.075562769,0.075562769,0.075562769,0.075562769,0.075562769,0.075562769,0.075562769,0.075562769,0.075562769,0.075562769,0.075562769,0.075562769,0.075562769,0.075562769,0.075562769,0.075562769,0.075562769,0.075562769
0,0,30,0.003477818,0.003477818,0.003477818,0.003477818,0.003477818,0.003477818,0.003477818,0.003477818,0.003477818,0.003477818,0.003477818,0.003477818,0.003477818,0.003477818,0.003477818,0.003477818,0.003477818,0.003477818,0.003477818,0.003477818,0.003477818,0.003477818,0.003477818,0.003477818,0.003477818,0.003477818,0.003477818,0.003345522,0.003222024,0.003110369,0.003013174,0.002932758,0.002871301,0.002831019,0.002814354,0.002824212,0.002864235,0.002937780,0.003043849,0.003180611,0.003346354,0.003539139,0.003756458,0.003994899,0.004249824,0.004515090,0.004782832,0.005045449,0.005302720,0.005557101,0.005811857,0.006071060,0.006339613,0.006623303,0.006928912,0.007264373,0.007639019,0.008061584,0.008532574,0.009049499,0.009608648,0.010204751,0.010830662,0.011477067,0.012132275,0.012782095,0.013409869,0.013999904,0.014548544,0.015056484,0.015525731,0.015959507,0.016362125,0.016738876,0.017095914,0.017440164,0.017779252,0.018118376,0.018450581,0.018765250,0.019051136,0.019296504,0.019489321,0.019617525,0.019669356,0.019633746,0.019500756,0.019267863,0.018957104,0.018596047,0.018211000,0.017826524,0.017465268,0.017148115,0.016894584,0.016723469,0.016653696,0.016700688,0.016863126,0.017137136,0.017520659,0.018013148,0.018615305,0.019328847,0.020156286,0.021100713,0.022165568,0.023353519,0.024663175,0.026090632,0.027629688,0.029271245,0.031002730,0.032807541,0.034664583,0.036547920,0.038426595,0.040276506,0.042120262,0.043999012,0.045961776,0.048066013,0.050378773,0.052978590,0.055958308,0.059429079,0.063525837,0.068384440,0.074041944,0.074041944,0.074041944,0.074041944,0.074041944,0.074041944,0.074041944,0.074041944,0.074041944,0.074041944,0.074041944,0.074041944,0.074041944,0.074041944,0.074041944,0.074041944,0.074041944,0.074041944,0.074041944,0.074041944,0.074041944,0.074041944,0.074041944,0.074041944,0.074041944,0.074041944,0.074041944,0.074041944,0.074041944,0.074041944,0.074041944,0.074041944,0.074041944,0.074041944,0.074041944,0.074041944,0.074041944,0.074041944,0.074041944,0.074041944,0.074041944,0.074041944,0.074041944,0.074041944,0.074041944,0.074041944,0.074041944,0.074041944,0.074041944,0.074041944,0.074041944,0.074041944,0.074041944,0.074041944,0.074041944,0.074041944,0.074041944,0.074041944,0.074041944,0.074041944,0.074041944,0.074041944,0.074041944,0.074041944,0.074041944,0.074041944,0.074041944,0.074041944,0.074041944,0.074041944,0.074041944,0.074041944,0.074041944,0.074041944,0.074041944,0.074041944,0.074041944,0.074041944,0.074041944,0.074041944,0.074041944,0.074041944,0.074041944,0.074041944,0.074041944,0.074041944,0.074041944,0.074041944,0.074041944,0.074041944,0.074041944,0.074041944,0.074041944,0.074041944,0.074041944,0.074041944,0.074041944,0.074041944,0.074041944,0.074041944,0.074041944,0.074041944,0.074041944,0.074041944,0.074041944,0.074041944,0.074041944,0.074041944,0.074041944
0,0,31,0.003478483,0.003478483,0.003478483,0.003478483,0.003478483,0.003478483,0.003478483,0.003478483,0.003478483,0.003478483,0.003478483,0.003478483,0.003478483,0.003478483,0.003478483,0.003478483,0.003478483,0.003478483,0.003478483,0.003478483,0.003478483,0.003478483,0.003478483,0.003478483,0.003478483,0.003478483,0.003478483,0.003350094,0.003234016,0.003132969,0.003049365,0.002985473,0.002943593,0.002926267,0.002936516,0.002978126,0.003054587,0.003164860,0.003307040,0.003479349,0.003679768,0.003905688,0.004153561,0.004418566,0.004694315,0.004972632,0.005245572,0.005512711,0.005776522,0.006040359,0.006308411,0.006585726,0.006878265,0.007193006,0.007538107,0.007923153,0.008357598,0.008844095,0.009380986,0.009964948,0.010591124,0.011252767,0.011940915,0.012644127,0.013348304,0.014036654,0.014691293,0.015300455,0.015861918,0.016376818,0.016847694,0.017278368,0.017673800,0.018039950,0.018383647,0.018712485,0.019034602,0.019355056,0.019666303,0.019957099,0.020215640,0.020429709,0.020586888,0.020674849,0.020681696,0.020596374,0.020409644,0.020121625,0.019756348,0.019342802,0.018908414,0.018478581,0.018076556,0.017723640,0.017439644,0.017243581,0.017155683,0.017195912,0.017363914,0.017655973,0.018070601,0.018608228,0.019270926,0.020062195,0.020986746,0.022050305,0.023255765,0.024593315,0.026057782,0.027644443,0.029345777,0.031150834,0.033044620,0.035007548,0.037014990,0.039036986,0.041040975,0.043011116,0.044974190,0.046973995,0.049062660,0.051301229,0.053760864,0.056524826,0.059691427,0.063378197,0.067727586,0.072882538,0.072882538,0.072882538,0.072882538,0.072882538,0.072882538,0.072882538,0.072882538,0.072882538,0.072882538,0.072882538,0.072882538,0.072882538,0.072882538,0.072882538,0.072882538,0.072882538,0.072882538,0.072882538,0.072882538,0.072882538,0.072882538,0.072882538,0.072882538,0.072882538,0.072882538,0.072882538,0.072882538,0.072882538,0.072882538,0.072882538,0.072882538,0.072882538,0.072882538,0.072882538,0.072882538,0.072882538,0.072882538,0.072882538,0.072882538,0.072882538,0.072882538,0.072882538,0.072882538,0.072882538,0.072882538,0.072882538,0.072882538,0.072882538,0.072882538,0.072882538,0.072882538,0.072882538,0.072882538,0.072882538,0.072882538,0.072882538,0.072882538,0.072882538,0.072882538,0.072882538,0.072882538,0.072882538,0.072882538,0.072882538,0.072882538,0.072882538,0.072882538,0.072882538,0.072882538,0.072882538,0.072882538,0.072882538,0.072882538,0.072882538,0.072882538,0.072882538,0.072882538,0.072882538,0.072882538,0.072882538,0.072882538,0.072882538,0.072882538,0.072882538,0.072882538,0.072882538,0.072882538,0.072882538,0.072882538,0.072882538,0.072882538,0.072882538,0.072882538,0.072882538,0.072882538,0.072882538,0.072882538,0.072882538,0.072882538,0.072882538,0.072882538,0.072882538,0.072882538,0.072882538,0.072882538,0.072882538,0.072882538,0.072882538,0.072882538
0,0,32,0.003481855,0.003481855,0.003481855,0.003481855,0.003481855,0.003481855,0.003481855,0.003481855,0.003481855,0.003481855,0.003481855,0.003481855,0.003481855,0.003481855,0.003481855,0.003481855,0.003481855,0.003481855,0.003481855,0.003481855,0.003481855,0.003481855,0.003481855,0.003481855,0.003481855,0.003481855,0.003481855,0.003361227,0.003256219,0.003169337,0.003102938,0.003059415,0.003041410,0.003052061,0.003095303,0.003174763,0.003289360,0.003437114,0.003616175,0.003824446,0.004059212,0.004316787,0.004592158,0.004878687,0.005167878,0.005451476,0.005728993,0.006002787,0.006276258,0.006553714,0.006840354,0.007142316,0.007466783,0.007822148,0.008218260,0.008664806,0.009164960,0.009719346,0.010325551,0.010979129,0.011673758,0.012400871,0.013149347,0.013905277,0.014651863,0.015371013,0.016048739,0.016674030,0.017244898,0.017762993,0.018231466,0.018654812,0.019038700,0.019389818,0.019715721,0.020024570,0.020324597,0.020621081,0.020906013,0.021167536,0.021393308,0.021570667,0.021686855,0.021729329,0.021686121,0.021546811,0.021304599,0.020960746,0.020540711,0.020074841,0.019591608,0.019117179,0.018675351,0.018287801,0.017974594,0.017756083,0.017657250,0.017699483,0.017882500,0.018202968,0.018660252,0.019256085,0.019994321,0.020880721,0.021922787,0.023125973,0.024480994,0.025974004,0.027599006,0.029350078,0.031217957,0.033189369,0.035246407,0.037365987,0.039519447,0.041675193,0.043808442,0.045905074,0.047993607,0.050120626,0.052341519,0.054721083,0.057334774,0.060270775,0.063633076,0.067545808,0.072159170,0.072159170,0.072159170,0.072159170,0.072159170,0.072159170,0.072159170,0.072159170,0.072159170,0.072159170,0.072159170,0.072159170,0.072159170,0.072159170,0.072159170,0.072159170,0.072159170,0.072159170,0.072159170,0.072159170,0.072159170,0.072159170,0.072159170,0.072159170,0.072159170,0.072159170,0.072159170,0.072159170,0.072159170,0.072159170,0.072159170,0.072159170,0.072159170,0.072159170,0.072159170,0.072159170,0.072159170,0.072159170,0.072159170,0.072159170,0.072159170,0.072159170,0.072159170,0.072159170,0.072159170,0.072159170,0.072159170,0.072159170,0.072159170,0.072159170,0.072159170,0.072159170,0.072159170,0.072159170,0.072159170,0.072159170,0.072159170,0.072159170,0.072159170,0.072159170,0.072159170,0.072159170,0.072159170,0.072159170,0.072159170,0.072159170,0.072159170,0.072159170,0.072159170,0.072159170,0.072159170,0.072159170,0.072159170,0.072159170,0.072159170,0.072159170,0.072159170,0.072159170,0.072159170,0.072159170,0.072159170,0.072159170,0.072159170,0.072159170,0.072159170,0.072159170,0.072159170,0.072159170,0.072159170,0.072159170,0.072159170,0.072159170,0.072159170,0.072159170,0.072159170,0.072159170,0.072159170,0.072159170,0.072159170,0.072159170,0.072159170,0.072159170,0.072159170,0.072159170,0.072159170,0.072159170,0.072159170,0.072159170,0.072159170,0.072159170,0.072159170
0,0,33,0.003490655,0.003490655,0.003490655,0.003490655,0.003490655,0.003490655,0.003490655,0.003490655,0.003490655,0.003490655,0.003490655,0.003490655,0.003490655,0.003490655,0.003490655,0.003490655,0.003490655,0.003490655,0.003490655,0.003490655,0.003490655,0.003490655,0.003490655,0.003490655,0.003490655,0.003490655,0.003490655,0.003381616,0.003291400,0.003222452,0.003177258,0.003158562,0.003169622,0.003214524,0.003297034,0.003416029,0.003569453,0.003755383,0.003971639,0.004215403,0.004482844,0.004768757,0.005066248,0.005366498,0.005660934,0.005949049,0.006233242,0.006516812,0.006804142,0.007100579,0.007412444,0.007747128,0.008113266,0.008520981,0.008980199,0.009494072,0.010063708,0.010689189,0.011367059,0.012091426,0.012854150,0.013644489,0.014448810,0.015250426,0.016031190,0.016777056,0.017474623,0.018112348,0.018688546,0.019205470,0.019666960,0.020078253,0.020445793,0.020777050,0.021080204,0.021363544,0.021635781,0.021902569,0.022155445,0.022381962,0.022569271,0.022704305,0.022774023,0.022765730,0.022668035,0.022472988,0.022174665,0.021774898,0.021300497,0.020783078,0.020252074,0.019734345,0.019254172,0.018833551,0.018493957,0.018260599,0.018159880,0.018213662,0.018421979,0.018782177,0.019294815,0.019963352,0.020793919,0.021795158,0.022974503,0.024325632,0.025835499,0.027489122,0.029279286,0.031198451,0.033235143,0.035373271,0.037591497,0.039862726,0.042156669,0.044449615,0.046717957,0.048946708,0.051166204,0.053425938,0.055784691,0.058311158,0.061085244,0.064200219,0.067765922,0.071913262,0.071913262,0.071913262,0.071913262,0.071913262,0.071913262,0.071913262,0.071913262,0.071913262,0.071913262,0.071913262,0.071913262,0.071913262,0.071913262,0.071913262,0.071913262,0.071913262,0.071913262,0.071913262,0.071913262,0.071913262,0.071913262,0.071913262,0.071913262,0.071913262,0.071913262,0.071913262,0.071913262,0.071913262,0.071913262,0.071913262,0.071913262,0.071913262,0.071913262,0.071913262,0.071913262,0.071913262,0.071913262,0.071913262,0.071913262,0.071913262,0.071913262,0.071913262,0.071913262,0.071913262,0.071913262,0.071913262,0.071913262,0.071913262,0.071913262,0.071913262,0.071913262,0.071913262,0.071913262,0.071913262,0.071913262,0.071913262,0.071913262,0.071913262,0.071913262,0.071913262,0.071913262,0.071913262,0.071913262,0.071913262,0.071913262,0.071913262,0.071913262,0.071913262,0.071913262,0.071913262,0.071913262,0.071913262,0.071913262,0.071913262,0.071913262,0.071913262,0.071913262,0.071913262,0.071913262,0.071913262,0.071913262,0.071913262,0.071913262,0.071913262,0.071913262,0.071913262,0.071913262,0.071913262,0.071913262,0.071913262,0.071913262,0.071913262,0.071913262,0.071913262,0.071913262,0.071913262,0.071913262,0.071913262,0.071913262,0.071913262,0.071913262,0.071913262,0.071913262,0.071913262,0.071913262,0.071913262,0.071913262,0.071913262,0.071913262,0.071913262,0.071913262
0,0,34,0.003507649,0.003507649,0.003507649,0.003507649,0.003507649,0.003507649,0.003507649,0.003507649,0.003507649,0.003507649,0.003507649,0.003507649,0.003507649,0.003507649,0.003507649,0.003507649,0.003507649,0.003507649,0.003507649,0.003507649,0.003507649,0.003507649,0.003507649,0.003507649,0.003507649,0.003507649,0.003507649,0.003414082,0.003342573,0.003295700,0.003276309,0.003287780,0.003334350,0.003419926,0.003543341,0.003702461,0.003895292,0.004119571,0.004372375,0.004649728,0.004946232,0.005254737,0.005566095,0.005871416,0.006170178,0.006464866,0.006758845,0.007056413,0.007363015,0.007685151,0.008030426,0.008407716,0.008827421,0.009299713,0.009827722,0.010412442,0.011054467,0.011753062,0.012503406,0.013297804,0.014125933,0.014974514,0.015827081,0.016665567,0.017476031,0.018245044,0.018958444,0.019604198,0.020181011,0.020691824,0.021141239,0.021535309,0.021881313,0.022187398,0.022461908,0.022713673,0.022952052,0.023183090,0.023397890,0.023583443,0.023726439,0.023813459,0.023831240,0.023767614,0.023613694,0.023362367,0.023007999,0.022552943,0.022025264,0.021457740,0.020880668,0.020321520,0.019804983,0.019354564,0.018996765,0.018758082,0.018665293,0.018740967,0.018985767,0.019398075,0.019980077,0.020737473,0.021679296,0.022814256,0.024138352,0.025641913,0.027311022,0.029129121,0.031087353,0.033176094,0.035381167,0.037683143,0.040056732,0.042473248,0.044910389,0.047345709,0.049754149,0.052119826,0.054474966,0.056872072,0.059373428,0.062051746,0.064991504,0.068291187,0.072066606,0.072066606,0.072066606,0.072066606,0.072066606,0.072066606,0.072066606,0.072066606,0.072066606,0.072066606,0.072066606,0.072066606,0.072066606,0.072066606,0.072066606,0.072066606,0.072066606,0.072066606,0.072066606,0.072066606,0.072066606,0.072066606,0.072066606,0.072066606,0.072066606,0.072066606,0.072066606,0.072066606,0.072066606,0.072066606,0.072066606,0.072066606,0.072066606,0.072066606,0.072066606,0.072066606,0.072066606,0.072066606,0.072066606,0.072066606,0.072066606,0.072066606,0.072066606,0.072066606,0.072066606,0.072066606,0.072066606,0.072066606,0.072066606,0.072066606,0.072066606,0.072066606,0.072066606,0.072066606,0.072066606,0.072066606,0.072066606,0.072066606,0.072066606,0.072066606,0.072066606,0.072066606,0.072066606,0.072066606,0.072066606,0.072066606,0.072066606,0.072066606,0.072066606,0.072066606,0.072066606,0.072066606,0.072066606,0.072066606,0.072066606,0.072066606,0.072066606,0.072066606,0.072066606,0.072066606,0.072066606,0.072066606,0.072066606,0.072066606,0.072066606,0.072066606,0.072066606,0.072066606,0.072066606,0.072066606,0.072066606,0.072066606,0.072066606,0.072066606,0.072066606,0.072066606,0.072066606,0.072066606,0.072066606,0.072066606,0.072066606,0.072066606,0.072066606,0.072066606,0.072066606,0.072066606,0.072066606,0.072066606,0.072066606,0.072066606,0.072066606,0.072066606,0.072066606
0,0,35,0.003535706,0.003535706,0.003535706,0.003535706,0.003535706,0.003535706,0.003535706,0.003535706,0.003535706,0.003535706,0.003535706,0.003535706,0.003535706,0.003535706,0.003535706,0.003535706,0.003535706,0.003535706,0.003535706,0.003535706,0.003535706,0.003535706,0.003535706,0.003535706,0.003535706,0.003535706,0.003535706,0.003461659,0.003413122,0.003393042,0.003404920,0.003453144,0.003541757,0.003669553,0.003834319,0.004033990,0.004266220,0.004527983,0.004815159,0.005122158,0.005441575,0.005763940,0.006080048,0.006389357,0.006694442,0.006998787,0.007306780,0.007623791,0.007956441,0.008312543,0.008701213,0.009133129,0.009618707,0.010161054,0.010761051,0.011419147,0.012135145,0.012907190,0.013728739,0.014589922,0.015477869,0.016376430,0.017267750,0.018138147,0.018974336,0.019762097,0.020486552,0.021135243,0.021707350,0.022206585,0.022638392,0.023009703,0.023328523,0.023603196,0.023842670,0.024056493,0.024254694,0.024443721,0.024614275,0.024752824,0.024845647,0.024879039,0.024840222,0.024719566,0.024508986,0.024201598,0.023792021,0.023283072,0.022703956,0.022088492,0.021467728,0.020869652,0.020320589,0.019849294,0.019483463,0.019249733,0.019175448,0.019284188,0.019577621,0.020055612,0.020722496,0.021586843,0.022657815,0.023932962,0.025405310,0.027064728,0.028895997,0.030880522,0.033007334,0.035264234,0.037633823,0.040092812,0.042614383,0.045177934,0.047762530,0.050344359,0.052896868,0.055403261,0.057897707,0.060435799,0.063083413,0.065917359,0.069026776,0.072515444,0.072515444,0.072515444,0.072515444,0.072515444,0.072515444,0.072515444,0.072515444,0.072515444,0.072515444,0.072515444,0.072515444,0.072515444,0.072515444,0.072515444,0.072515444,0.072515444,0.072515444,0.072515444,0.072515444,0.072515444,0.072515444,0.072515444,0.072515444,0.072515444,0.072515444,0.072515444,0.072515444,0.072515444,0.072515444,0.072515444,0.072515444,0.072515444,0.072515444,0.072515444,0.072515444,0.072515444,0.072515444,0.072515444,0.072515444,0.072515444,0.072515444,0.072515444,0.072515444,0.072515444,0.072515444,0.072515444,0.072515444,0.072515444,0.072515444,0.072515444,0.072515444,0.072515444,0.072515444,0.072515444,0.072515444,0.072515444,0.072515444,0.072515444,0.072515444,0.072515444,0.072515444,0.072515444,0.072515444,0.072515444,0.072515444,0.072515444,0.072515444,0.072515444,0.072515444,0.072515444,0.072515444,0.072515444,0.072515444,0.072515444,0.072515444,0.072515444,0.072515444,0.072515444,0.072515444,0.072515444,0.072515444,0.072515444,0.072515444,0.072515444,0.072515444,0.072515444,0.072515444,0.072515444,0.072515444,0.072515444,0.072515444,0.072515444,0.072515444,0.072515444,0.072515444,0.072515444,0.072515444,0.072515444,0.072515444,0.072515444,0.072515444,0.072515444,0.072515444,0.072515444,0.072515444,0.072515444,0.072515444,0.072515444,0.072515444,0.072515444,0.072515444,0.072515444,0.072515444
0,0,36,0.003577869,0.003577869,0.003577869,0.003577869,0.003577869,0.003577869,0.003577869,0.003577869,0.003577869,0.003577869,0.003577869,0.003577869,0.003577869,0.003577869,0.003577869,0.003577869,0.003577869,0.003577869,0.003577869,0.003577869,0.003577869,0.003577869,0.003577869,0.003577869,0.003577869,0.003577869,0.003577869,0.003527708,0.003506957,0.003519233,0.003569070,0.003660647,0.003792716,0.003962991,0.004169333,0.004409321,0.004679822,0.004976580,0.005293816,0.005623878,0.005956977,0.006283605,0.006603201,0.006918426,0.007232880,0.007551096,0.007878557,0.008221815,0.008588823,0.008988933,0.009433091,0.009931952,0.010488602,0.011103807,0.011777870,0.012510412,0.013300142,0.014143747,0.015032592,0.015954266,0.016893011,0.017831305,0.018755858,0.019653695,0.020510735,0.021312018,0.022042009,0.022687905,0.023249444,0.023731194,0.024139511,0.024482092,0.024767169,0.025003749,0.025201569,0.025370924,0.025522522,0.025663229,0.025783375,0.025868959,0.025905913,0.025880979,0.025783954,0.025605977,0.025339132,0.024976734,0.024513616,0.023952995,0.023325080,0.022664591,0.022003209,0.021370704,0.020798913,0.020317725,0.019954777,0.019736994,0.019692549,0.019846403,0.020201685,0.020760277,0.021529299,0.022517436,0.023722896,0.025140590,0.026763465,0.028580519,0.030574774,0.032725099,0.035017917,0.037437943,0.039964036,0.042571466,0.045241581,0.047955260,0.050690309,0.053421522,0.056120826,0.058770500,0.061406695,0.064088148,0.066884376,0.069876341,0.073157883,0.073157883,0.073157883,0.073157883,0.073157883,0.073157883,0.073157883,0.073157883,0.073157883,0.073157883,0.073157883,0.073157883,0.073157883,0.073157883,0.073157883,0.073157883,0.073157883,0.073157883,0.073157883,0.073157883,0.073157883,0.073157883,0.073157883,0.073157883,0.073157883,0.073157883,0.073157883,0.073157883,0.073157883,0.073157883,0.073157883,0.073157883,0.073157883,0.073157883,0.073157883,0.073157883,0.073157883,0.073157883,0.073157883,0.073157883,0.073157883,0.073157883,0.073157883,0.073157883,0.073157883,0.073157883,0.073157883,0.073157883,0.073157883,0.073157883,0.073157883,0.073157883,0.073157883,0.073157883,0.073157883,0.073157883,0.073157883,0.073157883,0.073157883,0.073157883,0.073157883,0.073157883,0.073157883,0.073157883,0.073157883,0.073157883,0.073157883,0.073157883,0.073157883,0.073157883,0.073157883,0.073157883,0.073157883,0.073157883,0.073157883,0.073157883,0.073157883,0.073157883,0.073157883,0.073157883,0.073157883,0.073157883,0.073157883,0.073157883,0.073157883,0.073157883,0.073157883,0.073157883,0.073157883,0.073157883,0.073157883,0.073157883,0.073157883,0.073157883,0.073157883,0.073157883,0.073157883,0.073157883,0.073157883,0.073157883,0.073157883,0.073157883,0.073157883,0.073157883,0.073157883,0.073157883,0.073157883,0.073157883,0.073157883,0.073157883,0.073157883,0.073157883,0.073157883,0.073157883,0.073157883
0,0,37,0.003637462,0.003637462,0.003637462,0.003637462,0.003637462,0.003637462,0.003637462,0.003637462,0.003637462,0.003637462,0.003637462,0.003637462,0.003637462,0.003637462,0.003637462,0.003637462,0.003637462,0.003637462,0.003637462,0.003637462,0.003637462,0.003637462,0.003637462,0.003637462,0.003637462,0.003637462,0.003637462,0.003616067,0.003628723,0.003680105,0.003774520,0.003910681,0.004086231,0.004298962,0.004546378,0.004825246,0.005131178,0.005458215,0.005798467,0.006141844,0.006478542,0.006807985,0.007132915,0.007457045,0.007785046,0.008122569,0.008476297,0.008854116,0.009265534,0.009721753,0.010233658,0.010804310,0.011434364,0.012123976,0.012872585,0.013678674,0.014539527,0.015450022,0.016399071,0.017371378,0.018349849,0.019321713,0.020274454,0.021194308,0.022066446,0.022875235,0.023604564,0.024241368,0.024786034,0.025244060,0.025622599,0.025929592,0.026173986,0.026365651,0.026515143,0.026633515,0.026732162,0.026818372,0.026882144,0.026909075,0.026885507,0.026800796,0.026645473,0.026410788,0.026088971,0.025673501,0.025159385,0.024550167,0.023876912,0.023175088,0.022478310,0.021822153,0.021239559,0.020760181,0.020411701,0.020221551,0.020219053,0.020430999,0.020862528,0.021518172,0.022405093,0.023521157,0.024862225,0.026423466,0.028197351,0.030171572,0.032326902,0.034639152,0.037091630,0.039665448,0.042338135,0.045093186,0.047913550,0.050778975,0.053665992,0.056547985,0.059395352,0.062189442,0.064968411,0.067794160,0.070739863,0.073890639,0.073890639,0.073890639,0.073890639,0.073890639,0.073890639,0.073890639,0.073890639,0.073890639,0.073890639,0.073890639,0.073890639,0.073890639,0.073890639,0.073890639,0.073890639,0.073890639,0.073890639,0.073890639,0.073890639,0.073890639,0.073890639,0.073890639,0.073890639,0.073890639,0.073890639,0.073890639,0.073890639,0.073890639,0.073890639,0.073890639,0.073890639,0.073890639,0.073890639,0.073890639,0.073890639,0.073890639,0.073890639,0.073890639,0.073890639,0.073890639,0.073890639,0.073890639,0.073890639,0.073890639,0.073890639,0.073890639,0.073890639,0.073890639,0.073890639,0.073890639,0.073890639,0.073890639,0.073890639,0.073890639,0.073890639,0.073890639,0.073890639,0.073890639,0.073890639,0.073890639,0.073890639,0.073890639,0.073890639,0.073890639,0.073890639,0.073890639,0.073890639,0.073890639,0.073890639,0.073890639,0.073890639,0.073890639,0.073890639,0.073890639,0.073890639,0.073890639,0.073890639,0.073890639,0.073890639,0.073890639,0.073890639,0.073890639,0.073890639,0.073890639,0.073890639,0.073890639,0.073890639,0.073890639,0.073890639,0.073890639,0.073890639,0.073890639,0.073890639,0.073890639,0.073890639,0.073890639,0.073890639,0.073890639,0.073890639,0.073890639,0.073890639,0.073890639,0.073890639,0.073890639,0.073890639,0.073890639,0.073890639,0.073890639,0.073890639,0.073890639,0.073890639,0.073890639,0.073890639,0.073890639,0.073890639
0,0,38,0.003718223,0.003718223,0.003718223,0.003718223,0.003718223,0.003718223,0.003718223,0.003718223,0.003718223,0.003718223,0.003718223,0.003718223,0.003718223,0.003718223,0.003718223,0.003718223,0.003718223,0.003718223,0.003718223,0.003718223,0.003718223,0.003718223,0.003718223,0.003718223,0.003718223,0.003718223,0.003718223,0.003731235,0.003784063,0.003881135,0.004021126,0.004201612,0.004420324,0.004674691,0.004961391,0.005275910,0.005612119,0.005961907,0.006314901,0.006661022,0.006999679,0.007333692,0.007666874,0.008004030,0.008350968,0.008714555,0.009102820,0.009525202,0.009993071,0.010517520,0.011101586,0.011745813,0.012450213,0.013214045,0.014035572,0.014911811,0.015838274,0.016807687,0.017806177,0.018817161,0.019828492,0.020828244,0.021803132,0.022738657,0.023619315,0.024428882,0.025150762,0.025771726,0.026292898,0.026720584,0.027062190,0.027326419,0.027523144,0.027663123,0.027757751,0.027818844,0.027858475,0.027884350,0.027886190,0.027849972,0.027764688,0.027620388,0.027407659,0.027117843,0.026743289,0.026277607,0.025715932,0.025062062,0.024347752,0.023610557,0.022890201,0.022223355,0.021642565,0.021177310,0.020855491,0.020705322,0.020757678,0.021041707,0.021565199,0.022332603,0.023340323,0.024584134,0.026060458,0.027764342,0.029687355,0.031815408,0.034126521,0.036592926,0.039194302,0.041910554,0.044727471,0.047630270,0.050600908,0.053617996,0.056656791,0.059689267,0.062684298,0.065622313,0.068543470,0.071512820,0.074607170,0.074607170,0.074607170,0.074607170,0.074607170,0.074607170,0.074607170,0.074607170,0.074607170,0.074607170,0.074607170,0.074607170,0.074607170,0.074607170,0.074607170,0.074607170,0.074607170,0.074607170,0.074607170,0.074607170,0.074607170,0.074607170,0.074607170,0.074607170,0.074607170,0.074607170,0.074607170,0.074607170,0.074607170,0.074607170,0.074607170,0.074607170,0.074607170,0.074607170,0.074607170,0.074607170,0.074607170,0.074607170,0.074607170,0.074607170,0.074607170,0.074607170,0.074607170,0.074607170,0.074607170,0.074607170,0.074607170,0.074607170,0.074607170,0.074607170,0.074607170,0.074607170,0.074607170,0.074607170,0.074607170,0.074607170,0.074607170,0.074607170,0.074607170,0.074607170,0.074607170,0.074607170,0.074607170,0.074607170,0.074607170,0.074607170,0.074607170,0.074607170,0.074607170,0.074607170,0.074607170,0.074607170,0.074607170,0.074607170,0.074607170,0.074607170,0.074607170,0.074607170,0.074607170,0.074607170,0.074607170,0.074607170,0.074607170,0.074607170,0.074607170,0.074607170,0.074607170,0.074607170,0.074607170,0.074607170,0.074607170,0.074607170,0.074607170,0.074607170,0.074607170,0.074607170,0.074607170,0.074607170,0.074607170,0.074607170,0.074607170,0.074607170,0.074607170,0.074607170,0.074607170,0.074607170,0.074607170,0.074607170,0.074607170,0.074607170,0.074607170,0.074607170,0.074607170,0.074607170,0.074607170,0.074607170,0.074607170
0,0,39,0.003824479,0.003824479,0.003824479,0.003824479,0.003824479,0.003824479,0.003824479,0.003824479,0.003824479,0.003824479,0.003824479,0.003824479,0.003824479,0.003824479,0.003824479,0.003824479,0.003824479,0.003824479,0.003824479,0.003824479,0.003824479,0.003824479,0.003824479,0.003824479,0.003824479,0.003824479,0.003824479,0.003878622,0.003978110,0.004121585,0.004306561,0.004530711,0.004791399,0.005085221,0.005407546,0.005752096,0.006110555,0.006472292,0.006826981,0.007174015,0.007516283,0.007857696,0.008203174,0.008558669,0.008931217,0.009329044,0.009761738,0.010240589,0.010776800,0.011373381,0.012030766,0.012748829,0.013526651,0.014362282,0.015252479,0.016192455,0.017175619,0.018192236,0.019227292,0.020269344,0.021307167,0.022328100,0.023318147,0.024262149,0.025144016,0.025947030,0.026654214,0.027252287,0.027742989,0.028132876,0.028430148,0.028644487,0.028786720,0.028868516,0.028902109,0.028900070,0.028875131,0.028835402,0.028771119,0.028670940,0.028524510,0.028321877,0.028053667,0.027711298,0.027287207,0.026775100,0.026170199,0.025476476,0.024727780,0.023968074,0.023238178,0.022574222,0.022008375,0.021570066,0.021287648,0.021190466,0.021311414,0.021682624,0.022311796,0.023192624,0.024319653,0.025689490,0.027298742,0.029141917,0.031209231,0.033484326,0.035941951,0.038550256,0.041287652,0.044142312,0.047101857,0.050150663,0.053269702,0.056436458,0.059624925,0.062805689,0.065946126,0.069025765,0.072086737,0.075197192,0.075197192,0.075197192,0.075197192,0.075197192,0.075197192,0.075197192,0.075197192,0.075197192,0.075197192,0.075197192,0.075197192,0.075197192,0.075197192,0.075197192,0.075197192,0.075197192,0.075197192,0.075197192,0.075197192,0.075197192,0.075197192,0.075197192,0.075197192,0.075197192,0.075197192,0.075197192,0.075197192,0.075197192,0.075197192,0.075197192,0.075197192,0.075197192,0.075197192,0.075197192,0.075197192,0.075197192,0.075197192,0.075197192,0.075197192,0.075197192,0.075197192,0.075197192,0.075197192,0.075197192,0.075197192,0.075197192,0.075197192,0.075197192,0.075197192,0.075197192,0.075197192,0.075197192,0.075197192,0.075197192,0.075197192,0.075197192,0.075197192,0.075197192,0.075197192,0.075197192,0.075197192,0.075197192,0.075197192,0.075197192,0.075197192,0.075197192,0.075197192,0.075197192,0.075197192,0.075197192,0.075197192,0.075197192,0.075197192,0.075197192,0.075197192,0.075197192,0.075197192,0.075197192,0.075197192,0.075197192,0.075197192,0.075197192,0.075197192,0.075197192,0.075197192,0.075197192,0.075197192,0.075197192,0.075197192,0.075197192,0.075197192,0.075197192,0.075197192,0.075197192,0.075197192,0.075197192,0.075197192,0.075197192,0.075197192,0.075197192,0.075197192,0.075197192,0.075197192,0.075197192,0.075197192,0.075197192,0.075197192,0.075197192,0.075197192,0.075197192,0.075197192,0.075197192,0.075197192,0.075197192,0.075197192,0.075197192,0.075197192
0,0,40,0.003961374,0.003961374,0.003961374,0.003961374,0.003961374,0.003961374,0.003961374,0.003961374,0.003961374,0.003961374,0.003961374,0.003961374,0.003961374,0.003961374,0.003961374,0.003961374,0.003961374,0.003961374,0.003961374,0.003961374,0.003961374,0.003961374,0.003961374,0.003961374,0.003961374,0.003961374,0.003961374,0.004062976,0.004209499,0.004398402,0.004627311,0.004893530,0.005193582,0.005522738,0.005874583,0.006240627,0.006610014,0.006972197,0.007326558,0.007676048,0.008024659,0.008377415,0.008740395,0.009120781,0.009526971,0.009968752,0.010457563,0.011004455,0.011612320,0.012281491,0.013011704,0.013801873,0.014649841,0.015552120,0.016503637,0.017497475,0.018524654,0.019574671,0.020637921,0.021703964,0.022760881,0.023795338,0.024792709,0.025737264,0.026612426,0.027401098,0.028086044,0.028653843,0.029106285,0.029450736,0.029696416,0.029854020,0.029935348,0.029952980,0.029919978,0.029849643,0.029755333,0.029646293,0.029515618,0.029352566,0.029146720,0.028888115,0.028567407,0.028176065,0.027706592,0.027152755,0.026509822,0.025783510,0.025014255,0.024247121,0.023522251,0.022875194,0.022337816,0.021939689,0.021709913,0.021679376,0.021883545,0.022354760,0.023090083,0.024081568,0.025324845,0.026816976,0.028554350,0.030530497,0.032733805,0.035145151,0.037735524,0.040471306,0.043338964,0.046328599,0.049427146,0.052618151,0.055881623,0.059193944,0.062527875,0.065852656,0.069134210,0.072351198,0.075547671,0.075547671,0.075547671,0.075547671,0.075547671,0.075547671,0.075547671,0.075547671,0.075547671,0.075547671,0.075547671,0.075547671,0.075547671,0.075547671,0.075547671,0.075547671,0.075547671,0.075547671,0.075547671,0.075547671,0.075547671,0.075547671,0.075547671,0.075547671,0.075547671,0.075547671,0.075547671,0.075547671,0.075547671,0.075547671,0.075547671,0.075547671,0.075547671,0.075547671,0.075547671,0.075547671,0.075547671,0.075547671,0.075547671,0.075547671,0.075547671,0.075547671,0.075547671,0.075547671,0.075547671,0.075547671,0.075547671,0.075547671,0.075547671,0.075547671,0.075547671,0.075547671,0.075547671,0.075547671,0.075547671,0.075547671,0.075547671,0.075547671,0.075547671,0.075547671,0.075547671,0.075547671,0.075547671,0.075547671,0.075547671,0.075547671,0.075547671,0.075547671,0.075547671,0.075547671,0.075547671,0.075547671,0.075547671,0.075547671,0.075547671,0.075547671,0.075547671,0.075547671,0.075547671,0.075547671,0.075547671,0.075547671,0.075547671,0.075547671,0.075547671,0.075547671,0.075547671,0.075547671,0.075547671,0.075547671,0.075547671,0.075547671,0.075547671,0.075547671,0.075547671,0.075547671,0.075547671,0.075547671,0.075547671,0.075547671,0.075547671,0.075547671,0.075547671,0.075547671,0.075547671,0.075547671,0.075547671,0.075547671,0.075547671,0.075547671,0.075547671,0.075547671,0.075547671,0.075547671,0.075547671,0.075547671,0.075547671,0.075547671,0.075547671
0,0,41,0.004133943,0.004133943,0.004133943,0.004133943,0.004133943,0.004133943,0.004133943,0.004133943,0.004133943,0.004133943,0.004133943,0.004133943,0.004133943,0.004133943,0.004133943,0.004133943,0.004133943,0.004133943,0.004133943,0.004133943,0.004133943,0.004133943,0.004133943,0.004133943,0.004133943,0.004133943,0.004133943,0.004283014,0.004475202,0.004708088,0.004978932,0.005284192,0.005619058,0.005977003,0.006349388,0.006725169,0.007093617,0.007454103,0.007809629,0.008164256,0.008523097,0.008892332,0.009279268,0.009692448,0.010141824,0.010639030,0.011195210,0.011812892,0.012492218,0.013232797,0.014033382,0.014891621,0.015803798,0.016764572,0.017766727,0.018800949,0.019857608,0.020932081,0.022015925,0.023098054,0.024165919,0.025205591,0.026201903,0.027138662,0.027998919,0.028765314,0.029420281,0.029949719,0.030356061,0.030647725,0.030834985,0.030929568,0.030944249,0.030892504,0.030788196,0.030645322,0.030478588,0.030300675,0.030105347,0.029881729,0.029619334,0.029308179,0.028938934,0.028503106,0.027993238,0.027403127,0.026729753,0.025985364,0.025211442,0.024452244,0.023747139,0.023131127,0.022635916,0.022291472,0.022128011,0.022178454,0.022477968,0.023048635,0.023886274,0.024984271,0.026338959,0.027947461,0.029805516,0.031905219,0.034232649,0.036765432,0.039473058,0.042329269,0.045322356,0.048441884,0.051674112,0.055001788,0.058403983,0.061856019,0.065329473,0.068792291,0.072209009,0.075557461,0.075557461,0.075557461,0.075557461,0.075557461,0.075557461,0.075557461,0.075557461,0.075557461,0.075557461,0.075557461,0.075557461,0.075557461,0.075557461,0.075557461,0.075557461,0.075557461,0.075557461,0.075557461,0.075557461,0.075557461,0.075557461,0.075557461,0.075557461,0.075557461,0.075557461,0.075557461,0.075557461,0.075557461,0.075557461,0.075557461,0.075557461,0.075557461,0.075557461,0.075557461,0.075557461,0.075557461,0.075557461,0.075557461,0.075557461,0.075557461,0.075557461,0.075557461,0.075557461,0.075557461,0.075557461,0.075557461,0.075557461,0.075557461,0.075557461,0.075557461,0.075557461,0.075557461,0.075557461,0.075557461,0.075557461,0.075557461,0.075557461,0.075557461,0.075557461,0.075557461,0.075557461,0.075557461,0.075557461,0.075557461,0.075557461,0.075557461,0.075557461,0.075557461,0.075557461,0.075557461,0.075557461,0.075557461,0.075557461,0.075557461,0.075557461,0.075557461,0.075557461,0.075557461,0.075557461,0.075557461,0.075557461,0.075557461,0.075557461,0.075557461,0.075557461,0.075557461,0.075557461,0.075557461,0.075557461,0.075557461,0.075557461,0.075557461,0.075557461,0.075557461,0.075557461,0.075557461,0.075557461,0.075557461,0.075557461,0.075557461,0.075557461,0.075557461,0.075557461,0.075557461,0.075557461,0.075557461,0.075557461,0.075557461,0.075557461,0.075557461,0.075557461,0.075557461,0.075557461,0.075557461,0.075557461,0.075557461,0.075557461,0.075557461,0.075557461
0,0,42,0.004343360,0.004343360,0.004343360,0.004343360,0.004343360,0.004343360,0.004343360,0.004343360,0.004343360,0.004343360,0.004343360,0.004343360,0.004343360,0.004343360,0.004343360,0.004343360,0.004343360,0.004343360,0.004343360,0.004343360,0.004343360,0.004343360,0.004343360,0.004343360,0.004343360,0.004343360,0.004343360,0.004538243,0.004774394,0.005049033,0.005358568,0.005698120,0.006061071,0.006438660,0.006819688,0.007193277,0.007558788,0.007919268,0.008278832,0.008642665,0.009017033,0.009409344,0.009828257,0.010283865,0.010787958,0.011351835,0.011977954,0.012666013,0.013415406,0.014224737,0.015091471,0.016011677,0.016979768,0.017988252,0.019027512,0.020087617,0.021165003,0.022256580,0.023353377,0.024443720,0.025514497,0.026551268,0.027538420,0.028459399,0.029296995,0.030033501,0.030650467,0.031133777,0.031486774,0.031718970,0.031841726,0.031867805,0.031810953,0.031685522,0.031506143,0.031288257,0.031050244,0.030805849,0.030548717,0.030267834,0.029952637,0.029593111,0.029179928,0.028704609,0.028159711,0.027540788,0.026851516,0.026105068,0.025341996,0.024605622,0.023934544,0.023363333,0.022923773,0.022646568,0.022563500,0.022706566,0.023100188,0.023765923,0.024701360,0.025900825,0.027360958,0.029078517,0.031048142,0.033260017,0.035697429,0.038336927,0.041155342,0.044127688,0.047241668,0.050486315,0.053847237,0.057306399,0.060841971,0.064428246,0.068035666,0.071630934,0.075177257,0.075177257,0.075177257,0.075177257,0.075177257,0.075177257,0.075177257,0.075177257,0.075177257,0.075177257,0.075177257,0.075177257,0.075177257,0.075177257,0.075177257,0.075177257,0.075177257,0.075177257,0.075177257,0.075177257,0.075177257,0.075177257,0.075177257,0.075177257,0.075177257,0.075177257,0.075177257,0.075177257,0.075177257,0.075177257,0.075177257,0.075177257,0.075177257,0.075177257,0.075177257,0.075177257,0.075177257,0.075177257,0.075177257,0.075177257,0.075177257,0.075177257,0.075177257,0.075177257,0.075177257,0.075177257,0.075177257,0.075177257,0.075177257,0.075177257,0.075177257,0.075177257,0.075177257,0.075177257,0.075177257,0.075177257,0.075177257,0.075177257,0.075177257,0.075177257,0.075177257,0.075177257,0.075177257,0.075177257,0.075177257,0.075177257,0.075177257,0.075177257,0.075177257,0.075177257,0.075177257,0.075177257,0.075177257,0.075177257,0.075177257,0.075177257,0.075177257,0.075177257,0.075177257,0.075177257,0.075177257,0.075177257,0.075177257,0.075177257,0.075177257,0.075177257,0.075177257,0.075177257,0.075177257,0.075177257,0.075177257,0.075177257,0.075177257,0.075177257,0.075177257,0.075177257,0.075177257,0.075177257,0.075177257,0.075177257,0.075177257,0.075177257,0.075177257,0.075177257,0.075177257,0.075177257,0.075177257,0.075177257,0.075177257,0.075177257,0.075177257,0.075177257,0.075177257,0.075177257,0.075177257,0.075177257,0.075177257,0.075177257,0.075177257,0.075177257,0.075177257
0,0,43,0.004589861,0.004589861,0.004589861,0.004589861,0.004589861,0.004589861,0.004589861,0.004589861,0.004589861,0.004589861,0.004589861,0.004589861,0.004589861,0.004589861,0.004589861,0.004589861,0.004589861,0.004589861,0.004589861,0.004589861,0.004589861,0.004589861,0.004589861,0.004589861,0.004589861,0.004589861,0.004589861,0.004828685,0.005106431,0.005419465,0.005762854,0.006129903,0.006511752,0.006897075,0.007274872,0.007644498,0.008009032,0.008372638,0.008740557,0.009119126,0.009515836,0.009939443,0.010400151,0.010909882,0.011480057,0.012113162,0.012808779,0.013565822,0.014382650,0.015256561,0.016183424,0.017157423,0.018170809,0.019213689,0.020275855,0.021353534,0.022444801,0.023546368,0.024648785,0.025739842,0.026805943,0.027832214,0.028802688,0.029700547,0.030508217,0.031207069,0.031778444,0.032208534,0.032501663,0.032668479,0.032721446,0.032674370,0.032541955,0.032339404,0.032082896,0.031791692,0.031485372,0.031177844,0.030862602,0.030528485,0.030164840,0.029761607,0.029309438,0.028799847,0.028227177,0.027593866,0.026904580,0.026171475,0.025434042,0.024734652,0.024111235,0.023598154,0.023227589,0.023031413,0.023039935,0.023273732,0.023756571,0.024512597,0.025540769,0.026835948,0.028394662,0.030212859,0.032283614,0.034594717,0.037128744,0.039869700,0.042795785,0.045880939,0.049112285,0.052478332,0.055964049,0.059550637,0.063215384,0.066931588,0.070668585,0.074391881,0.074391881,0.074391881,0.074391881,0.074391881,0.074391881,0.074391881,0.074391881,0.074391881,0.074391881,0.074391881,0.074391881,0.074391881,0.074391881,0.074391881,0.074391881,0.074391881,0.074391881,0.074391881,0.074391881,0.074391881,0.074391881,0.074391881,0.074391881,0.074391881,0.074391881,0.074391881,0.074391881,0.074391881,0.074391881,0.074391881,0.074391881,0.074391881,0.074391881,0.074391881,0.074391881,0.074391881,0.074391881,0.074391881,0.074391881,0.074391881,0.074391881,0.074391881,0.074391881,0.074391881,0.074391881,0.074391881,0.074391881,0.074391881,0.074391881,0.074391881,0.074391881,0.074391881,0.074391881,0.074391881,0.074391881,0.074391881,0.074391881,0.074391881,0.074391881,0.074391881,0.074391881,0.074391881,0.074391881,0.074391881,0.074391881,0.074391881,0.074391881,0.074391881,0.074391881,0.074391881,0.074391881,0.074391881,0.074391881,0.074391881,0.074391881,0.074391881,0.074391881,0.074391881,0.074391881,0.074391881,0.074391881,0.074391881,0.074391881,0.074391881,0.074391881,0.074391881,0.074391881,0.074391881,0.074391881,0.074391881,0.074391881,0.074391881,0.074391881,0.074391881,0.074391881,0.074391881,0.074391881,0.074391881,0.074391881,0.074391881,0.074391881,0.074391881,0.074391881,0.074391881,0.074391881,0.074391881,0.074391881,0.074391881,0.074391881,0.074391881,0.074391881,0.074391881,0.074391881,0.074391881,0.074391881,0.074391881,0.074391881,0.074391881,0.074391881,0.074391881,0.074391881
0,0,44,0.004873663,0.004873663,0.004873663,0.004873663,0.004873663,0.004873663,0.004873663,0.004873663,0.004873663,0.004873663,0.004873663,0.004873663,0.004873663,0.004873663,0.004873663,0.004873663,0.004873663,0.004873663,0.004873663,0.004873663,0.004873663,0.004873663,0.004873663,0.004873663,0.004873663,0.004873663,0.004873663,0.005153983,0.005469916,0.005816483,0.006186926,0.006572304,0.006961185,0.007342468,0.007715502,0.008083394,0.008450347,0.008821650,0.009203699,0.009604052,0.010031547,0.010496479,0.011010878,0.011586270,0.012225159,0.012927124,0.013690950,0.014514473,0.015394724,0.016327387,0.017306432,0.018323873,0.019369558,0.020433023,0.021510294,0.022599257,0.023697876,0.024802700,0.025903844,0.026988628,0.028043031,0.029051829,0.029998784,0.030866692,0.031637021,0.032290886,0.032809747,0.033180228,0.033407697,0.033503969,0.033482629,0.033358527,0.033147308,0.032865833,0.032534261,0.032173131,0.031802279,0.031435662,0.031066598,0.030683762,0.030276395,0.029834376,0.029348315,0.028811528,0.028225398,0.027593434,0.026919349,0.026214204,0.025516408,0.024867465,0.024304847,0.023863010,0.023574953,0.023470577,0.023568123,0.023887200,0.024454129,0.025295293,0.026410616,0.027795075,0.029444644,0.031354007,0.033514194,0.035912602,0.038539310,0.041379923,0.044411718,0.047607571,0.050954028,0.054439078,0.058047052,0.061758401,0.065549544,0.069392800,0.073256426,0.073256426,0.073256426,0.073256426,0.073256426,0.073256426,0.073256426,0.073256426,0.073256426,0.073256426,0.073256426,0.073256426,0.073256426,0.073256426,0.073256426,0.073256426,0.073256426,0.073256426,0.073256426,0.073256426,0.073256426,0.073256426,0.073256426,0.073256426,0.073256426,0.073256426,0.073256426,0.073256426,0.073256426,0.073256426,0.073256426,0.073256426,0.073256426,0.073256426,0.073256426,0.073256426,0.073256426,0.073256426,0.073256426,0.073256426,0.073256426,0.073256426,0.073256426,0.073256426,0.073256426,0.073256426,0.073256426,0.073256426,0.073256426,0.073256426,0.073256426,0.073256426,0.073256426,0.073256426,0.073256426,0.073256426,0.073256426,0.073256426,0.073256426,0.073256426,0.073256426,0.073256426,0.073256426,0.073256426,0.073256426,0.073256426,0.073256426,0.073256426,0.073256426,0.073256426,0.073256426,0.073256426,0.073256426,0.073256426,0.073256426,0.073256426,0.073256426,0.073256426,0.073256426,0.073256426,0.073256426,0.073256426,0.073256426,0.073256426,0.073256426,0.073256426,0.073256426,0.073256426,0.073256426,0.073256426,0.073256426,0.073256426,0.073256426,0.073256426,0.073256426,0.073256426,0.073256426,0.073256426,0.073256426,0.073256426,0.073256426,0.073256426,0.073256426,0.073256426,0.073256426,0.073256426,0.073256426,0.073256426,0.073256426,0.073256426,0.073256426,0.073256426,0.073256426,0.073256426,0.073256426,0.073256426,0.073256426,0.073256426,0.073256426,0.073256426,0.073256426,0.073256426,0.073256426
0,0,45,0.005194737,0.005194737,0.005194737,0.005194737,0.005194737,0.005194737,0.005194737,0.005194737,0.005194737,0.005194737,0.005194737,0.005194737,0.005194737,0.005194737,0.005194737,0.005194737,0.005194737,0.005194737,0.005194737,0.005194737,0.005194737,0.005194737,0.005194737,0.005194737,0.005194737,0.005194737,0.005194737,0.005513155,0.005862446,0.006235798,0.006624199,0.007016129,0.007400399,0.007776353,0.008147123,0.008516944,0.008891147,0.009276178,0.009679653,0.010110479,0.010579029,0.011097429,0.011677290,0.012321136,0.013028540,0.013798274,0.014628034,0.015514286,0.016452422,0.017436213,0.018457450,0.019505734,0.020570360,0.021647158,0.022733834,0.023828169,0.024928044,0.026029882,0.027123409,0.028195528,0.029231864,0.030216909,0.031134018,0.031964987,0.032690980,0.033293173,0.033753271,0.034058438,0.034215146,0.034236406,0.034136936,0.033932627,0.033640902,0.033282773,0.032879773,0.032452753,0.032021681,0.031600466,0.031182215,0.030755428,0.030309223,0.029833393,0.029320353,0.028770579,0.028186594,0.027571022,0.026926570,0.026263212,0.025618349,0.025032813,0.024543906,0.024186587,0.023991432,0.023975622,0.024156146,0.024554953,0.025200602,0.026121377,0.027317755,0.028784392,0.030516258,0.032506300,0.034745432,0.037228558,0.039947529,0.042887307,0.046024242,0.049330141,0.052790970,0.056394193,0.060123505,0.063958601,0.067875036,0.071844157,0.071844157,0.071844157,0.071844157,0.071844157,0.071844157,0.071844157,0.071844157,0.071844157,0.071844157,0.071844157,0.071844157,0.071844157,0.071844157,0.071844157,0.071844157,0.071844157,0.071844157,0.071844157,0.071844157,0.071844157,0.071844157,0.071844157,0.071844157,0.071844157,0.071844157,0.071844157,0.071844157,0.071844157,0.071844157,0.071844157,0.071844157,0.071844157,0.071844157,0.071844157,0.071844157,0.071844157,0.071844157,0.071844157,0.071844157,0.071844157,0.071844157,0.071844157,0.071844157,0.071844157,0.071844157,0.071844157,0.071844157,0.071844157,0.071844157,0.071844157,0.071844157,0.071844157,0.071844157,0.071844157,0.071844157,0.071844157,0.071844157,0.071844157,0.071844157,0.071844157,0.071844157,0.071844157,0.071844157,0.071844157,0.071844157,0.071844157,0.071844157,0.071844157,0.071844157,0.071844157,0.071844157,0.071844157,0.071844157,0.071844157,0.071844157,0.071844157,0.071844157,0.071844157,0.071844157,0.071844157,0.071844157,0.071844157,0.071844157,0.071844157,0.071844157,0.071844157,0.071844157,0.071844157,0.071844157,0.071844157,0.071844157,0.071844157,0.071844157,0.071844157,0.071844157,0.071844157,0.071844157,0.071844157,0.071844157,0.071844157,0.071844157,0.071844157,0.071844157,0.071844157,0.071844157,0.071844157,0.071844157,0.071844157,0.071844157,0.071844157,0.071844157,0.071844157,0.071844157,0.071844157,0.071844157,0.071844157,0.071844157,0.071844157,0.071844157,0.071844157,0.071844157,0.071844157,0.071844157
0,0,46,0.005552568,0.005552568,0.005552568,0.005552568,0.005552568,0.005552568,0.005552568,0.005552568,0.005552568,0.005552568,0.005552568,0.005552568,0.005552568,0.005552568,0.005552568,0.005552568,0.005552568,0.005552568,0.005552568,0.005552568,0.005552568,0.005552568,0.005552568,0.005552568,0.005552568,0.005552568,0.005552568,0.005904340,0.006280344,0.006671501,0.007066210,0.007453202,0.007831817,0.008205210,0.008577645,0.008954491,0.009342238,0.009748559,0.010182420,0.010654269,0.011176313,0.011760248,0.012408610,0.013120969,0.013896087,0.014731642,0.015623941,0.016567766,0.017556574,0.018581939,0.019633230,0.020699504,0.021776400,0.022861446,0.023952244,0.025046501,0.026142051,0.027235224,0.028315401,0.029369121,0.030381710,0.031337226,0.032217981,0.033005417,0.033680696,0.034225167,0.034620886,0.034855664,0.034937126,0.034879511,0.034698678,0.034412426,0.034042516,0.033611449,0.033141149,0.032652658,0.032165964,0.031694847,0.031232178,0.030766258,0.030286065,0.029783179,0.029257273,0.028710008,0.028143077,0.027558193,0.026957081,0.026348699,0.025769614,0.025260268,0.024858189,0.024595497,0.024489378,0.024555483,0.024812967,0.025285827,0.026004565,0.026999035,0.028269849,0.029810892,0.031615667,0.033677246,0.035994035,0.038562829,0.041375060,0.044415031,0.047658146,0.051075124,0.054651337,0.058373713,0.062225297,0.066185020,0.070227558,0.070227558,0.070227558,0.070227558,0.070227558,0.070227558,0.070227558,0.070227558,0.070227558,0.070227558,0.070227558,0.070227558,0.070227558,0.070227558,0.070227558,0.070227558,0.070227558,0.070227558,0.070227558,0.070227558,0.070227558,0.070227558,0.070227558,0.070227558,0.070227558,0.070227558,0.070227558,0.070227558,0.070227558,0.070227558,0.070227558,0.070227558,0.070227558,0.070227558,0.070227558,0.070227558,0.070227558,0.070227558,0.070227558,0.070227558,0.070227558,0.070227558,0.070227558,0.070227558,0.070227558,0.070227558,0.070227558,0.070227558,0.070227558,0.070227558,0.070227558,0.070227558,0.070227558,0.070227558,0.070227558,0.070227558,0.070227558,0.070227558,0.070227558,0.070227558,0.070227558,0.070227558,0.070227558,0.070227558,0.070227558,0.070227558,0.070227558,0.070227558,0.070227558,0.070227558,0.070227558,0.070227558,0.070227558,0.070227558,0.070227558,0.070227558,0.070227558,0.070227558,0.070227558,0.070227558,0.070227558,0.070227558,0.070227558,0.070227558,0.070227558,0.070227558,0.070227558,0.070227558,0.070227558,0.070227558,0.070227558,0.070227558,0.070227558,0.070227558,0.070227558,0.070227558,0.070227558,0.070227558,0.070227558,0.070227558,0.070227558,0.070227558,0.070227558,0.070227558,0.070227558,0.070227558,0.070227558,0.070227558,0.070227558,0.070227558,0.070227558,0.070227558,0.070227558,0.070227558,0.070227558,0.070227558,0.070227558,0.070227558,0.070227558,0.070227558,0.070227558,0.070227558,0.070227558,0.070227558,0.070227558
0,0,47,0.005945888,0.005945888,0.005945888,0.005945888,0.005945888,0.005945888,0.005945888,0.005945888,0.005945888,0.005945888,0.005945888,0.005945888,0.005945888,0.005945888,0.005945888,0.005945888,0.005945888,0.005945888,0.005945888,0.005945888,0.005945888,0.005945888,0.005945888,0.005945888,0.005945888,0.005945888,0.005945888,0.006324521,0.006718411,0.007115875,0.007505567,0.007886821,0.008262814,0.008637841,0.009017307,0.009407749,0.009816891,0.010253761,0.010728880,0.011254539,0.011842512,0.012495352,0.013212624,0.013993080,0.014834379,0.015732801,0.016682952,0.017677627,0.018708057,0.019763378,0.020832414,0.021910611,0.022995318,0.024083964,0.025174082,0.026263335,0.027349542,0.028428976,0.029490712,0.030520972,0.031504613,0.032424608,0.033262858,0.034000738,0.034619506,0.035100779,0.035427070,0.035586921,0.035589167,0.035449297,0.035185215,0.034819257,0.034374810,0.033874871,0.033341635,0.032796231,0.032258576,0.031742254,0.031239871,0.030739514,0.030231917,0.029715991,0.029192618,0.028662671,0.028127009,0.027586475,0.027041896,0.026501347,0.026000825,0.025580767,0.025275474,0.025102991,0.025078680,0.025220202,0.025548606,0.026089666,0.026875557,0.027937380,0.029275455,0.030882436,0.032752163,0.034885181,0.037281862,0.039938757,0.042846857,0.045989778,0.049341941,0.052872941,0.056567531,0.060412082,0.064388963,0.068476317,0.068476317,0.068476317,0.068476317,0.068476317,0.068476317,0.068476317,0.068476317,0.068476317,0.068476317,0.068476317,0.068476317,0.068476317,0.068476317,0.068476317,0.068476317,0.068476317,0.068476317,0.068476317,0.068476317,0.068476317,0.068476317,0.068476317,0.068476317,0.068476317,0.068476317,0.068476317,0.068476317,0.068476317,0.068476317,0.068476317,0.068476317,0.068476317,0.068476317,0.068476317,0.068476317,0.068476317,0.068476317,0.068476317,0.068476317,0.068476317,0.068476317,0.068476317,0.068476317,0.068476317,0.068476317,0.068476317,0.068476317,0.068476317,0.068476317,0.068476317,0.068476317,0.068476317,0.068476317,0.068476317,0.068476317,0.068476317,0.068476317,0.068476317,0.068476317,0.068476317,0.068476317,0.068476317,0.068476317,0.068476317,0.068476317,0.068476317,0.068476317,0.068476317,0.068476317,0.068476317,0.068476317,0.068476317,0.068476317,0.068476317,0.068476317,0.068476317,0.068476317,0.068476317,0.068476317,0.068476317,0.068476317,0.068476317,0.068476317,0.068476317,0.068476317,0.068476317,0.068476317,0.068476317,0.068476317,0.068476317,0.068476317,0.068476317,0.068476317,0.068476317,0.068476317,0.068476317,0.068476317,0.068476317,0.068476317,0.068476317,0.068476317,0.068476317,0.068476317,0.068476317,0.068476317,0.068476317,0.068476317,0.068476317,0.068476317,0.068476317,0.068476317,0.068476317,0.068476317,0.068476317,0.068476317,0.068476317,0.068476317,0.068476317,0.068476317,0.068476317,0.068476317,0.068476317,0.068476317,0.068476317,0.068476317
0,0,48,0.006372401,0.006372401,0.006372401,0.006372401,0.006372401,0.006372401,0.006372401,0.006372401,0.006372401,0.006372401,0.006372401,0.006372401,0.006372401,0.006372401,0.006372401,0.006372401,0.006372401,0.006372401,0.006372401,0.006372401,0.006372401,0.006372401,0.006372401,0.006372401,0.006372401,0.006372401,0.006372401,0.006769253,0.007169703,0.007562321,0.007946434,0.008325246,0.008703081,0.009085388,0.009478749,0.009890948,0.010331080,0.010809742,0.011339317,0.011931665,0.012589358,0.013311954,0.014098193,0.014945716,0.015850772,0.016807926,0.017809768,0.018846811,0.019907813,0.020981355,0.022062690,0.023148988,0.024237499,0.025325582,0.026410732,0.027490603,0.028563034,0.029624270,0.030663117,0.031665294,0.032614525,0.033493311,0.034283419,0.034966238,0.035523206,0.035936297,0.036188566,0.036269375,0.036188813,0.035964555,0.035619262,0.035177054,0.034661940,0.034097297,0.033505495,0.032907658,0.032323569,0.031766560,0.031228950,0.030700536,0.030179441,0.029665788,0.029159688,0.028661242,0.028170537,0.027687648,0.027212641,0.026752903,0.026344219,0.026023448,0.025810108,0.025720104,0.025770650,0.025981161,0.026374341,0.026977503,0.027824236,0.028946582,0.030344131,0.032010059,0.033945665,0.036153505,0.038633834,0.041382936,0.044391331,0.047641904,0.051108037,0.054758143,0.058576317,0.062548342,0.066655875,0.066655875,0.066655875,0.066655875,0.066655875,0.066655875,0.066655875,0.066655875,0.066655875,0.066655875,0.066655875,0.066655875,0.066655875,0.066655875,0.066655875,0.066655875,0.066655875,0.066655875,0.066655875,0.066655875,0.066655875,0.066655875,0.066655875,0.066655875,0.066655875,0.066655875,0.066655875,0.066655875,0.066655875,0.066655875,0.066655875,0.066655875,0.066655875,0.066655875,0.066655875,0.066655875,0.066655875,0.066655875,0.066655875,0.066655875,0.066655875,0.066655875,0.066655875,0.066655875,0.066655875,0.066655875,0.066655875,0.066655875,0.066655875,0.066655875,0.066655875,0.066655875,0.066655875,0.066655875,0.066655875,0.066655875,0.066655875,0.066655875,0.066655875,0.066655875,0.066655875,0.066655875,0.066655875,0.066655875,0.066655875,0.066655875,0.066655875,0.066655875,0.066655875,0.066655875,0.066655875,0.066655875,0.066655875,0.066655875,0.066655875,0.066655875,0.066655875,0.066655875,0.066655875,0.066655875,0.066655875,0.066655875,0.066655875,0.066655875,0.066655875,0.066655875,0.066655875,0.066655875,0.066655875,0.066655875,0.066655875,0.066655875,0.066655875,0.066655875,0.066655875,0.066655875,0.066655875,0.066655875,0.066655875,0.066655875,0.066655875,0.066655875,0.066655875,0.066655875,0.066655875,0.066655875,0.066655875,0.066655875,0.066655875,0.066655875,0.066655875,0.066655875,0.066655875,0.066655875,0.066655875,0.066655875,0.066655875,0.066655875,0.066655875,0.066655875,0.066655875,0.066655875,0.066655875,0.066655875,0.066655875,0.066655875,0.066655875
0,0,49,0.006828486,0.006828486,0.006828486,0.006828486,0.006828486,0.006828486,0.006828486,0.006828486,0.006828486,0.006828486,0.006828486,0.006828486,0.006828486,0.006828486,0.006828486,0.006828486,0.006828486,0.006828486,0.006828486,0.006828486,0.006828486,0.006828486,0.006828486,0.006828486,0.006828486,0.006828486,0.006828486,0.007232415,0.007628440,0.008015885,0.008397979,0.008779086,0.009164701,0.009561463,0.009977222,0.010421153,0.010903942,0.011438079,0.012035524,0.012698867,0.013427663,0.014220638,0.015075409,0.015988192,0.016953501,0.017963862,0.019009545,0.020078519,0.021158957,0.022245913,0.023336373,0.024427404,0.025516189,0.026600048,0.027676472,0.028743138,0.029797933,0.030837109,0.031849007,0.032818158,0.033727755,0.034560092,0.035296865,0.035919548,0.036409832,0.036750127,0.036924112,0.036922035,0.036756223,0.036449329,0.036025984,0.035511085,0.034929156,0.034303860,0.033657658,0.033011611,0.032385311,0.031791811,0.031225095,0.030682394,0.030163025,0.029666334,0.029191702,0.028738535,0.028306271,0.027894375,0.027502343,0.027137130,0.026830583,0.026604053,0.026474570,0.026459712,0.026578317,0.026851350,0.027302957,0.027961775,0.028862573,0.030038031,0.031488751,0.033215367,0.035221205,0.037508785,0.040078228,0.042925521,0.046040670,0.049405773,0.052993094,0.056769774,0.060719205,0.064826532,0.064826532,0.064826532,0.064826532,0.064826532,0.064826532,0.064826532,0.064826532,0.064826532,0.064826532,0.064826532,0.064826532,0.064826532,0.064826532,0.064826532,0.064826532,0.064826532,0.064826532,0.064826532,0.064826532,0.064826532,0.064826532,0.064826532,0.064826532,0.064826532,0.064826532,0.064826532,0.064826532,0.064826532,0.064826532,0.064826532,0.064826532,0.064826532,0.064826532,0.064826532,0.064826532,0.064826532,0.064826532,0.064826532,0.064826532,0.064826532,0.064826532,0.064826532,0.064826532,0.064826532,0.064826532,0.064826532,0.064826532,0.064826532,0.064826532,0.064826532,0.064826532,0.064826532,0.064826532,0.064826532,0.064826532,0.064826532,0.064826532,0.064826532,0.064826532,0.064826532,0.064826532,0.064826532,0.064826532,0.064826532,0.064826532,0.064826532,0.064826532,0.064826532,0.064826532,0.064826532,0.064826532,0.064826532,0.064826532,0.064826532,0.064826532,0.064826532,0.064826532,0.064826532,0.064826532,0.064826532,0.064826532,0.064826532,0.064826532,0.064826532,0.064826532,0.064826532,0.064826532,0.064826532,0.064826532,0.064826532,0.064826532,0.064826532,0.064826532,0.064826532,0.064826532,0.064826532,0.064826532,0.064826532,0.064826532,0.064826532,0.064826532,0.064826532,0.064826532,0.064826532,0.064826532,0.064826532,0.064826532,0.064826532,0.064826532,0.064826532,0.064826532,0.064826532,0.064826532,0.064826532,0.064826532,0.064826532,0.064826532,0.064826532,0.064826532,0.064826532,0.064826532,0.064826532,0.064826532,0.064826532,0.064826532,0.064826532,0.064826532
0,0,50,0.007308914,0.007308914,0.007308914,0.007308914,0.007308914,0.007308914,0.007308914,0.007308914,0.007308914,0.007308914,0.007308914,0.007308914,0.007308914,0.007308914,0.007308914,0.007308914,0.007308914,0.007308914,0.007308914,0.007308914,0.007308914,0.007308914,0.007308914,0.007308914,0.007308914,0.007308914,0.007308914,0.007709095,0.008100603,0.008486701,0.008871798,0.009261447,0.009662357,0.010082459,0.010531022,0.011018845,0.011558544,0.012162204,0.012832439,0.013568795,0.014369983,0.015233592,0.016155796,0.017131048,0.018151794,0.019208204,0.020287949,0.021378345,0.022474074,0.023571930,0.024668793,0.025761660,0.026847672,0.027924148,0.028988602,0.030038765,0.031072609,0.032086194,0.033066694,0.033998043,0.034863153,0.035644158,0.036322742,0.036880524,0.037299516,0.037562631,0.037654238,0.037566489,0.037316828,0.036930087,0.036431850,0.035847693,0.035202568,0.034520355,0.033823548,0.033133098,0.032468378,0.031844163,0.031261931,0.030720064,0.030217069,0.029751577,0.029322335,0.028928199,0.028568137,0.028241217,0.027946610,0.027686855,0.027477465,0.027336916,0.027283709,0.027336905,0.027516786,0.027845692,0.028349036,0.029056587,0.030004075,0.031226694,0.032732885,0.034525288,0.036607235,0.038981200,0.041647142,0.044600717,0.047831361,0.051320304,0.055038589,0.058951972,0.063043070,0.063043070,0.063043070,0.063043070,0.063043070,0.063043070,0.063043070,0.063043070,0.063043070,0.063043070,0.063043070,0.063043070,0.063043070,0.063043070,0.063043070,0.063043070,0.063043070,0.063043070,0.063043070,0.063043070,0.063043070,0.063043070,0.063043070,0.063043070,0.063043070,0.063043070,0.063043070,0.063043070,0.063043070,0.063043070,0.063043070,0.063043070,0.063043070,0.063043070,0.063043070,0.063043070,0.063043070,0.063043070,0.063043070,0.063043070,0.063043070,0.063043070,0.063043070,0.063043070,0.063043070,0.063043070,0.063043070,0.063043070,0.063043070,0.063043070,0.063043070,0.063043070,0.063043070,0.063043070,0.063043070,0.063043070,0.063043070,0.063043070,0.063043070,0.063043070,0.063043070,0.063043070,0.063043070,0.063043070,0.063043070,0.063043070,0.063043070,0.063043070,0.063043070,0.063043070,0.063043070,0.063043070,0.063043070,0.063043070,0.063043070,0.063043070,0.063043070,0.063043070,0.063043070,0.063043070,0.063043070,0.063043070,0.063043070,0.063043070,0.063043070,0.063043070,0.063043070,0.063043070,0.063043070,0.063043070,0.063043070,0.063043070,0.063043070,0.063043070,0.063043070,0.063043070,0.063043070,0.063043070,0.063043070,0.063043070,0.063043070,0.063043070,0.063043070,0.063043070,0.063043070,0.063043070,0.063043070,0.063043070,0.063043070,0.063043070,0.063043070,0.063043070,0.063043070,0.063043070,0.063043070,0.063043070,0.063043070,0.063043070,0.063043070,0.063043070,0.063043070,0.063043070,0.063043070,0.063043070,0.063043070,0.063043070,0.063043070,0.063043070,0.063043070
0,0,51,0.007808577,0.007808577,0.007808577,0.007808577,0.007808577,0.007808577,0.007808577,0.007808577,0.007808577,0.007808577,0.007808577,0.007808577,0.007808577,0.007808577,0.007808577,0.007808577,0.007808577,0.007808577,0.007808577,0.007808577,0.007808577,0.007808577,0.007808577,0.007808577,0.007808577,0.007808577,0.007808577,0.008205095,0.008596130,0.008986148,0.009380771,0.009786795,0.010212252,0.010666527,0.011160556,0.011707115,0.012318437,0.012997168,0.013742845,0.014554159,0.015428664,0.016362480,0.017349989,0.018383536,0.019453165,0.020546392,0.021650192,0.022758397,0.023867430,0.024973970,0.026074820,0.027166934,0.028247448,0.029313706,0.030363278,0.031393985,0.032403683,0.033387538,0.034332143,0.035221074,0.036036996,0.036761930,0.037377596,0.037865814,0.038208977,0.038390561,0.038396657,0.038224287,0.037893193,0.037429363,0.036859246,0.036209020,0.035504003,0.034768232,0.034024197,0.033292712,0.032594990,0.031953496,0.031370813,0.030844452,0.030372193,0.029952071,0.029582360,0.029261571,0.028988435,0.028761901,0.028576679,0.028417859,0.028297506,0.028235327,0.028251142,0.028365345,0.028599525,0.028977250,0.029525052,0.030273658,0.031261724,0.032533871,0.034100893,0.035965421,0.038130781,0.040599384,0.043371000,0.046440905,0.049797895,0.053422234,0.057283614,0.061346260,0.061346260,0.061346260,0.061346260,0.061346260,0.061346260,0.061346260,0.061346260,0.061346260,0.061346260,0.061346260,0.061346260,0.061346260,0.061346260,0.061346260,0.061346260,0.061346260,0.061346260,0.061346260,0.061346260,0.061346260,0.061346260,0.061346260,0.061346260,0.061346260,0.061346260,0.061346260,0.061346260,0.061346260,0.061346260,0.061346260,0.061346260,0.061346260,0.061346260,0.061346260,0.061346260,0.061346260,0.061346260,0.061346260,0.061346260,0.061346260,0.061346260,0.061346260,0.061346260,0.061346260,0.061346260,0.061346260,0.061346260,0.061346260,0.061346260,0.061346260,0.061346260,0.061346260,0.061346260,0.061346260,0.061346260,0.061346260,0.061346260,0.061346260,0.061346260,0.061346260,0.061346260,0.061346260,0.061346260,0.061346260,0.061346260,0.061346260,0.061346260,0.061346260,0.061346260,0.061346260,0.061346260,0.061346260,0.061346260,0.061346260,0.061346260,0.061346260,0.061346260,0.061346260,0.061346260,0.061346260,0.061346260,0.061346260,0.061346260,0.061346260,0.061346260,0.061346260,0.061346260,0.061346260,0.061346260,0.061346260,0.061346260,0.061346260,0.061346260,0.061346260,0.061346260,0.061346260,0.061346260,0.061346260,0.061346260,0.061346260,0.061346260,0.061346260,0.061346260,0.061346260,0.061346260,0.061346260,0.061346260,0.061346260,0.061346260,0.061346260,0.061346260,0.061346260,0.061346260,0.061346260,0.061346260,0.061346260,0.061346260,0.061346260,0.061346260,0.061346260,0.061346260,0.061346260,0.061346260,0.061346260,0.061346260,0.061346260,0.061346260,0.061346260,0.061346260
0,0,52,0.008329281,0.008329281,0.008329281,0.008329281,0.008329281,0.008329281,0.008329281,0.008329281,0.008329281,0.008329281,0.008329281,0.008329281,0.008329281,0.008329281,0.008329281,0.008329281,0.008329281,0.008329281,0.008329281,0.008329281,0.008329281,0.008329281,0.008329281,0.008329281,0.008329281,0.008329281,0.008329281,0.008726182,0.009122047,0.009522581,0.009934681,0.010366499,0.010827561,0.011328963,0.011883670,0.012504095,0.013192919,0.013949668,0.014773008,0.015660454,0.016608063,0.017610128,0.018658878,0.019744205,0.020853440,0.021973365,0.023097530,0.024221475,0.025341487,0.026454161,0.027556253,0.028644708,0.029716688,0.030769596,0.031801094,0.032808890,0.033790020,0.034739356,0.035643147,0.036484647,0.037246313,0.037910104,0.038457827,0.038871566,0.039134153,0.039230683,0.039152016,0.038897196,0.038487222,0.037949148,0.037310210,0.036597112,0.035835476,0.035049454,0.034261494,0.033494380,0.032777277,0.032133833,0.031565695,0.031069605,0.030642758,0.030282776,0.029987691,0.029755927,0.029586290,0.029473372,0.029393880,0.029328395,0.029289731,0.029298700,0.029376314,0.029544186,0.029825092,0.030243704,0.030827528,0.031610276,0.032640497,0.033966785,0.035600285,0.037543608,0.039800063,0.042371974,0.045258892,0.048455658,0.051950351,0.055722161,0.059739289,0.059739289,0.059739289,0.059739289,0.059739289,0.059739289,0.059739289,0.059739289,0.059739289,0.059739289,0.059739289,0.059739289,0.059739289,0.059739289,0.059739289,0.059739289,0.059739289,0.059739289,0.059739289,0.059739289,0.059739289,0.059739289,0.059739289,0.059739289,0.059739289,0.059739289,0.059739289,0.059739289,0.059739289,0.059739289,0.059739289,0.059739289,0.059739289,0.059739289,0.059739289,0.059739289,0.059739289,0.059739289,0.059739289,0.059739289,0.059739289,0.059739289,0.059739289,0.059739289,0.059739289,0.059739289,0.059739289,0.059739289,0.059739289,0.059739289,0.059739289,0.059739289,0.059739289,0.059739289,0.059739289,0.059739289,0.059739289,0.059739289,0.059739289,0.059739289,0.059739289,0.059739289,0.059739289,0.059739289,0.059739289,0.059739289,0.059739289,0.059739289,0.059739289,0.059739289,0.059739289,0.059739289,0.059739289,0.059739289,0.059739289,0.059739289,0.059739289,0.059739289,0.059739289,0.059739289,0.059739289,0.059739289,0.059739289,0.059739289,0.059739289,0.059739289,0.059739289,0.059739289,0.059739289,0.059739289,0.059739289,0.059739289,0.059739289,0.059739289,0.059739289,0.059739289,0.059739289,0.059739289,0.059739289,0.059739289,0.059739289,0.059739289,0.059739289,0.059739289,0.059739289,0.059739289,0.059739289,0.059739289,0.059739289,0.059739289,0.059739289,0.059739289,0.059739289,0.059739289,0.059739289,0.059739289,0.059739289,0.059739289,0.059739289,0.059739289,0.059739289,0.059739289,0.059739289,0.059739289,0.059739289,0.059739289,0.059739289,0.059739289,0.059739289,0.059739289,0.059739289
0,0,53,0.008875566,0.008875566,0.008875566,0.008875566,0.008875566,0.008875566,0.008875566,0.008875566,0.008875566,0.008875566,0.008875566,0.008875566,0.008875566,0.008875566,0.008875566,0.008875566,0.008875566,0.008875566,0.008875566,0.008875566,0.008875566,0.008875566,0.008875566,0.008875566,0.008875566,0.008875566,0.008875566,0.009278144,0.009685464,0.010104542,0.010543665,0.011012518,0.011522385,0.012086447,0.012717322,0.013417733,0.014187192,0.015024338,0.015926637,0.016890077,0.017908847,0.018975043,0.020078385,0.021205988,0.022344414,0.023487107,0.024629327,0.025766421,0.026894572,0.028010322,0.029110416,0.030191825,0.031251771,0.032287750,0.033297319,0.034277358,0.035224691,0.036134148,0.036991671,0.037780229,0.038482124,0.039079302,0.039553722,0.039887793,0.040065866,0.040077784,0.039916303,0.039581431,0.039095331,0.038486032,0.037781475,0.037008820,0.036193935,0.035361039,0.034534701,0.033745951,0.033025204,0.032395233,0.031856880,0.031406287,0.031040273,0.030756301,0.030552453,0.030427407,0.030375712,0.030373606,0.030392939,0.030413904,0.030449905,0.030522755,0.030654560,0.030868059,0.031187113,0.031637386,0.032249455,0.033067075,0.034143102,0.035528203,0.037233898,0.039262766,0.041618078,0.044302051,0.047313973,0.050648195,0.054291994,0.058223375,0.058223375,0.058223375,0.058223375,0.058223375,0.058223375,0.058223375,0.058223375,0.058223375,0.058223375,0.058223375,0.058223375,0.058223375,0.058223375,0.058223375,0.058223375,0.058223375,0.058223375,0.058223375,0.058223375,0.058223375,0.058223375,0.058223375,0.058223375,0.058223375,0.058223375,0.058223375,0.058223375,0.058223375,0.058223375,0.058223375,0.058223375,0.058223375,0.058223375,0.058223375,0.058223375,0.058223375,0.058223375,0.058223375,0.058223375,0.058223375,0.058223375,0.058223375,0.058223375,0.058223375,0.058223375,0.058223375,0.058223375,0.058223375,0.058223375,0.058223375,0.058223375,0.058223375,0.058223375,0.058223375,0.058223375,0.058223375,0.058223375,0.058223375,0.058223375,0.058223375,0.058223375,0.058223375,0.058223375,0.058223375,0.058223375,0.058223375,0.058223375,0.058223375,0.058223375,0.058223375,0.058223375,0.058223375,0.058223375,0.058223375,0.058223375,0.058223375,0.058223375,0.058223375,0.058223375,0.058223375,0.058223375,0.058223375,0.058223375,0.058223375,0.058223375,0.058223375,0.058223375,0.058223375,0.058223375,0.058223375,0.058223375,0.058223375,0.058223375,0.058223375,0.058223375,0.058223375,0.058223375,0.058223375,0.058223375,0.058223375,0.058223375,0.058223375,0.058223375,0.058223375,0.058223375,0.058223375,0.058223375,0.058223375,0.058223375,0.058223375,0.058223375,0.058223375,0.058223375,0.058223375,0.058223375,0.058223375,0.058223375,0.058223375,0.058223375,0.058223375,0.058223375,0.058223375,0.058223375,0.058223375,0.058223375,0.058223375,0.058223375,0.058223375,0.058223375,0.058223375,0.058223375
0,0,54,0.009453076,0.009453076,0.009453076,0.009453076,0.009453076,0.009453076,0.009453076,0.009453076,0.009453076,0.009453076,0.009453076,0.009453076,0.009453076,0.009453076,0.009453076,0.009453076,0.009453076,0.009453076,0.009453076,0.009453076,0.009453076,0.009453076,0.009453076,0.009453076,0.009453076,0.009453076,0.009453076,0.009868000,0.010294894,0.010742199,0.011219781,0.011739130,0.012313670,0.012956250,0.013669637,0.014453331,0.015305937,0.016224869,0.017206034,0.018243509,0.019329237,0.020452744,0.021600907,0.022760042,0.023923469,0.025086366,0.026243776,0.027390882,0.028523796,0.029639046,0.030733400,0.031803892,0.032847842,0.033862642,0.034845013,0.035791627,0.036699358,0.037563038,0.038368341,0.039097999,0.039734212,0.040258976,0.040654469,0.040904522,0.040998217,0.040927246,0.040685195,0.040272939,0.039713706,0.039036412,0.038269619,0.037440876,0.036576241,0.035702221,0.034851967,0.034057831,0.033349347,0.032748583,0.032255785,0.031866728,0.031578136,0.031387640,0.031293745,0.031290962,0.031355135,0.031457570,0.031569434,0.031670184,0.031773678,0.031902652,0.032080238,0.032330220,0.032677463,0.033150814,0.033791140,0.034646447,0.035771966,0.037220599,0.039004261,0.041125474,0.043587458,0.046392289,0.049538952,0.053021242,0.056825547,0.056825547,0.056825547,0.056825547,0.056825547,0.056825547,0.056825547,0.056825547,0.056825547,0.056825547,0.056825547,0.056825547,0.056825547,0.056825547,0.056825547,0.056825547,0.056825547,0.056825547,0.056825547,0.056825547,0.056825547,0.056825547,0.056825547,0.056825547,0.056825547,0.056825547,0.056825547,0.056825547,0.056825547,0.056825547,0.056825547,0.056825547,0.056825547,0.056825547,0.056825547,0.056825547,0.056825547,0.056825547,0.056825547,0.056825547,0.056825547,0.056825547,0.056825547,0.056825547,0.056825547,0.056825547,0.056825547,0.056825547,0.056825547,0.056825547,0.056825547,0.056825547,0.056825547,0.056825547,0.056825547,0.056825547,0.056825547,0.056825547,0.056825547,0.056825547,0.056825547,0.056825547,0.056825547,0.056825547,0.056825547,0.056825547,0.056825547,0.056825547,0.056825547,0.056825547,0.056825547,0.056825547,0.056825547,0.056825547,0.056825547,0.056825547,0.056825547,0.056825547,0.056825547,0.056825547,0.056825547,0.056825547,0.056825547,0.056825547,0.056825547,0.056825547,0.056825547,0.056825547,0.056825547,0.056825547,0.056825547,0.056825547,0.056825547,0.056825547,0.056825547,0.056825547,0.056825547,0.056825547,0.056825547,0.056825547,0.056825547,0.056825547,0.056825547,0.056825547,0.056825547,0.056825547,0.056825547,0.056825547,0.056825547,0.056825547,0.056825547,0.056825547,0.056825547,0.056825547,0.056825547,0.056825547,0.056825547,0.056825547,0.056825547,0.056825547,0.056825547,0.056825547,0.056825547,0.056825547,0.056825547,0.056825547,0.056825547,0.056825547,0.056825547,0.056825547,0.056825547,0.056825547,0.056825547
0,0,55,0.010068715,0.010068715,0.010068715,0.010068715,0.010068715,0.010068715,0.010068715,0.010068715,0.010068715,0.010068715,0.010068715,0.010068715,0.010068715,0.010068715,0.010068715,0.010068715,0.010068715,0.010068715,0.010068715,0.010068715,0.010068715,0.010068715,0.010068715,0.010068715,0.010068715,0.010068715,0.010068715,0.010504199,0.010960498,0.011447672,0.011977443,0.012563498,0.013218941,0.013946588,0.014745922,0.015615515,0.016552721,0.017553358,0.018611379,0.019718560,0.020864215,0.022034958,0.023216831,0.024403026,0.025588621,0.026768568,0.027937724,0.029091140,0.030224896,0.031335544,0.032419915,0.033475145,0.034498452,0.035486383,0.036435454,0.037342396,0.038204179,0.039015686,0.039762373,0.040426785,0.040991083,0.041437380,0.041749192,0.041915064,0.041925878,0.041774101,0.041454055,0.040967385,0.040338287,0.039596473,0.038771043,0.037889872,0.036981488,0.036081364,0.035224070,0.034441041,0.033761095,0.033205857,0.032775248,0.032464992,0.032272076,0.032194709,0.032227301,0.032345307,0.032519590,0.032720801,0.032919014,0.033092628,0.033255846,0.033432275,0.033646021,0.033921861,0.034287966,0.034783807,0.035454518,0.036350344,0.037529064,0.039045972,0.040913390,0.043133770,0.045710249,0.048644733,0.051935853,0.055576779,0.055576779,0.055576779,0.055576779,0.055576779,0.055576779,0.055576779,0.055576779,0.055576779,0.055576779,0.055576779,0.055576779,0.055576779,0.055576779,0.055576779,0.055576779,0.055576779,0.055576779,0.055576779,0.055576779,0.055576779,0.055576779,0.055576779,0.055576779,0.055576779,0.055576779,0.055576779,0.055576779,0.055576779,0.055576779,0.055576779,0.055576779,0.055576779,0.055576779,0.055576779,0.055576779,0.055576779,0.055576779,0.055576779,0.055576779,0.055576779,0.055576779,0.055576779,0.055576779,0.055576779,0.055576779,0.055576779,0.055576779,0.055576779,0.055576779,0.055576779,0.055576779,0.055576779,0.055576779,0.055576779,0.055576779,0.055576779,0.055576779,0.055576779,0.055576779,0.055576779,0.055576779,0.055576779,0.055576779,0.055576779,0.055576779,0.055576779,0.055576779,0.055576779,0.055576779,0.055576779,0.055576779,0.055576779,0.055576779,0.055576779,0.055576779,0.055576779,0.055576779,0.055576779,0.055576779,0.055576779,0.055576779,0.055576779,0.055576779,0.055576779,0.055576779,0.055576779,0.055576779,0.055576779,0.055576779,0.055576779,0.055576779,0.055576779,0.055576779,0.055576779,0.055576779,0.055576779,0.055576779,0.055576779,0.055576779,0.055576779,0.055576779,0.055576779,0.055576779,0.055576779,0.055576779,0.055576779,0.055576779,0.055576779,0.055576779,0.055576779,0.055576779,0.055576779,0.055576779,0.055576779,0.055576779,0.055576779,0.055576779,0.055576779,0.055576779,0.055576779,0.055576779,0.055576779,0.055576779,0.055576779,0.055576779,0.055576779,0.055576779,0.055576779,0.055576779,0.055576779,0.055576779,0.055576779,0.055576779
0,0,56,0.010730828,0.010730828,0.010730828,0.010730828,0.010730828,0.010730828,0.010730828,0.010730828,0.010730828,0.010730828,0.010730828,0.010730828,0.010730828,0.010730828,0.010730828,0.010730828,0.010730828,0.010730828,0.010730828,0.010730828,0.010730828,0.010730828,0.010730828,0.010730828,0.010730828,0.010730828,0.010730828,0.011196860,0.011694416,0.012235464,0.012833980,0.013503341,0.014246417,0.015062673,0.015950642,0.016907617,0.017929317,0.019009560,0.020139943,0.021309548,0.022504705,0.023711163,0.024921970,0.026132102,0.027336407,0.028529637,0.029706499,0.030861952,0.031992081,0.033093505,0.034163161,0.035198084,0.036194636,0.037149162,0.038058245,0.038918728,0.039727728,0.040480233,0.041161529,0.041754040,0.042239953,0.042602639,0.042830316,0.042913283,0.042843134,0.042613025,0.042217925,0.041660150,0.040964764,0.040162180,0.039281962,0.038354659,0.037418186,0.036509553,0.035662403,0.034907400,0.034272895,0.033780409,0.033429898,0.033217425,0.033140693,0.033193868,0.033351938,0.033585357,0.033864397,0.034158625,0.034436633,0.034675472,0.034889612,0.035103502,0.035342195,0.035633890,0.036017783,0.036537692,0.037240918,0.038180094,0.039415720,0.041005637,0.042962588,0.045288927,0.047987682,0.051060549,0.054505749,0.054505749,0.054505749,0.054505749,0.054505749,0.054505749,0.054505749,0.054505749,0.054505749,0.054505749,0.054505749,0.054505749,0.054505749,0.054505749,0.054505749,0.054505749,0.054505749,0.054505749,0.054505749,0.054505749,0.054505749,0.054505749,0.054505749,0.054505749,0.054505749,0.054505749,0.054505749,0.054505749,0.054505749,0.054505749,0.054505749,0.054505749,0.054505749,0.054505749,0.054505749,0.054505749,0.054505749,0.054505749,0.054505749,0.054505749,0.054505749,0.054505749,0.054505749,0.054505749,0.054505749,0.054505749,0.054505749,0.054505749,0.054505749,0.054505749,0.054505749,0.054505749,0.054505749,0.054505749,0.054505749,0.054505749,0.054505749,0.054505749,0.054505749,0.054505749,0.054505749,0.054505749,0.054505749,0.054505749,0.054505749,0.054505749,0.054505749,0.054505749,0.054505749,0.054505749,0.054505749,0.054505749,0.054505749,0.054505749,0.054505749,0.054505749,0.054505749,0.054505749,0.054505749,0.054505749,0.054505749,0.054505749,0.054505749,0.054505749,0.054505749,0.054505749,0.054505749,0.054505749,0.054505749,0.054505749,0.054505749,0.054505749,0.054505749,0.054505749,0.054505749,0.054505749,0.054505749,0.054505749,0.054505749,0.054505749,0.054505749,0.054505749,0.054505749,0.054505749,0.054505749,0.054505749,0.054505749,0.054505749,0.054505749,0.054505749,0.054505749,0.054505749,0.054505749,0.054505749,0.054505749,0.054505749,0.054505749,0.054505749,0.054505749,0.054505749,0.054505749,0.054505749,0.054505749,0.054505749,0.054505749,0.054505749,0.054505749,0.054505749,0.054505749,0.054505749,0.054505749,0.054505749,0.054505749,0.054505749,0.054505749
0,0,57,0.011449447,0.011449447,0.011449447,0.011449447,0.011449447,0.011449447,0.011449447,0.011449447,0.011449447,0.011449447,0.011449447,0.011449447,0.011449447,0.011449447,0.011449447,0.011449447,0.011449447,0.011449447,0.011449447,0.011449447,0.011449447,0.011449447,0.011449447,0.011449447,0.011449447,0.011449447,0.011449447,0.011958092,0.012511184,0.013123008,0.013807232,0.014566785,0.015401109,0.016308700,0.017286779,0.018330964,0.019434927,0.020590073,0.021785239,0.023006448,0.024239137,0.025476200,0.026712508,0.027942793,0.029161698,0.030363818,0.031543747,0.032696389,0.033817885,0.034904961,0.035954456,0.036962534,0.037925361,0.038839359,0.039701234,0.040507991,0.041256953,0.041943265,0.042552108,0.043065846,0.043467854,0.043746203,0.043890812,0.043892632,0.043743893,0.043438355,0.042971540,0.042346335,0.041588572,0.040729272,0.039800894,0.038843821,0.037897655,0.036998487,0.036179147,0.035469755,0.034898534,0.034487332,0.034236585,0.034143185,0.034200823,0.034383855,0.034662272,0.035006033,0.035384373,0.035765366,0.036115770,0.036411034,0.036665840,0.036905479,0.037158516,0.037464620,0.037867461,0.038413006,0.039150859,0.040136193,0.041432398,0.043100011,0.045152208,0.047591215,0.050419918,0.053639756,0.053639756,0.053639756,0.053639756,0.053639756,0.053639756,0.053639756,0.053639756,0.053639756,0.053639756,0.053639756,0.053639756,0.053639756,0.053639756,0.053639756,0.053639756,0.053639756,0.053639756,0.053639756,0.053639756,0.053639756,0.053639756,0.053639756,0.053639756,0.053639756,0.053639756,0.053639756,0.053639756,0.053639756,0.053639756,0.053639756,0.053639756,0.053639756,0.053639756,0.053639756,0.053639756,0.053639756,0.053639756,0.053639756,0.053639756,0.053639756,0.053639756,0.053639756,0.053639756,0.053639756,0.053639756,0.053639756,0.053639756,0.053639756,0.053639756,0.053639756,0.053639756,0.053639756,0.053639756,0.053639756,0.053639756,0.053639756,0.053639756,0.053639756,0.053639756,0.053639756,0.053639756,0.053639756,0.053639756,0.053639756,0.053639756,0.053639756,0.053639756,0.053639756,0.053639756,0.053639756,0.053639756,0.053639756,0.053639756,0.053639756,0.053639756,0.053639756,0.053639756,0.053639756,0.053639756,0.053639756,0.053639756,0.053639756,0.053639756,0.053639756,0.053639756,0.053639756,0.053639756,0.053639756,0.053639756,0.053639756,0.053639756,0.053639756,0.053639756,0.053639756,0.053639756,0.053639756,0.053639756,0.053639756,0.053639756,0.053639756,0.053639756,0.053639756,0.053639756,0.053639756,0.053639756,0.053639756,0.053639756,0.053639756,0.053639756,0.053639756,0.053639756,0.053639756,0.053639756,0.053639756,0.053639756,0.053639756,0.053639756,0.053639756,0.053639756,0.053639756,0.053639756,0.053639756,0.053639756,0.053639756,0.053639756,0.053639756,0.053639756,0.053639756,0.053639756,0.053639756,0.053639756,0.053639756,0.053639756,0.053639756,0.053639756
0,0,58,0.012236600,0.012236600,0.012236600,0.012236600,0.012236600,0.012236600,0.012236600,0.012236600,0.012236600,0.012236600,0.012236600,0.012236600,0.012236600,0.012236600,0.012236600,0.012236600,0.012236600,0.012236600,0.012236600,0.012236600,0.012236600,0.012236600,0.012236600,0.012236600,0.012236600,0.012236600,0.012236600,0.012802407,0.013428279,0.014128192,0.014905134,0.015758527,0.016686824,0.017687173,0.018755081,0.019884069,0.021065337,0.022287461,0.023536146,0.024796496,0.026061245,0.027325148,0.028582820,0.029828788,0.031057527,0.032263516,0.033441277,0.034585708,0.035693048,0.036759923,0.037782292,0.038756122,0.039677668,0.040543488,0.041350466,0.042095830,0.042777165,0.043389833,0.043918969,0.044348066,0.044665196,0.044860082,0.044923233,0.044846181,0.044621712,0.044244100,0.043709329,0.043020760,0.042204890,0.041295854,0.040336426,0.039368850,0.038431835,0.037560638,0.036787480,0.036142252,0.035653484,0.035343881,0.035214904,0.035259434,0.035450937,0.035758795,0.036152634,0.036601454,0.037073025,0.037533559,0.037947657,0.038288948,0.038572307,0.038826578,0.039092252,0.039413633,0.039836564,0.040409286,0.041183842,0.042218093,0.043578480,0.045328388,0.047481423,0.050039654,0.053005787,0.053005787,0.053005787,0.053005787,0.053005787,0.053005787,0.053005787,0.053005787,0.053005787,0.053005787,0.053005787,0.053005787,0.053005787,0.053005787,0.053005787,0.053005787,0.053005787,0.053005787,0.053005787,0.053005787,0.053005787,0.053005787,0.053005787,0.053005787,0.053005787,0.053005787,0.053005787,0.053005787,0.053005787,0.053005787,0.053005787,0.053005787,0.053005787,0.053005787,0.053005787,0.053005787,0.053005787,0.053005787,0.053005787,0.053005787,0.053005787,0.053005787,0.053005787,0.053005787,0.053005787,0.053005787,0.053005787,0.053005787,0.053005787,0.053005787,0.053005787,0.053005787,0.053005787,0.053005787,0.053005787,0.053005787,0.053005787,0.053005787,0.053005787,0.053005787,0.053005787,0.053005787,0.053005787,0.053005787,0.053005787,0.053005787,0.053005787,0.053005787,0.053005787,0.053005787,0.053005787,0.053005787,0.053005787,0.053005787,0.053005787,0.053005787,0.053005787,0.053005787,0.053005787,0.053005787,0.053005787,0.053005787,0.053005787,0.053005787,0.053005787,0.053005787,0.053005787,0.053005787,0.053005787,0.053005787,0.053005787,0.053005787,0.053005787,0.053005787,0.053005787,0.053005787,0.053005787,0.053005787,0.053005787,0.053005787,0.053005787,0.053005787,0.053005787,0.053005787,0.053005787,0.053005787,0.053005787,0.053005787,0.053005787,0.053005787,0.053005787,0.053005787,0.053005787,0.053005787,0.053005787,0.053005787,0.053005787,0.053005787,0.053005787,0.053005787,0.053005787,0.053005787,0.053005787,0.053005787,0.053005787,0.053005787,0.053005787,0.053005787,0.053005787,0.053005787,0.053005787,0.053005787,0.053005787,0.053005787,0.053005787,0.053005787,0.053005787
0,0,59,0.013106712,0.013106712,0.013106712,0.013106712,0.013106712,0.013106712,0.013106712,0.013106712,0.013106712,0.013106712,0.013106712,0.013106712,0.013106712,0.013106712,0.013106712,0.013106712,0.013106712,0.013106712,0.013106712,0.013106712,0.013106712,0.013106712,0.013106712,0.013106712,0.013106712,0.013106712,0.013106712,0.013747254,0.014463549,0.015258647,0.016131950,0.017081862,0.018105457,0.019198126,0.020353231,0.021561758,0.022812011,0.024089360,0.025378565,0.026672190,0.027964871,0.029251103,0.030525286,0.031781777,0.033014930,0.034219151,0.035388939,0.036519230,0.037606150,0.038645431,0.039632836,0.040564435,0.041436628,0.042246171,0.042990187,0.043666188,0.044272080,0.044803500,0.045246744,0.045590008,0.045822967,0.045935872,0.045919754,0.045766649,0.045469819,0.045023965,0.044425440,0.043677984,0.042811340,0.041870456,0.040900163,0.039941862,0.039033424,0.038209445,0.037501832,0.036940663,0.036555309,0.036369974,0.036382201,0.036564191,0.036884478,0.037312239,0.037816251,0.038364117,0.038921750,0.039453151,0.039920486,0.040295397,0.040595769,0.040862812,0.041141822,0.041479326,0.041923456,0.042524851,0.043338126,0.044423972,0.045852036,0.047688686,0.049947967,0.052631749,0.052631749,0.052631749,0.052631749,0.052631749,0.052631749,0.052631749,0.052631749,0.052631749,0.052631749,0.052631749,0.052631749,0.052631749,0.052631749,0.052631749,0.052631749,0.052631749,0.052631749,0.052631749,0.052631749,0.052631749,0.052631749,0.052631749,0.052631749,0.052631749,0.052631749,0.052631749,0.052631749,0.052631749,0.052631749,0.052631749,0.052631749,0.052631749,0.052631749,0.052631749,0.052631749,0.052631749,0.052631749,0.052631749,0.052631749,0.052631749,0.052631749,0.052631749,0.052631749,0.052631749,0.052631749,0.052631749,0.052631749,0.052631749,0.052631749,0.052631749,0.052631749,0.052631749,0.052631749,0.052631749,0.052631749,0.052631749,0.052631749,0.052631749,0.052631749,0.052631749,0.052631749,0.052631749,0.052631749,0.052631749,0.052631749,0.052631749,0.052631749,0.052631749,0.052631749,0.052631749,0.052631749,0.052631749,0.052631749,0.052631749,0.052631749,0.052631749,0.052631749,0.052631749,0.052631749,0.052631749,0.052631749,0.052631749,0.052631749,0.052631749,0.052631749,0.052631749,0.052631749,0.052631749,0.052631749,0.052631749,0.052631749,0.052631749,0.052631749,0.052631749,0.052631749,0.052631749,0.052631749,0.052631749,0.052631749,0.052631749,0.052631749,0.052631749,0.052631749,0.052631749,0.052631749,0.052631749,0.052631749,0.052631749,0.052631749,0.052631749,0.052631749,0.052631749,0.052631749,0.052631749,0.052631749,0.052631749,0.052631749,0.052631749,0.052631749,0.052631749,0.052631749,0.052631749,0.052631749,0.052631749,0.052631749,0.052631749,0.052631749,0.052631749,0.052631749,0.052631749,0.052631749,0.052631749,0.052631749,0.052631749,0.052631749,0.052631749,0.052631749
0,0,60,0.014077128,0.014077128,0.014077128,0.014077128,0.014077128,0.014077128,0.014077128,0.014077128,0.014077128,0.014077128,0.014077128,0.014077128,0.014077128,0.014077128,0.014077128,0.014077128,0.014077128,0.014077128,0.014077128,0.014077128,0.014077128,0.014077128,0.014077128,0.014077128,0.014077128,0.014077128,0.014077128,0.014810353,0.015624214,0.016518088,0.017490334,0.018537943,0.019656191,0.020838271,0.022074949,0.023354250,0.024661195,0.025980188,0.027303621,0.028626005,0.029941708,0.031245006,0.032530128,0.033791305,0.035022818,0.036219049,0.037374520,0.038483995,0.039542669,0.040546087,0.041490121,0.042371003,0.043185346,0.043930165,0.044602889,0.045201373,0.045723904,0.046167611,0.046523593,0.046781600,0.046931770,0.046964815,0.046872219,0.046646448,0.046281154,0.045771380,0.045113760,0.044315090,0.043416340,0.042464734,0.041504334,0.040575714,0.039716049,0.038959548,0.038338197,0.037882778,0.037624151,0.037583009,0.037735857,0.038050022,0.038494021,0.039036328,0.039644420,0.040284088,0.040919021,0.041510706,0.042018648,0.042415303,0.042730774,0.043011231,0.043304249,0.043658684,0.044125075,0.044756577,0.045610500,0.046750498,0.048249575,0.050177211,0.052547882,0.052547882,0.052547882,0.052547882,0.052547882,0.052547882,0.052547882,0.052547882,0.052547882,0.052547882,0.052547882,0.052547882,0.052547882,0.052547882,0.052547882,0.052547882,0.052547882,0.052547882,0.052547882,0.052547882,0.052547882,0.052547882,0.052547882,0.052547882,0.052547882,0.052547882,0.052547882,0.052547882,0.052547882,0.052547882,0.052547882,0.052547882,0.052547882,0.052547882,0.052547882,0.052547882,0.052547882,0.052547882,0.052547882,0.052547882,0.052547882,0.052547882,0.052547882,0.052547882,0.052547882,0.052547882,0.052547882,0.052547882,0.052547882,0.052547882,0.052547882,0.052547882,0.052547882,0.052547882,0.052547882,0.052547882,0.052547882,0.052547882,0.052547882,0.052547882,0.052547882,0.052547882,0.052547882,0.052547882,0.052547882,0.052547882,0.052547882,0.052547882,0.052547882,0.052547882,0.052547882,0.052547882,0.052547882,0.052547882,0.052547882,0.052547882,0.052547882,0.052547882,0.052547882,0.052547882,0.052547882,0.052547882,0.052547882,0.052547882,0.052547882,0.052547882,0.052547882,0.052547882,0.052547882,0.052547882,0.052547882,0.052547882,0.052547882,0.052547882,0.052547882,0.052547882,0.052547882,0.052547882,0.052547882,0.052547882,0.052547882,0.052547882,0.052547882,0.052547882,0.052547882,0.052547882,0.052547882,0.052547882,0.052547882,0.052547882,0.052547882,0.052547882,0.052547882,0.052547882,0.052547882,0.052547882,0.052547882,0.052547882,0.052547882,0.052547882,0.052547882,0.052547882,0.052547882,0.052547882,0.052547882,0.052547882,0.052547882,0.052547882,0.052547882,0.052547882,0.052547882,0.052547882,0.052547882,0.052547882,0.052547882,0.052547882,0.052547882,0.052547882,0.052547882
0,0,61,0.015165960,0.015165960,0.015165960,0.015165960,0.015165960,0.015165960,0.015165960,0.015165960,0.015165960,0.015165960,0.015165960,0.015165960,0.015165960,0.015165960,0.015165960,0.015165960,0.015165960,0.015165960,0.015165960,0.015165960,0.015165960,0.015165960,0.015165960,0.015165960,0.015165960,0.015165960,0.015165960,0.015999045,0.016913996,0.017909120,0.018981328,0.020125774,0.021335479,0.022600983,0.023910024,0.025247267,0.026596751,0.027950691,0.029303469,0.030649327,0.031982411,0.033296820,0.034586659,0.035846084,0.037069353,0.038250875,0.039384978,0.040465417,0.041487187,0.042445951,0.043337760,0.044159075,0.044906789,0.045578241,0.046171229,0.046684016,0.047116505,0.047471017,0.047740239,0.047914314,0.047983781,0.047939748,0.047774081,0.047479597,0.047050258,0.046481365,0.045772607,0.044942112,0.044033285,0.043092677,0.042163556,0.041285783,0.040496084,0.039828654,0.039316054,0.038990406,0.038878868,0.038981079,0.039268914,0.039709901,0.040272026,0.040922589,0.041627336,0.042349858,0.043051296,0.043690366,0.044226777,0.044643305,0.044974569,0.045269056,0.045576723,0.045948865,0.046438532,0.047101513,0.047997927,0.049194522,0.050767794,0.052790455,0.052790455,0.052790455,0.052790455,0.052790455,0.052790455,0.052790455,0.052790455,0.052790455,0.052790455,0.052790455,0.052790455,0.052790455,0.052790455,0.052790455,0.052790455,0.052790455,0.052790455,0.052790455,0.052790455,0.052790455,0.052790455,0.052790455,0.052790455,0.052790455,0.052790455,0.052790455,0.052790455,0.052790455,0.052790455,0.052790455,0.052790455,0.052790455,0.052790455,0.052790455,0.052790455,0.052790455,0.052790455,0.052790455,0.052790455,0.052790455,0.052790455,0.052790455,0.052790455,0.052790455,0.052790455,0.052790455,0.052790455,0.052790455,0.052790455,0.052790455,0.052790455,0.052790455,0.052790455,0.052790455,0.052790455,0.052790455,0.052790455,0.052790455,0.052790455,0.052790455,0.052790455,0.052790455,0.052790455,0.052790455,0.052790455,0.052790455,0.052790455,0.052790455,0.052790455,0.052790455,0.052790455,0.052790455,0.052790455,0.052790455,0.052790455,0.052790455,0.052790455,0.052790455,0.052790455,0.052790455,0.052790455,0.052790455,0.052790455,0.052790455,0.052790455,0.052790455,0.052790455,0.052790455,0.052790455,0.052790455,0.052790455,0.052790455,0.052790455,0.052790455,0.052790455,0.052790455,0.052790455,0.052790455,0.052790455,0.052790455,0.052790455,0.052790455,0.052790455,0.052790455,0.052790455,0.052790455,0.052790455,0.052790455,0.052790455,0.052790455,0.052790455,0.052790455,0.052790455,0.052790455,0.052790455,0.052790455,0.052790455,0.052790455,0.052790455,0.052790455,0.052790455,0.052790455,0.052790455,0.052790455,0.052790455,0.052790455,0.052790455,0.052790455,0.052790455,0.052790455,0.052790455,0.052790455,0.052790455,0.052790455,0.052790455,0.052790455,0.052790455,0.052790455,0.052790455
0,0,62,0.016382720,0.016382720,0.016382720,0.016382720,0.016382720,0.016382720,0.016382720,0.016382720,0.016382720,0.016382720,0.016382720,0.016382720,0.016382720,0.016382720,0.016382720,0.016382720,0.016382720,0.016382720,0.016382720,0.016382720,0.016382720,0.016382720,0.016382720,0.016382720,0.016382720,0.016382720,0.016382720,0.017319225,0.018337746,0.019435108,0.020606339,0.021844285,0.023139256,0.024478692,0.025846898,0.027227537,0.028612644,0.029996472,0.031373129,0.032736631,0.034080946,0.035400048,0.036687965,0.037938834,0.039146942,0.040306500,0.041410792,0.042453306,0.043429153,0.044334187,0.045164706,0.045917470,0.046589719,0.047179184,0.047684096,0.048104385,0.048445339,0.048711173,0.048894974,0.048987218,0.048978780,0.048861098,0.048626344,0.048267609,0.047779087,0.047159198,0.046419249,0.045579705,0.044683341,0.043775975,0.042900169,0.042095297,0.041397990,0.040842912,0.040463827,0.040288779,0.040323124,0.040562592,0.040979699,0.041541639,0.042215373,0.042966575,0.043758847,0.044553229,0.045308026,0.045982129,0.046545307,0.046982599,0.047330360,0.047639504,0.047962471,0.048353106,0.048867083,0.049562933,0.050503709,0.051759376,0.053410066,0.053410066,0.053410066,0.053410066,0.053410066,0.053410066,0.053410066,0.053410066,0.053410066,0.053410066,0.053410066,0.053410066,0.053410066,0.053410066,0.053410066,0.053410066,0.053410066,0.053410066,0.053410066,0.053410066,0.053410066,0.053410066,0.053410066,0.053410066,0.053410066,0.053410066,0.053410066,0.053410066,0.053410066,0.053410066,0.053410066,0.053410066,0.053410066,0.053410066,0.053410066,0.053410066,0.053410066,0.053410066,0.053410066,0.053410066,0.053410066,0.053410066,0.053410066,0.053410066,0.053410066,0.053410066,0.053410066,0.053410066,0.053410066,0.053410066,0.053410066,0.053410066,0.053410066,0.053410066,0.053410066,0.053410066,0.053410066,0.053410066,0.053410066,0.053410066,0.053410066,0.053410066,0.053410066,0.053410066,0.053410066,0.053410066,0.053410066,0.053410066,0.053410066,0.053410066,0.053410066,0.053410066,0.053410066,0.053410066,0.053410066,0.053410066,0.053410066,0.053410066,0.053410066,0.053410066,0.053410066,0.053410066,0.053410066,0.053410066,0.053410066,0.053410066,0.053410066,0.053410066,0.053410066,0.053410066,0.053410066,0.053410066,0.053410066,0.053410066,0.053410066,0.053410066,0.053410066,0.053410066,0.053410066,0.053410066,0.053410066,0.053410066,0.053410066,0.053410066,0.053410066,0.053410066,0.053410066,0.053410066,0.053410066,0.053410066,0.053410066,0.053410066,0.053410066,0.053410066,0.053410066,0.053410066,0.053410066,0.053410066,0.053410066,0.053410066,0.053410066,0.053410066,0.053410066,0.053410066,0.053410066,0.053410066,0.053410066,0.053410066,0.053410066,0.053410066,0.053410066,0.053410066,0.053410066,0.053410066,0.053410066,0.053410066,0.053410066,0.053410066,0.053410066,0.053410066,0.053410066
0,0,63,0.017733988,0.017733988,0.017733988,0.017733988,0.017733988,0.017733988,0.017733988,0.017733988,0.017733988,0.017733988,0.017733988,0.017733988,0.017733988,0.017733988,0.017733988,0.017733988,0.017733988,0.017733988,0.017733988,0.017733988,0.017733988,0.017733988,0.017733988,0.017733988,0.017733988,0.017733988,0.017733988,0.018776434,0.019899517,0.021098132,0.022364948,0.023690037,0.025060538,0.026460383,0.027872855,0.029289802,0.030705344,0.032113458,0.033508022,0.034882872,0.036231847,0.037548849,0.038827886,0.040063126,0.041248657,0.042377622,0.043443020,0.044438398,0.045359055,0.046201110,0.046961178,0.047636387,0.048224395,0.048723391,0.049133324,0.049459635,0.049709621,0.049888163,0.049988683,0.050001931,0.049919052,0.049731739,0.049432401,0.049014326,0.048474883,0.047824448,0.047076766,0.046251486,0.045390664,0.044539448,0.043739893,0.043031222,0.042450446,0.042033309,0.041809130,0.041783133,0.041956708,0.042327254,0.042867396,0.043543473,0.044320947,0.045163430,0.046032002,0.046884833,0.047680412,0.048388023,0.048979155,0.049438127,0.049803114,0.050127559,0.050466500,0.050876439,0.051415789,0.052145942,0.053133006,0.054450297,0.054450297,0.054450297,0.054450297,0.054450297,0.054450297,0.054450297,0.054450297,0.054450297,0.054450297,0.054450297,0.054450297,0.054450297,0.054450297,0.054450297,0.054450297,0.054450297,0.054450297,0.054450297,0.054450297,0.054450297,0.054450297,0.054450297,0.054450297,0.054450297,0.054450297,0.054450297,0.054450297,0.054450297,0.054450297,0.054450297,0.054450297,0.054450297,0.054450297,0.054450297,0.054450297,0.054450297,0.054450297,0.054450297,0.054450297,0.054450297,0.054450297,0.054450297,0.054450297,0.054450297,0.054450297,0.054450297,0.054450297,0.054450297,0.054450297,0.054450297,0.054450297,0.054450297,0.054450297,0.054450297,0.054450297,0.054450297,0.054450297,0.054450297,0.054450297,0.054450297,0.054450297,0.054450297,0.054450297,0.054450297,0.054450297,0.054450297,0.054450297,0.054450297,0.054450297,0.054450297,0.054450297,0.054450297,0.054450297,0.054450297,0.054450297,0.054450297,0.054450297,0.054450297,0.054450297,0.054450297,0.054450297,0.054450297,0.054450297,0.054450297,0.054450297,0.054450297,0.054450297,0.054450297,0.054450297,0.054450297,0.054450297,0.054450297,0.054450297,0.054450297,0.054450297,0.054450297,0.054450297,0.054450297,0.054450297,0.054450297,0.054450297,0.054450297,0.054450297,0.054450297,0.054450297,0.054450297,0.054450297,0.054450297,0.054450297,0.054450297,0.054450297,0.054450297,0.054450297,0.054450297,0.054450297,0.054450297,0.054450297,0.054450297,0.054450297,0.054450297,0.054450297,0.054450297,0.054450297,0.054450297,0.054450297,0.054450297,0.054450297,0.054450297,0.054450297,0.054450297,0.054450297,0.054450297,0.054450297,0.054450297,0.054450297,0.054450297,0.054450297,0.054450297,0.054450297,0.054450297,0.054450297
0,0,64,0.019225412,0.019225412,0.019225412,0.019225412,0.019225412,0.019225412,0.019225412,0.019225412,0.019225412,0.019225412,0.019225412,0.019225412,0.019225412,0.019225412,0.019225412,0.019225412,0.019225412,0.019225412,0.019225412,0.019225412,0.019225412,0.019225412,0.019225412,0.019225412,0.019225412,0.019225412,0.019225412,0.020374791,0.021601403,0.022897731,0.024253604,0.025655851,0.027088025,0.028533019,0.029982491,0.031430426,0.032870664,0.034296945,0.035702969,0.037082440,0.038429128,0.039736912,0.040999838,0.042211868,0.043366004,0.044455097,0.045472192,0.046410973,0.047267001,0.048036732,0.048717171,0.049305888,0.049801024,0.050202540,0.050516024,0.050748975,0.050909445,0.051002897,0.051023028,0.050960792,0.050807537,0.050555146,0.050196186,0.049727171,0.049157734,0.048500856,0.047769507,0.046982412,0.046180938,0.045409737,0.044710677,0.044123288,0.043685562,0.043428430,0.043357327,0.043473186,0.043779254,0.044274160,0.044930122,0.045712126,0.046583679,0.047505924,0.048437070,0.049335515,0.050170490,0.050913080,0.051533390,0.052014987,0.052397950,0.052738361,0.053093969,0.053524048,0.054089866,0.054855797,0.055891131,0.055891131,0.055891131,0.055891131,0.055891131,0.055891131,0.055891131,0.055891131,0.055891131,0.055891131,0.055891131,0.055891131,0.055891131,0.055891131,0.055891131,0.055891131,0.055891131,0.055891131,0.055891131,0.055891131,0.055891131,0.055891131,0.055891131,0.055891131,0.055891131,0.055891131,0.055891131,0.055891131,0.055891131,0.055891131,0.055891131,0.055891131,0.055891131,0.055891131,0.055891131,0.055891131,0.055891131,0.055891131,0.055891131,0.055891131,0.055891131,0.055891131,0.055891131,0.055891131,0.055891131,0.055891131,0.055891131,0.055891131,0.055891131,0.055891131,0.055891131,0.055891131,0.055891131,0.055891131,0.055891131,0.055891131,0.055891131,0.055891131,0.055891131,0.055891131,0.055891131,0.055891131,0.055891131,0.055891131,0.055891131,0.055891131,0.055891131,0.055891131,0.055891131,0.055891131,0.055891131,0.055891131,0.055891131,0.055891131,0.055891131,0.055891131,0.055891131,0.055891131,0.055891131,0.055891131,0.055891131,0.055891131,0.055891131,0.055891131,0.055891131,0.055891131,0.055891131,0.055891131,0.055891131,0.055891131,0.055891131,0.055891131,0.055891131,0.055891131,0.055891131,0.055891131,0.055891131,0.055891131,0.055891131,0.055891131,0.055891131,0.055891131,0.055891131,0.055891131,0.055891131,0.055891131,0.055891131,0.055891131,0.055891131,0.055891131,0.055891131,0.055891131,0.055891131,0.055891131,0.055891131,0.055891131,0.055891131,0.055891131,0.055891131,0.055891131,0.055891131,0.055891131,0.055891131,0.055891131,0.055891131,0.055891131,0.055891131,0.055891131,0.055891131,0.055891131,0.055891131,0.055891131,0.055891131,0.055891131,0.055891131,0.055891131,0.055891131,0.055891131,0.055891131,0.055891131,0.055891131,0.055891131,0.055891131
0,0,65,0.020861176,0.020861176,0.020861176,0.020861176,0.020861176,0.020861176,0.020861176,0.020861176,0.020861176,0.020861176,0.020861176,0.020861176,0.020861176,0.020861176,0.020861176,0.020861176,0.020861176,0.020861176,0.020861176,0.020861176,0.020861176,0.020861176,0.020861176,0.020861176,0.020861176,0.020861176,0.020861176,0.022116408,0.023442902,0.024830236,0.026264924,0.027730131,0.029208349,0.030691044,0.032172062,0.033645103,0.035103769,0.036541617,0.037952216,0.039329200,0.040666320,0.041957493,0.043196558,0.044376369,0.045489630,0.046529243,0.047488376,0.048360924,0.049142789,0.049830839,0.050422544,0.050915984,0.051311124,0.051613697,0.051831401,0.051972513,0.052045749,0.052057077,0.052000398,0.051866807,0.051647788,0.051335342,0.050925299,0.050426728,0.049852013,0.049213470,0.048523202,0.047799011,0.047081721,0.046415783,0.045843323,0.045404768,0.045132939,0.045033773,0.045108056,0.045358487,0.045789753,0.046401295,0.047164431,0.048042313,0.048996057,0.049983967,0.050964550,0.051907320,0.052783404,0.053562488,0.054213233,0.054718430,0.055120140,0.055477200,0.055850187,0.056301265,0.056894677,0.057697902,0.057697902,0.057697902,0.057697902,0.057697902,0.057697902,0.057697902,0.057697902,0.057697902,0.057697902,0.057697902,0.057697902,0.057697902,0.057697902,0.057697902,0.057697902,0.057697902,0.057697902,0.057697902,0.057697902,0.057697902,0.057697902,0.057697902,0.057697902,0.057697902,0.057697902,0.057697902,0.057697902,0.057697902,0.057697902,0.057697902,0.057697902,0.057697902,0.057697902,0.057697902,0.057697902,0.057697902,0.057697902,0.057697902,0.057697902,0.057697902,0.057697902,0.057697902,0.057697902,0.057697902,0.057697902,0.057697902,0.057697902,0.057697902,0.057697902,0.057697902,0.057697902,0.057697902,0.057697902,0.057697902,0.057697902,0.057697902,0.057697902,0.057697902,0.057697902,0.057697902,0.057697902,0.057697902,0.057697902,0.057697902,0.057697902,0.057697902,0.057697902,0.057697902,0.057697902,0.057697902,0.057697902,0.057697902,0.057697902,0.057697902,0.057697902,0.057697902,0.057697902,0.057697902,0.057697902,0.057697902,0.057697902,0.057697902,0.057697902,0.057697902,0.057697902,0.057697902,0.057697902,0.057697902,0.057697902,0.057697902,0.057697902,0.057697902,0.057697902,0.057697902,0.057697902,0.057697902,0.057697902,0.057697902,0.057697902,0.057697902,0.057697902,0.057697902,0.057697902,0.057697902,0.057697902,0.057697902,0.057697902,0.057697902,0.057697902,0.057697902,0.057697902,0.057697902,0.057697902,0.057697902,0.057697902,0.057697902,0.057697902,0.057697902,0.057697902,0.057697902,0.057697902,0.057697902,0.057697902,0.057697902,0.057697902,0.057697902,0.057697902,0.057697902,0.057697902,0.057697902,0.057697902,0.057697902,0.057697902,0.057697902,0.057697902,0.057697902,0.057697902,0.057697902,0.057697902,0.057697902,0.057697902,0.057697902,0.057697902
0,0,66,0.022643407,0.022643407,0.022643407,0.022643407,0.022643407,0.022643407,0.022643407,0.022643407,0.022643407,0.022643407,0.022643407,0.022643407,0.022643407,0.022643407,0.022643407,0.022643407,0.022643407,0.022643407,0.022643407,0.022643407,0.022643407,0.022643407,0.022643407,0.022643407,0.022643407,0.022643407,0.022643407,0.024000733,0.025420220,0.026888058,0.028387013,0.029899171,0.031415799,0.032930603,0.034437139,0.035928866,0.037399200,0.038841569,0.040249471,0.041616523,0.042936515,0.044203159,0.045409158,0.046547066,0.047609639,0.048589909,0.049481246,0.050277834,0.050975995,0.051573084,0.052067107,0.052458026,0.052751711,0.052956062,0.053079577,0.053131217,0.053120278,0.053053148,0.052923865,0.052723602,0.052443915,0.052080094,0.051640796,0.051137965,0.050583424,0.049988752,0.049365195,0.048729743,0.048122942,0.047589472,0.047172293,0.046906312,0.046798206,0.046848880,0.047060768,0.047437912,0.047986048,0.048705033,0.049564804,0.050526225,0.051547623,0.052587704,0.053616485,0.054605489,0.055524446,0.056341581,0.057024055,0.057553851,0.057975100,0.058349513,0.058740610,0.059213568,0.059835730,0.059835730,0.059835730,0.059835730,0.059835730,0.059835730,0.059835730,0.059835730,0.059835730,0.059835730,0.059835730,0.059835730,0.059835730,0.059835730,0.059835730,0.059835730,0.059835730,0.059835730,0.059835730,0.059835730,0.059835730,0.059835730,0.059835730,0.059835730,0.059835730,0.059835730,0.059835730,0.059835730,0.059835730,0.059835730,0.059835730,0.059835730,0.059835730,0.059835730,0.059835730,0.059835730,0.059835730,0.059835730,0.059835730,0.059835730,0.059835730,0.059835730,0.059835730,0.059835730,0.059835730,0.059835730,0.059835730,0.059835730,0.059835730,0.059835730,0.059835730,0.059835730,0.059835730,0.059835730,0.059835730,0.059835730,0.059835730,0.059835730,0.059835730,0.059835730,0.059835730,0.059835730,0.059835730,0.059835730,0.059835730,0.059835730,0.059835730,0.059835730,0.059835730,0.059835730,0.059835730,0.059835730,0.059835730,0.059835730,0.059835730,0.059835730,0.059835730,0.059835730,0.059835730,0.059835730,0.059835730,0.059835730,0.059835730,0.059835730,0.059835730,0.059835730,0.059835730,0.059835730,0.059835730,0.059835730,0.059835730,0.059835730,0.059835730,0.059835730,0.059835730,0.059835730,0.059835730,0.059835730,0.059835730,0.059835730,0.059835730,0.059835730,0.059835730,0.059835730,0.059835730,0.059835730,0.059835730,0.059835730,0.059835730,0.059835730,0.059835730,0.059835730,0.059835730,0.059835730,0.059835730,0.059835730,0.059835730,0.059835730,0.059835730,0.059835730,0.059835730,0.059835730,0.059835730,0.059835730,0.059835730,0.059835730,0.059835730,0.059835730,0.059835730,0.059835730,0.059835730,0.059835730,0.059835730,0.059835730,0.059835730,0.059835730,0.059835730,0.059835730,0.059835730,0.059835730,0.059835730,0.059835730,0.059835730,0.059835730,0.059835730
0,0,67,0.024571505,0.024571505,0.024571505,0.024571505,0.024571505,0.024571505,0.024571505,0.024571505,0.024571505,0.024571505,0.024571505,0.024571505,0.024571505,0.024571505,0.024571505,0.024571505,0.024571505,0.024571505,0.024571505,0.024571505,0.024571505,0.024571505,0.024571505,0.024571505,0.024571505,0.024571505,0.024571505,0.026023849,0.027525557,0.029058991,0.030605817,0.032157101,0.033706405,0.035247140,0.036772618,0.038276110,0.039750903,0.041190353,0.042587943,0.043937334,0.045232107,0.046464814,0.047627856,0.048713841,0.049715659,0.050626548,0.051440162,0.052151058,0.052756055,0.053253068,0.053642042,0.053928982,0.054121984,0.054229772,0.054261550,0.054226874,0.054135530,0.053994246,0.053797131,0.053535377,0.053203848,0.052810913,0.052368212,0.051887213,0.051379121,0.050854816,0.050324811,0.049805506,0.049337566,0.048966464,0.048729305,0.048633678,0.048680805,0.048873095,0.049214210,0.049709142,0.050364311,0.051179601,0.052123122,0.053153023,0.054228164,0.055319176,0.056398212,0.057435413,0.058399053,0.059255839,0.059971371,0.060526792,0.060968393,0.061360877,0.061770834,0.062266577,0.062266577,0.062266577,0.062266577,0.062266577,0.062266577,0.062266577,0.062266577,0.062266577,0.062266577,0.062266577,0.062266577,0.062266577,0.062266577,0.062266577,0.062266577,0.062266577,0.062266577,0.062266577,0.062266577,0.062266577,0.062266577,0.062266577,0.062266577,0.062266577,0.062266577,0.062266577,0.062266577,0.062266577,0.062266577,0.062266577,0.062266577,0.062266577,0.062266577,0.062266577,0.062266577,0.062266577,0.062266577,0.062266577,0.062266577,0.062266577,0.062266577,0.062266577,0.062266577,0.062266577,0.062266577,0.062266577,0.062266577,0.062266577,0.062266577,0.062266577,0.062266577,0.062266577,0.062266577,0.062266577,0.062266577,0.062266577,0.062266577,0.062266577,0.062266577,0.062266577,0.062266577,0.062266577,0.062266577,0.062266577,0.062266577,0.062266577,0.062266577,0.062266577,0.062266577,0.062266577,0.062266577,0.062266577,0.062266577,0.062266577,0.062266577,0.062266577,0.062266577,0.062266577,0.062266577,0.062266577,0.062266577,0.062266577,0.062266577,0.062266577,0.062266577,0.062266577,0.062266577,0.062266577,0.062266577,0.062266577,0.062266577,0.062266577,0.062266577,0.062266577,0.062266577,0.062266577,0.062266577,0.062266577,0.062266577,0.062266577,0.062266577,0.062266577,0.062266577,0.062266577,0.062266577,0.062266577,0.062266577,0.062266577,0.062266577,0.062266577,0.062266577,0.062266577,0.062266577,0.062266577,0.062266577,0.062266577,0.062266577,0.062266577,0.062266577,0.062266577,0.062266577,0.062266577,0.062266577,0.062266577,0.062266577,0.062266577,0.062266577,0.062266577,0.062266577,0.062266577,0.062266577,0.062266577,0.062266577,0.062266577,0.062266577,0.062266577,0.062266577,0.062266577,0.062266577,0.062266577,0.062266577,0.062266577,0.062266577,0.062266577,0.062266577
0,0,68,0.026641420,0.026641420,0.026641420,0.026641420,0.026641420,0.026641420,0.026641420,0.026641420,0.026641420,0.026641420,0.026641420,0.026641420,0.026641420,0.026641420,0.026641420,0.026641420,0.026641420,0.026641420,0.026641420,0.026641420,0.026641420,0.026641420,0.026641420,0.026641420,0.026641420,0.026641420,0.026641420,0.028177734,0.029746389,0.031328625,0.032915301,0.034499832,0.036075481,0.037635410,0.039172744,0.040680623,0.042152262,0.043581007,0.044960385,0.046283846,0.047543789,0.048732458,0.049842312,0.050866096,0.051796914,0.052628295,0.053354259,0.053969817,0.054472361,0.054861800,0.055144267,0.055328050,0.055422096,0.055435858,0.055379153,0.055262041,0.055094711,0.054884150,0.054624482,0.054310219,0.053949538,0.053553881,0.053134476,0.052702281,0.052267948,0.051841810,0.051433882,0.051060319,0.050762443,0.050579553,0.050520247,0.050586195,0.050779955,0.051105019,0.051565883,0.052168124,0.052918493,0.053816549,0.054828147,0.055912126,0.057039714,0.058183811,0.059315216,0.060402628,0.061412808,0.062310883,0.063060833,0.063642930,0.064105714,0.064517008,0.064946592,0.064946592,0.064946592,0.064946592,0.064946592,0.064946592,0.064946592,0.064946592,0.064946592,0.064946592,0.064946592,0.064946592,0.064946592,0.064946592,0.064946592,0.064946592,0.064946592,0.064946592,0.064946592,0.064946592,0.064946592,0.064946592,0.064946592,0.064946592,0.064946592,0.064946592,0.064946592,0.064946592,0.064946592,0.064946592,0.064946592,0.064946592,0.064946592,0.064946592,0.064946592,0.064946592,0.064946592,0.064946592,0.064946592,0.064946592,0.064946592,0.064946592,0.064946592,0.064946592,0.064946592,0.064946592,0.064946592,0.064946592,0.064946592,0.064946592,0.064946592,0.064946592,0.064946592,0.064946592,0.064946592,0.064946592,0.064946592,0.064946592,0.064946592,0.064946592,0.064946592,0.064946592,0.064946592,0.064946592,0.064946592,0.064946592,0.064946592,0.064946592,0.064946592,0.064946592,0.064946592,0.064946592,0.064946592,0.064946592,0.064946592,0.064946592,0.064946592,0.064946592,0.064946592,0.064946592,0.064946592,0.064946592,0.064946592,0.064946592,0.064946592,0.064946592,0.064946592,0.064946592,0.064946592,0.064946592,0.064946592,0.064946592,0.064946592,0.064946592,0.064946592,0.064946592,0.064946592,0.064946592,0.064946592,0.064946592,0.064946592,0.064946592,0.064946592,0.064946592,0.064946592,0.064946592,0.064946592,0.064946592,0.064946592,0.064946592,0.064946592,0.064946592,0.064946592,0.064946592,0.064946592,0.064946592,0.064946592,0.064946592,0.064946592,0.064946592,0.064946592,0.064946592,0.064946592,0.064946592,0.064946592,0.064946592,0.064946592,0.064946592,0.064946592,0.064946592,0.064946592,0.064946592,0.064946592,0.064946592,0.064946592,0.064946592,0.064946592,0.064946592,0.064946592,0.064946592,0.064946592,0.064946592,0.064946592,0.064946592,0.064946592,0.064946592,0.064946592
0,0,69,0.028844905,0.028844905,0.028844905,0.028844905,0.028844905,0.028844905,0.028844905,0.028844905,0.028844905,0.028844905,0.028844905,0.028844905,0.028844905,0.028844905,0.028844905,0.028844905,0.028844905,0.028844905,0.028844905,0.028844905,0.028844905,0.028844905,0.028844905,0.028844905,0.028844905,0.028844905,0.028844905,0.030449537,0.032067938,0.033690755,0.035311254,0.036922544,0.038517637,0.040089507,0.041631146,0.043135625,0.044596148,0.046006111,0.047358828,0.048646542,0.049861338,0.050995523,0.052041697,0.052992827,0.053842313,0.054584058,0.055212535,0.055723288,0.056115743,0.056396148,0.056572977,0.056655399,0.056653111,0.056576201,0.056435004,0.056239995,0.056001679,0.055727234,0.055414164,0.055070514,0.054707600,0.054336499,0.053968021,0.053612704,0.053280829,0.052982449,0.052727445,0.052532200,0.052431434,0.052434749,0.052544322,0.052762951,0.053094100,0.053541954,0.054111482,0.054808505,0.055639780,0.056604209,0.057668907,0.058805554,0.059987787,0.061187180,0.062373118,0.063512806,0.064571426,0.065512467,0.066298225,0.066908071,0.067392890,0.067823745,0.067823745,0.067823745,0.067823745,0.067823745,0.067823745,0.067823745,0.067823745,0.067823745,0.067823745,0.067823745,0.067823745,0.067823745,0.067823745,0.067823745,0.067823745,0.067823745,0.067823745,0.067823745,0.067823745,0.067823745,0.067823745,0.067823745,0.067823745,0.067823745,0.067823745,0.067823745,0.067823745,0.067823745,0.067823745,0.067823745,0.067823745,0.067823745,0.067823745,0.067823745,0.067823745,0.067823745,0.067823745,0.067823745,0.067823745,0.067823745,0.067823745,0.067823745,0.067823745,0.067823745,0.067823745,0.067823745,0.067823745,0.067823745,0.067823745,0.067823745,0.067823745,0.067823745,0.067823745,0.067823745,0.067823745,0.067823745,0.067823745,0.067823745,0.067823745,0.067823745,0.067823745,0.067823745,0.067823745,0.067823745,0.067823745,0.067823745,0.067823745,0.067823745,0.067823745,0.067823745,0.067823745,0.067823745,0.067823745,0.067823745,0.067823745,0.067823745,0.067823745,0.067823745,0.067823745,0.067823745,0.067823745,0.067823745,0.067823745,0.067823745,0.067823745,0.067823745,0.067823745,0.067823745,0.067823745,0.067823745,0.067823745,0.067823745,0.067823745,0.067823745,0.067823745,0.067823745,0.067823745,0.067823745,0.067823745,0.067823745,0.067823745,0.067823745,0.067823745,0.067823745,0.067823745,0.067823745,0.067823745,0.067823745,0.067823745,0.067823745,0.067823745,0.067823745,0.067823745,0.067823745,0.067823745,0.067823745,0.067823745,0.067823745,0.067823745,0.067823745,0.067823745,0.067823745,0.067823745,0.067823745,0.067823745,0.067823745,0.067823745,0.067823745,0.067823745,0.067823745,0.067823745,0.067823745,0.067823745,0.067823745,0.067823745,0.067823745,0.067823745,0.067823745,0.067823745,0.067823745,0.067823745,0.067823745,0.067823745,0.067823745,0.067823745,0.067823745,0.067823745
0,0,70,0.031168773,0.031168773,0.031168773,0.031168773,0.031168773,0.031168773,0.031168773,0.031168773,0.031168773,0.031168773,0.031168773,0.031168773,0.031168773,0.031168773,0.031168773,0.031168773,0.031168773,0.031168773,0.031168773,0.031168773,0.031168773,0.031168773,0.031168773,0.031168773,0.031168773,0.031168773,0.031168773,0.032824107,0.034483827,0.036141045,0.037788716,0.039419698,0.041026809,0.042602892,0.044140871,0.045633807,0.047074961,0.048457509,0.049773535,0.051014965,0.052173951,0.053242944,0.054214773,0.055082707,0.055840532,0.056482612,0.057003948,0.057402118,0.057683020,0.057855307,0.057928361,0.057912128,0.057816961,0.057653482,0.057432454,0.057164676,0.056860896,0.056531904,0.056188995,0.055843397,0.055506089,0.055187802,0.054899043,0.054650141,0.054451311,0.054312728,0.054244636,0.054256053,0.054350666,0.054531122,0.054800473,0.055162213,0.055620325,0.056179327,0.056844324,0.057621072,0.058516042,0.059531195,0.060647409,0.061838909,0.063078038,0.064334988,0.065577676,0.066771748,0.067880750,0.068866469,0.069689456,0.070328147,0.070835866,0.070835866,0.070835866,0.070835866,0.070835866,0.070835866,0.070835866,0.070835866,0.070835866,0.070835866,0.070835866,0.070835866,0.070835866,0.070835866,0.070835866,0.070835866,0.070835866,0.070835866,0.070835866,0.070835866,0.070835866,0.070835866,0.070835866,0.070835866,0.070835866,0.070835866,0.070835866,0.070835866,0.070835866,0.070835866,0.070835866,0.070835866,0.070835866,0.070835866,0.070835866,0.070835866,0.070835866,0.070835866,0.070835866,0.070835866,0.070835866,0.070835866,0.070835866,0.070835866,0.070835866,0.070835866,0.070835866,0.070835866,0.070835866,0.070835866,0.070835866,0.070835866,0.070835866,0.070835866,0.070835866,0.070835866,0.070835866,0.070835866,0.070835866,0.070835866,0.070835866,0.070835866,0.070835866,0.070835866,0.070835866,0.070835866,0.070835866,0.070835866,0.070835866,0.070835866,0.070835866,0.070835866,0.070835866,0.070835866,0.070835866,0.070835866,0.070835866,0.070835866,0.070835866,0.070835866,0.070835866,0.070835866,0.070835866,0.070835866,0.070835866,0.070835866,0.070835866,0.070835866,0.070835866,0.070835866,0.070835866,0.070835866,0.070835866,0.070835866,0.070835866,0.070835866,0.070835866,0.070835866,0.070835866,0.070835866,0.070835866,0.070835866,0.070835866,0.070835866,0.070835866,0.070835866,0.070835866,0.070835866,0.070835866,0.070835866,0.070835866,0.070835866,0.070835866,0.070835866,0.070835866,0.070835866,0.070835866,0.070835866,0.070835866,0.070835866,0.070835866,0.070835866,0.070835866,0.070835866,0.070835866,0.070835866,0.070835866,0.070835866,0.070835866,0.070835866,0.070835866,0.070835866,0.070835866,0.070835866,0.070835866,0.070835866,0.070835866,0.070835866,0.070835866,0.070835866,0.070835866,0.070835866,0.070835866,0.070835866,0.070835866,0.070835866,0.070835866,0.070835866,0.070835866
0,0,71,0.033597488,0.033597488,0.033597488,0.033597488,0.033597488,0.033597488,0.033597488,0.033597488,0.033597488,0.033597488,0.033597488,0.033597488,0.033597488,0.033597488,0.033597488,0.033597488,0.033597488,0.033597488,0.033597488,0.033597488,0.033597488,0.033597488,0.033597488,0.033597488,0.033597488,0.033597488,0.033597488,0.035294886,0.036989588,0.038674392,0.040341997,0.041985067,0.043596289,0.045168437,0.046694430,0.048167389,0.049580351,0.050925240,0.052193818,0.053378078,0.054470326,0.055463245,0.056349975,0.057124181,0.057780117,0.058312690,0.058718963,0.059003077,0.059173387,0.059239483,0.059211555,0.059100222,0.058916392,0.058671128,0.058375529,0.058040640,0.057680936,0.057321416,0.056976629,0.056657470,0.056374624,0.056138617,0.055959899,0.055848930,0.055816296,0.055872844,0.056021360,0.056238110,0.056519070,0.056867462,0.057286783,0.057780835,0.058353762,0.059010087,0.059754756,0.060593183,0.061535439,0.062599491,0.063769334,0.065017924,0.066316251,0.067633071,0.068934771,0.070185379,0.071346743,0.072378885,0.073240545,0.073909195,0.073909195,0.073909195,0.073909195,0.073909195,0.073909195,0.073909195,0.073909195,0.073909195,0.073909195,0.073909195,0.073909195,0.073909195,0.073909195,0.073909195,0.073909195,0.073909195,0.073909195,0.073909195,0.073909195,0.073909195,0.073909195,0.073909195,0.073909195,0.073909195,0.073909195,0.073909195,0.073909195,0.073909195,0.073909195,0.073909195,0.073909195,0.073909195,0.073909195,0.073909195,0.073909195,0.073909195,0.073909195,0.073909195,0.073909195,0.073909195,0.073909195,0.073909195,0.073909195,0.073909195,0.073909195,0.073909195,0.073909195,0.073909195,0.073909195,0.073909195,0.073909195,0.073909195,0.073909195,0.073909195,0.073909195,0.073909195,0.073909195,0.073909195,0.073909195,0.073909195,0.073909195,0.073909195,0.073909195,0.073909195,0.073909195,0.073909195,0.073909195,0.073909195,0.073909195,0.073909195,0.073909195,0.073909195,0.073909195,0.073909195,0.073909195,0.073909195,0.073909195,0.073909195,0.073909195,0.073909195,0.073909195,0.073909195,0.073909195,0.073909195,0.073909195,0.073909195,0.073909195,0.073909195,0.073909195,0.073909195,0.073909195,0.073909195,0.073909195,0.073909195,0.073909195,0.073909195,0.073909195,0.073909195,0.073909195,0.073909195,0.073909195,0.073909195,0.073909195,0.073909195,0.073909195,0.073909195,0.073909195,0.073909195,0.073909195,0.073909195,0.073909195,0.073909195,0.073909195,0.073909195,0.073909195,0.073909195,0.073909195,0.073909195,0.073909195,0.073909195,0.073909195,0.073909195,0.073909195,0.073909195,0.073909195,0.073909195,0.073909195,0.073909195,0.073909195,0.073909195,0.073909195,0.073909195,0.073909195,0.073909195,0.073909195,0.073909195,0.073909195,0.073909195,0.073909195,0.073909195,0.073909195,0.073909195,0.073909195,0.073909195,0.073909195,0.073909195,0.073909195,0.073909195,0.073909195
0,0,72,0.036124307,0.036124307,0.036124307,0.036124307,0.036124307,0.036124307,0.036124307,0.036124307,0.036124307,0.036124307,0.036124307,0.036124307,0.036124307,0.036124307,0.036124307,0.036124307,0.036124307,0.036124307,0.036124307,0.036124307,0.036124307,0.036124307,0.036124307,0.036124307,0.036124307,0.036124307,0.036124307,0.037857272,0.039579973,0.041284949,0.042964704,0.044611770,0.046218768,0.047778471,0.049283857,0.050727824,0.052102133,0.053398378,0.054608395,0.055724336,0.056738742,0.057644620,0.058435513,0.059105562,0.059649578,0.060064571,0.060354297,0.060525360,0.060587070,0.060549854,0.060424597,0.060222495,0.059954912,0.059633255,0.059268880,0.058876632,0.058485500,0.058123946,0.057806210,0.057542923,0.057344646,0.057221977,0.057185681,0.057246830,0.057416979,0.057699644,0.058063947,0.058477160,0.058935272,0.059441654,0.059999856,0.060613634,0.061286973,0.062024114,0.062829586,0.063712507,0.064699929,0.065814863,0.067040497,0.068348460,0.069708335,0.071087382,0.072450399,0.073759734,0.074975475,0.076055813,0.076957614,0.076957614,0.076957614,0.076957614,0.076957614,0.076957614,0.076957614,0.076957614,0.076957614,0.076957614,0.076957614,0.076957614,0.076957614,0.076957614,0.076957614,0.076957614,0.076957614,0.076957614,0.076957614,0.076957614,0.076957614,0.076957614,0.076957614,0.076957614,0.076957614,0.076957614,0.076957614,0.076957614,0.076957614,0.076957614,0.076957614,0.076957614,0.076957614,0.076957614,0.076957614,0.076957614,0.076957614,0.076957614,0.076957614,0.076957614,0.076957614,0.076957614,0.076957614,0.076957614,0.076957614,0.076957614,0.076957614,0.076957614,0.076957614,0.076957614,0.076957614,0.076957614,0.076957614,0.076957614,0.076957614,0.076957614,0.076957614,0.076957614,0.076957614,0.076957614,0.076957614,0.076957614,0.076957614,0.076957614,0.076957614,0.076957614,0.076957614,0.076957614,0.076957614,0.076957614,0.076957614,0.076957614,0.076957614,0.076957614,0.076957614,0.076957614,0.076957614,0.076957614,0.076957614,0.076957614,0.076957614,0.076957614,0.076957614,0.076957614,0.076957614,0.076957614,0.076957614,0.076957614,0.076957614,0.076957614,0.076957614,0.076957614,0.076957614,0.076957614,0.076957614,0.076957614,0.076957614,0.076957614,0.076957614,0.076957614,0.076957614,0.076957614,0.076957614,0.076957614,0.076957614,0.076957614,0.076957614,0.076957614,0.076957614,0.076957614,0.076957614,0.076957614,0.076957614,0.076957614,0.076957614,0.076957614,0.076957614,0.076957614,0.076957614,0.076957614,0.076957614,0.076957614,0.076957614,0.076957614,0.076957614,0.076957614,0.076957614,0.076957614,0.076957614,0.076957614,0.076957614,0.076957614,0.076957614,0.076957614,0.076957614,0.076957614,0.076957614,0.076957614,0.076957614,0.076957614,0.076957614,0.076957614,0.076957614,0.076957614,0.076957614,0.076957614,0.076957614,0.076957614,0.076957614,0.076957614,0.076957614
0,0,73,0.038744490,0.038744490,0.038744490,0.038744490,0.038744490,0.038744490,0.038744490,0.038744490,0.038744490,0.038744490,0.038744490,0.038744490,0.038744490,0.038744490,0.038744490,0.038744490,0.038744490,0.038744490,0.038744490,0.038744490,0.038744490,0.038744490,0.038744490,0.038744490,0.038744490,0.038744490,0.038744490,0.040505864,0.042248970,0.043966149,0.045649775,0.047292313,0.048886387,0.050424832,0.051900404,0.053304696,0.054629136,0.055865396,0.057005475,0.058041770,0.058967151,0.059775038,0.060459461,0.061015130,0.061439003,0.061734923,0.061909148,0.061969215,0.061925287,0.061788513,0.061570374,0.061282538,0.060936729,0.060544617,0.060121434,0.059696817,0.059303303,0.058969188,0.058708499,0.058531801,0.058449838,0.058473691,0.058614962,0.058885979,0.059291096,0.059799547,0.060371040,0.060971662,0.061596954,0.062250042,0.062934180,0.063652761,0.064409335,0.065207621,0.066055944,0.066980963,0.068015361,0.069183201,0.070466830,0.071836494,0.073260310,0.074703984,0.076130662,0.077500950,0.078773110,0.079903442,0.079903442,0.079903442,0.079903442,0.079903442,0.079903442,0.079903442,0.079903442,0.079903442,0.079903442,0.079903442,0.079903442,0.079903442,0.079903442,0.079903442,0.079903442,0.079903442,0.079903442,0.079903442,0.079903442,0.079903442,0.079903442,0.079903442,0.079903442,0.079903442,0.079903442,0.079903442,0.079903442,0.079903442,0.079903442,0.079903442,0.079903442,0.079903442,0.079903442,0.079903442,0.079903442,0.079903442,0.079903442,0.079903442,0.079903442,0.079903442,0.079903442,0.079903442,0.079903442,0.079903442,0.079903442,0.079903442,0.079903442,0.079903442,0.079903442,0.079903442,0.079903442,0.079903442,0.079903442,0.079903442,0.079903442,0.079903442,0.079903442,0.079903442,0.079903442,0.079903442,0.079903442,0.079903442,0.079903442,0.079903442,0.079903442,0.079903442,0.079903442,0.079903442,0.079903442,0.079903442,0.079903442,0.079903442,0.079903442,0.079903442,0.079903442,0.079903442,0.079903442,0.079903442,0.079903442,0.079903442,0.079903442,0.079903442,0.079903442,0.079903442,0.079903442,0.079903442,0.079903442,0.079903442,0.079903442,0.079903442,0.079903442,0.079903442,0.079903442,0.079903442,0.079903442,0.079903442,0.079903442,0.079903442,0.079903442,0.079903442,0.079903442,0.079903442,0.079903442,0.079903442,0.079903442,0.079903442,0.079903442,0.079903442,0.079903442,0.079903442,0.079903442,0.079903442,0.079903442,0.079903442,0.079903442,0.079903442,0.079903442,0.079903442,0.079903442,0.079903442,0.079903442,0.079903442,0.079903442,0.079903442,0.079903442,0.079903442,0.079903442,0.079903442,0.079903442,0.079903442,0.079903442,0.079903442,0.079903442,0.079903442,0.079903442,0.079903442,0.079903442,0.079903442,0.079903442,0.079903442,0.079903442,0.079903442,0.079903442,0.079903442,0.079903442,0.079903442,0.079903442,0.079903442,0.079903442,0.079903442,0.079903442
0,0,74,0.041452480,0.041452480,0.041452480,0.041452480,0.041452480,0.041452480,0.041452480,0.041452480,0.041452480,0.041452480,0.041452480,0.041452480,0.041452480,0.041452480,0.041452480,0.041452480,0.041452480,0.041452480,0.041452480,0.041452480,0.041452480,0.041452480,0.041452480,0.041452480,0.041452480,0.041452480,0.041452480,0.043234487,0.044989840,0.046710751,0.048389529,0.050018645,0.051590789,0.053098573,0.054533419,0.055886586,0.057149582,0.058314250,0.059372838,0.060318083,0.061143275,0.061842334,0.062409869,0.062842783,0.063145009,0.063322945,0.063383787,0.063335902,0.063190190,0.062958419,0.062652561,0.062284656,0.061866701,0.061414324,0.060957837,0.060530469,0.060164599,0.059888475,0.059716138,0.059658425,0.059726710,0.059933119,0.060290780,0.060804951,0.061445140,0.062171050,0.062940930,0.063719085,0.064500189,0.065286769,0.066081473,0.066887064,0.067706431,0.068547162,0.069435703,0.070404483,0.071487700,0.072710509,0.074054378,0.075488110,0.076978299,0.078489035,0.079981750,0.081415247,0.082745896,0.082745896,0.082745896,0.082745896,0.082745896,0.082745896,0.082745896,0.082745896,0.082745896,0.082745896,0.082745896,0.082745896,0.082745896,0.082745896,0.082745896,0.082745896,0.082745896,0.082745896,0.082745896,0.082745896,0.082745896,0.082745896,0.082745896,0.082745896,0.082745896,0.082745896,0.082745896,0.082745896,0.082745896,0.082745896,0.082745896,0.082745896,0.082745896,0.082745896,0.082745896,0.082745896,0.082745896,0.082745896,0.082745896,0.082745896,0.082745896,0.082745896,0.082745896,0.082745896,0.082745896,0.082745896,0.082745896,0.082745896,0.082745896,0.082745896,0.082745896,0.082745896,0.082745896,0.082745896,0.082745896,0.082745896,0.082745896,0.082745896,0.082745896,0.082745896,0.082745896,0.082745896,0.082745896,0.082745896,0.082745896,0.082745896,0.082745896,0.082745896,0.082745896,0.082745896,0.082745896,0.082745896,0.082745896,0.082745896,0.082745896,0.082745896,0.082745896,0.082745896,0.082745896,0.082745896,0.082745896,0.082745896,0.082745896,0.082745896,0.082745896,0.082745896,0.082745896,0.082745896,0.082745896,0.082745896,0.082745896,0.082745896,0.082745896,0.082745896,0.082745896,0.082745896,0.082745896,0.082745896,0.082745896,0.082745896,0.082745896,0.082745896,0.082745896,0.082745896,0.082745896,0.082745896,0.082745896,0.082745896,0.082745896,0.082745896,0.082745896,0.082745896,0.082745896,0.082745896,0.082745896,0.082745896,0.082745896,0.082745896,0.082745896,0.082745896,0.082745896,0.082745896,0.082745896,0.082745896,0.082745896,0.082745896,0.082745896,0.082745896,0.082745896,0.082745896,0.082745896,0.082745896,0.082745896,0.082745896,0.082745896,0.082745896,0.082745896,0.082745896,0.082745896,0.082745896,0.082745896,0.082745896,0.082745896,0.082745896,0.082745896,0.082745896,0.082745896,0.082745896,0.082745896,0.082745896,0.082745896,0.082745896,0.082745896
0,0,75,0.044241930,0.044241930,0.044241930,0.044241930,0.044241930,0.044241930,0.044241930,0.044241930,0.044241930,0.044241930,0.044241930,0.044241930,0.044241930,0.044241930,0.044241930,0.044241930,0.044241930,0.044241930,0.044241930,0.044241930,0.044241930,0.044241930,0.044241930,0.044241930,0.044241930,0.044241930,0.044241930,0.046036218,0.047795151,0.049510878,0.051175716,0.052782208,0.054322817,0.055788796,0.057171230,0.058461461,0.059651172,0.060732464,0.061697935,0.062540748,0.063254708,0.063834323,0.064276440,0.064585086,0.064766799,0.064828933,0.064779517,0.064627634,0.064384815,0.064063337,0.063675562,0.063233814,0.062754131,0.062267522,0.061807941,0.061408425,0.061101312,0.060915056,0.060864085,0.060959990,0.061215378,0.061644155,0.062252503,0.063010310,0.063877470,0.064812278,0.065770875,0.066715230,0.067638766,0.068543108,0.069430032,0.070301464,0.071164203,0.072044552,0.072974876,0.073989109,0.075123021,0.076402896,0.077809283,0.079309485,0.080868513,0.082448776,0.084009933,0.085508915,0.085508915,0.085508915,0.085508915,0.085508915,0.085508915,0.085508915,0.085508915,0.085508915,0.085508915,0.085508915,0.085508915,0.085508915,0.085508915,0.085508915,0.085508915,0.085508915,0.085508915,0.085508915,0.085508915,0.085508915,0.085508915,0.085508915,0.085508915,0.085508915,0.085508915,0.085508915,0.085508915,0.085508915,0.085508915,0.085508915,0.085508915,0.085508915,0.085508915,0.085508915,0.085508915,0.085508915,0.085508915,0.085508915,0.085508915,0.085508915,0.085508915,0.085508915,0.085508915,0.085508915,0.085508915,0.085508915,0.085508915,0.085508915,0.085508915,0.085508915,0.085508915,0.085508915,0.085508915,0.085508915,0.085508915,0.085508915,0.085508915,0.085508915,0.085508915,0.085508915,0.085508915,0.085508915,0.085508915,0.085508915,0.085508915,0.085508915,0.085508915,0.085508915,0.085508915,0.085508915,0.085508915,0.085508915,0.085508915,0.085508915,0.085508915,0.085508915,0.085508915,0.085508915,0.085508915,0.085508915,0.085508915,0.085508915,0.085508915,0.085508915,0.085508915,0.085508915,0.085508915,0.085508915,0.085508915,0.085508915,0.085508915,0.085508915,0.085508915,0.085508915,0.085508915,0.085508915,0.085508915,0.085508915,0.085508915,0.085508915,0.085508915,0.085508915,0.085508915,0.085508915,0.085508915,0.085508915,0.085508915,0.085508915,0.085508915,0.085508915,0.085508915,0.085508915,0.085508915,0.085508915,0.085508915,0.085508915,0.085508915,0.085508915,0.085508915,0.085508915,0.085508915,0.085508915,0.085508915,0.085508915,0.085508915,0.085508915,0.085508915,0.085508915,0.085508915,0.085508915,0.085508915,0.085508915,0.085508915,0.085508915,0.085508915,0.085508915,0.085508915,0.085508915,0.085508915,0.085508915,0.085508915,0.085508915,0.085508915,0.085508915,0.085508915,0.085508915,0.085508915,0.085508915,0.085508915,0.085508915,0.085508915,0.085508915,0.085508915
0,0,76,0.047105732,0.047105732,0.047105732,0.047105732,0.047105732,0.047105732,0.047105732,0.047105732,0.047105732,0.047105732,0.047105732,0.047105732,0.047105732,0.047105732,0.047105732,0.047105732,0.047105732,0.047105732,0.047105732,0.047105732,0.047105732,0.047105732,0.047105732,0.047105732,0.047105732,0.047105732,0.047105732,0.048903434,0.050656830,0.052358078,0.053999574,0.055573631,0.057071328,0.058483574,0.059801543,0.061016758,0.062121169,0.063107233,0.063967985,0.064697114,0.065289024,0.065740509,0.066055689,0.066241247,0.066304695,0.066254233,0.066098613,0.065847524,0.065513016,0.065107774,0.064644454,0.064139513,0.063624680,0.063134662,0.062703189,0.062363219,0.062147309,0.062084529,0.062190214,0.062477354,0.062960569,0.063646932,0.064506758,0.065500274,0.066586045,0.067720281,0.068856403,0.069953532,0.071003505,0.072006789,0.072964093,0.073881262,0.074784398,0.075705881,0.076679578,0.077740983,0.078927492,0.080266560,0.081737772,0.083306875,0.084937233,0.086589513,0.088221536,0.088221536,0.088221536,0.088221536,0.088221536,0.088221536,0.088221536,0.088221536,0.088221536,0.088221536,0.088221536,0.088221536,0.088221536,0.088221536,0.088221536,0.088221536,0.088221536,0.088221536,0.088221536,0.088221536,0.088221536,0.088221536,0.088221536,0.088221536,0.088221536,0.088221536,0.088221536,0.088221536,0.088221536,0.088221536,0.088221536,0.088221536,0.088221536,0.088221536,0.088221536,0.088221536,0.088221536,0.088221536,0.088221536,0.088221536,0.088221536,0.088221536,0.088221536,0.088221536,0.088221536,0.088221536,0.088221536,0.088221536,0.088221536,0.088221536,0.088221536,0.088221536,0.088221536,0.088221536,0.088221536,0.088221536,0.088221536,0.088221536,0.088221536,0.088221536,0.088221536,0.088221536,0.088221536,0.088221536,0.088221536,0.088221536,0.088221536,0.088221536,0.088221536,0.088221536,0.088221536,0.088221536,0.088221536,0.088221536,0.088221536,0.088221536,0.088221536,0.088221536,0.088221536,0.088221536,0.088221536,0.088221536,0.088221536,0.088221536,0.088221536,0.088221536,0.088221536,0.088221536,0.088221536,0.088221536,0.088221536,0.088221536,0.088221536,0.088221536,0.088221536,0.088221536,0.088221536,0.088221536,0.088221536,0.088221536,0.088221536,0.088221536,0.088221536,0.088221536,0.088221536,0.088221536,0.088221536,0.088221536,0.088221536,0.088221536,0.088221536,0.088221536,0.088221536,0.088221536,0.088221536,0.088221536,0.088221536,0.088221536,0.088221536,0.088221536,0.088221536,0.088221536,0.088221536,0.088221536,0.088221536,0.088221536,0.088221536,0.088221536,0.088221536,0.088221536,0.088221536,0.088221536,0.088221536,0.088221536,0.088221536,0.088221536,0.088221536,0.088221536,0.088221536,0.088221536,0.088221536,0.088221536,0.088221536,0.088221536,0.088221536,0.088221536,0.088221536,0.088221536,0.088221536,0.088221536,0.088221536,0.088221536,0.088221536,0.088221536,0.088221536
0,0,77,0.050036066,0.050036066,0.050036066,0.050036066,0.050036066,0.050036066,0.050036066,0.050036066,0.050036066,0.050036066,0.050036066,0.050036066,0.050036066,0.050036066,0.050036066,0.050036066,0.050036066,0.050036066,0.050036066,0.050036066,0.050036066,0.050036066,0.050036066,0.050036066,0.050036066,0.050036066,0.050036066,0.051827858,0.053566215,0.055243380,0.056851514,0.058381521,0.059824131,0.061170348,0.062411531,0.063539480,0.064546507,0.065425520,0.066170088,0.066774512,0.067235530,0.067557360,0.067746830,0.067811615,0.067760090,0.067601189,0.067344270,0.066999520,0.066579406,0.066096921,0.065568944,0.065027947,0.064509420,0.064047815,0.063676748,0.063429358,0.063338843,0.063435453,0.063736121,0.064256061,0.065003153,0.065948129,0.067051624,0.068272641,0.069567714,0.070890322,0.072190596,0.073424353,0.074581562,0.075661345,0.076668293,0.077628125,0.078573178,0.079537332,0.080556013,0.081666329,0.082907363,0.084307772,0.085846142,0.087486599,0.089190797,0.090917600,0.090917600,0.090917600,0.090917600,0.090917600,0.090917600,0.090917600,0.090917600,0.090917600,0.090917600,0.090917600,0.090917600,0.090917600,0.090917600,0.090917600,0.090917600,0.090917600,0.090917600,0.090917600,0.090917600,0.090917600,0.090917600,0.090917600,0.090917600,0.090917600,0.090917600,0.090917600,0.090917600,0.090917600,0.090917600,0.090917600,0.090917600,0.090917600,0.090917600,0.090917600,0.090917600,0.090917600,0.090917600,0.090917600,0.090917600,0.090917600,0.090917600,0.090917600,0.090917600,0.090917600,0.090917600,0.090917600,0.090917600,0.090917600,0.090917600,0.090917600,0.090917600,0.090917600,0.090917600,0.090917600,0.090917600,0.090917600,0.090917600,0.090917600,0.090917600,0.090917600,0.090917600,0.090917600,0.090917600,0.090917600,0.090917600,0.090917600,0.090917600,0.090917600,0.090917600,0.090917600,0.090917600,0.090917600,0.090917600,0.090917600,0.090917600,0.090917600,0.090917600,0.090917600,0.090917600,0.090917600,0.090917600,0.090917600,0.090917600,0.090917600,0.090917600,0.090917600,0.090917600,0.090917600,0.090917600,0.090917600,0.090917600,0.090917600,0.090917600,0.090917600,0.090917600,0.090917600,0.090917600,0.090917600,0.090917600,0.090917600,0.090917600,0.090917600,0.090917600,0.090917600,0.090917600,0.090917600,0.090917600,0.090917600,0.090917600,0.090917600,0.090917600,0.090917600,0.090917600,0.090917600,0.090917600,0.090917600,0.090917600,0.090917600,0.090917600,0.090917600,0.090917600,0.090917600,0.090917600,0.090917600,0.090917600,0.090917600,0.090917600,0.090917600,0.090917600,0.090917600,0.090917600,0.090917600,0.090917600,0.090917600,0.090917600,0.090917600,0.090917600,0.090917600,0.090917600,0.090917600,0.090917600,0.090917600,0.090917600,0.090917600,0.090917600,0.090917600,0.090917600,0.090917600,0.090917600,0.090917600,0.090917600,0.090917600,0.090917600,0.090917600,0.090917600
0,0,78,0.053024445,0.053024445,0.053024445,0.053024445,0.053024445,0.053024445,0.053024445,0.053024445,0.053024445,0.053024445,0.053024445,0.053024445,0.053024445,0.053024445,0.053024445,0.053024445,0.053024445,0.053024445,0.053024445,0.053024445,0.053024445,0.053024445,0.053024445,0.053024445,0.053024445,0.053024445,0.053024445,0.054800617,0.056514123,0.058156972,0.059719887,0.061193419,0.062568398,0.063836020,0.064987929,0.066016294,0.066913891,0.067674170,0.068291329,0.068762048,0.069090643,0.069284094,0.069350240,0.069297632,0.069135393,0.068873074,0.068520531,0.068088344,0.067589294,0.067040694,0.066475772,0.065930827,0.065441068,0.065040803,0.064763793,0.064643778,0.064715177,0.065010168,0.065548159,0.066337698,0.067349859,0.068545693,0.069884744,0.071324064,0.072817480,0.074315143,0.075763369,0.077114276,0.078355761,0.079490735,0.080544206,0.081548277,0.082536783,0.083545164,0.084610457,0.085771444,0.087068946,0.088532863,0.090140740,0.091855017,0.093635578,0.093635578,0.093635578,0.093635578,0.093635578,0.093635578,0.093635578,0.093635578,0.093635578,0.093635578,0.093635578,0.093635578,0.093635578,0.093635578,0.093635578,0.093635578,0.093635578,0.093635578,0.093635578,0.093635578,0.093635578,0.093635578,0.093635578,0.093635578,0.093635578,0.093635578,0.093635578,0.093635578,0.093635578,0.093635578,0.093635578,0.093635578,0.093635578,0.093635578,0.093635578,0.093635578,0.093635578,0.093635578,0.093635578,0.093635578,0.093635578,0.093635578,0.093635578,0.093635578,0.093635578,0.093635578,0.093635578,0.093635578,0.093635578,0.093635578,0.093635578,0.093635578,0.093635578,0.093635578,0.093635578,0.093635578,0.093635578,0.093635578,0.093635578,0.093635578,0.093635578,0.093635578,0.093635578,0.093635578,0.093635578,0.093635578,0.093635578,0.093635578,0.093635578,0.093635578,0.093635578,0.093635578,0.093635578,0.093635578,0.093635578,0.093635578,0.093635578,0.093635578,0.093635578,0.093635578,0.093635578,0.093635578,0.093635578,0.093635578,0.093635578,0.093635578,0.093635578,0.093635578,0.093635578,0.093635578,0.093635578,0.093635578,0.093635578,0.093635578,0.093635578,0.093635578,0.093635578,0.093635578,0.093635578,0.093635578,0.093635578,0.093635578,0.093635578,0.093635578,0.093635578,0.093635578,0.093635578,0.093635578,0.093635578,0.093635578,0.093635578,0.093635578,0.093635578,0.093635578,0.093635578,0.093635578,0.093635578,0.093635578,0.093635578,0.093635578,0.093635578,0.093635578,0.093635578,0.093635578,0.093635578,0.093635578,0.093635578,0.093635578,0.093635578,0.093635578,0.093635578,0.093635578,0.093635578,0.093635578,0.093635578,0.093635578,0.093635578,0.093635578,0.093635578,0.093635578,0.093635578,0.093635578,0.093635578,0.093635578,0.093635578,0.093635578,0.093635578,0.093635578,0.093635578,0.093635578,0.093635578,0.093635578,0.093635578,0.093635578,0.093635578,0.093635578,0.093635578
0,0,79,0.056061780,0.056061780,0.056061780,0.056061780,0.056061780,0.056061780,0.056061780,0.056061780,0.056061780,0.056061780,0.056061780,0.056061780,0.056061780,0.056061780,0.056061780,0.056061780,0.056061780,0.056061780,0.056061780,0.056061780,0.056061780,0.056061780,0.056061780,0.056061780,0.056061780,0.056061780,0.056061780,0.057812309,0.059490516,0.061086944,0.062591962,0.063996223,0.065290758,0.066467053,0.067517134,0.068433642,0.069209908,0.069840022,0.070320611,0.070656089,0.070853589,0.070921119,0.070867411,0.070701776,0.070433963,0.070074031,0.069632228,0.069119424,0.068552812,0.067966395,0.067397305,0.066881535,0.066454123,0.066149489,0.066001961,0.066046469,0.066319411,0.066855841,0.067668628,0.068729041,0.069998496,0.071437108,0.073002573,0.074649293,0.076327756,0.077984224,0.079560746,0.081005425,0.082309379,0.083496433,0.084598111,0.085648010,0.086681523,0.087735699,0.088849246,0.090062673,0.091418598,0.092948202,0.094627942,0.096418513,0.096418513,0.096418513,0.096418513,0.096418513,0.096418513,0.096418513,0.096418513,0.096418513,0.096418513,0.096418513,0.096418513,0.096418513,0.096418513,0.096418513,0.096418513,0.096418513,0.096418513,0.096418513,0.096418513,0.096418513,0.096418513,0.096418513,0.096418513,0.096418513,0.096418513,0.096418513,0.096418513,0.096418513,0.096418513,0.096418513,0.096418513,0.096418513,0.096418513,0.096418513,0.096418513,0.096418513,0.096418513,0.096418513,0.096418513,0.096418513,0.096418513,0.096418513,0.096418513,0.096418513,0.096418513,0.096418513,0.096418513,0.096418513,0.096418513,0.096418513,0.096418513,0.096418513,0.096418513,0.096418513,0.096418513,0.096418513,0.096418513,0.096418513,0.096418513,0.096418513,0.096418513,0.096418513,0.096418513,0.096418513,0.096418513,0.096418513,0.096418513,0.096418513,0.096418513,0.096418513,0.096418513,0.096418513,0.096418513,0.096418513,0.096418513,0.096418513,0.096418513,0.096418513,0.096418513,0.096418513,0.096418513,0.096418513,0.096418513,0.096418513,0.096418513,0.096418513,0.096418513,0.096418513,0.096418513,0.096418513,0.096418513,0.096418513,0.096418513,0.096418513,0.096418513,0.096418513,0.096418513,0.096418513,0.096418513,0.096418513,0.096418513,0.096418513,0.096418513,0.096418513,0.096418513,0.096418513,0.096418513,0.096418513,0.096418513,0.096418513,0.096418513,0.096418513,0.096418513,0.096418513,0.096418513,0.096418513,0.096418513,0.096418513,0.096418513,0.096418513,0.096418513,0.096418513,0.096418513,0.096418513,0.096418513,0.096418513,0.096418513,0.096418513,0.096418513,0.096418513,0.096418513,0.096418513,0.096418513,0.096418513,0.096418513,0.096418513,0.096418513,0.096418513,0.096418513,0.096418513,0.096418513,0.096418513,0.096418513,0.096418513,0.096418513,0.096418513,0.096418513,0.096418513,0.096418513,0.096418513,0.096418513,0.096418513,0.096418513,0.096418513,0.096418513,0.096418513,0.096418513
0,0,80,0.059138446,0.059138446,0.059138446,0.059138446,0.059138446,0.059138446,0.059138446,0.059138446,0.059138446,0.059138446,0.059138446,0.059138446,0.059138446,0.059138446,0.059138446,0.059138446,0.059138446,0.059138446,0.059138446,0.059138446,0.059138446,0.059138446,0.059138446,0.059138446,0.059138446,0.059138446,0.059138446,0.060852662,0.062483216,0.064020288,0.065454356,0.066776282,0.067977395,0.069049572,0.069985320,0.070777850,0.071421145,0.071911772,0.072254251,0.072455870,0.072524808,0.072469980,0.072300891,0.072027490,0.071660043,0.071209006,0.070684915,0.070103115,0.069497838,0.068907067,0.068367612,0.067915269,0.067585158,0.067412240,0.067431998,0.067681316,0.068199543,0.069015489,0.070104346,0.071427763,0.072946394,0.074618638,0.076399620,0.078240422,0.080087606,0.081883051,0.083564164,0.085080395,0.086443775,0.087684757,0.088836341,0.089933671,0.091013751,0.092115300,0.093278749,0.094546393,0.095962703,0.097560174,0.099314136,0.099314136,0.099314136,0.099314136,0.099314136,0.099314136,0.099314136,0.099314136,0.099314136,0.099314136,0.099314136,0.099314136,0.099314136,0.099314136,0.099314136,0.099314136,0.099314136,0.099314136,0.099314136,0.099314136,0.099314136,0.099314136,0.099314136,0.099314136,0.099314136,0.099314136,0.099314136,0.099314136,0.099314136,0.099314136,0.099314136,0.099314136,0.099314136,0.099314136,0.099314136,0.099314136,0.099314136,0.099314136,0.099314136,0.099314136,0.099314136,0.099314136,0.099314136,0.099314136,0.099314136,0.099314136,0.099314136,0.099314136,0.099314136,0.099314136,0.099314136,0.099314136,0.099314136,0.099314136,0.099314136,0.099314136,0.099314136,0.099314136,0.099314136,0.099314136,0.099314136,0.099314136,0.099314136,0.099314136,0.099314136,0.099314136,0.099314136,0.099314136,0.099314136,0.099314136,0.099314136,0.099314136,0.099314136,0.099314136,0.099314136,0.099314136,0.099314136,0.099314136,0.099314136,0.099314136,0.099314136,0.099314136,0.099314136,0.099314136,0.099314136,0.099314136,0.099314136,0.099314136,0.099314136,0.099314136,0.099314136,0.099314136,0.099314136,0.099314136,0.099314136,0.099314136,0.099314136,0.099314136,0.099314136,0.099314136,0.099314136,0.099314136,0.099314136,0.099314136,0.099314136,0.099314136,0.099314136,0.099314136,0.099314136,0.099314136,0.099314136,0.099314136,0.099314136,0.099314136,0.099314136,0.099314136,0.099314136,0.099314136,0.099314136,0.099314136,0.099314136,0.099314136,0.099314136,0.099314136,0.099314136,0.099314136,0.099314136,0.099314136,0.099314136,0.099314136,0.099314136,0.099314136,0.099314136,0.099314136,0.099314136,0.099314136,0.099314136,0.099314136,0.099314136,0.099314136,0.099314136,0.099314136,0.099314136,0.099314136,0.099314136,0.099314136,0.099314136,0.099314136,0.099314136,0.099314136,0.099314136,0.099314136,0.099314136,0.099314136,0.099314136,0.099314136,0.099314136,0.099314136,0.099314136
0,0,81,0.062243933,0.062243933,0.062243933,0.062243933,0.062243933,0.062243933,0.062243933,0.062243933,0.062243933,0.062243933,0.062243933,0.062243933,0.062243933,0.062243933,0.062243933,0.062243933,0.062243933,0.062243933,0.062243933,0.062243933,0.062243933,0.062243933,0.062243933,0.062243933,0.062243933,0.062243933,0.062243933,0.063909229,0.065478931,0.066943336,0.068293136,0.069519500,0.070614157,0.071569479,0.072378552,0.073035252,0.073536089,0.073885688,0.074091496,0.074161866,0.074105899,0.073933297,0.073654214,0.073279123,0.072818695,0.072283678,0.071689169,0.071067882,0.070458102,0.069897481,0.069422605,0.069069333,0.068873294,0.068870579,0.069098604,0.069597180,0.070399321,0.071495969,0.072852846,0.074431036,0.076189626,0.078084550,0.080067666,0.082086116,0.084082003,0.085992409,0.087755561,0.089340429,0.090765302,0.092062071,0.093265267,0.094411635,0.095539848,0.096690350,0.097905352,0.099228990,0.100707645,0.102375159,0.102375159,0.102375159,0.102375159,0.102375159,0.102375159,0.102375159,0.102375159,0.102375159,0.102375159,0.102375159,0.102375159,0.102375159,0.102375159,0.102375159,0.102375159,0.102375159,0.102375159,0.102375159,0.102375159,0.102375159,0.102375159,0.102375159,0.102375159,0.102375159,0.102375159,0.102375159,0.102375159,0.102375159,0.102375159,0.102375159,0.102375159,0.102375159,0.102375159,0.102375159,0.102375159,0.102375159,0.102375159,0.102375159,0.102375159,0.102375159,0.102375159,0.102375159,0.102375159,0.102375159,0.102375159,0.102375159,0.102375159,0.102375159,0.102375159,0.102375159,0.102375159,0.102375159,0.102375159,0.102375159,0.102375159,0.102375159,0.102375159,0.102375159,0.102375159,0.102375159,0.102375159,0.102375159,0.102375159,0.102375159,0.102375159,0.102375159,0.102375159,0.102375159,0.102375159,0.102375159,0.102375159,0.102375159,0.102375159,0.102375159,0.102375159,0.102375159,0.102375159,0.102375159,0.102375159,0.102375159,0.102375159,0.102375159,0.102375159,0.102375159,0.102375159,0.102375159,0.102375159,0.102375159,0.102375159,0.102375159,0.102375159,0.102375159,0.102375159,0.102375159,0.102375159,0.102375159,0.102375159,0.102375159,0.102375159,0.102375159,0.102375159,0.102375159,0.102375159,0.102375159,0.102375159,0.102375159,0.102375159,0.102375159,0.102375159,0.102375159,0.102375159,0.102375159,0.102375159,0.102375159,0.102375159,0.102375159,0.102375159,0.102375159,0.102375159,0.102375159,0.102375159,0.102375159,0.102375159,0.102375159,0.102375159,0.102375159,0.102375159,0.102375159,0.102375159,0.102375159,0.102375159,0.102375159,0.102375159,0.102375159,0.102375159,0.102375159,0.102375159,0.102375159,0.102375159,0.102375159,0.102375159,0.102375159,0.102375159,0.102375159,0.102375159,0.102375159,0.102375159,0.102375159,0.102375159,0.102375159,0.102375159,0.102375159,0.102375159,0.102375159,0.102375159,0.102375159,0.102375159,0.102375159,0.102375159
0,0,82,0.065365518,0.065365518,0.065365518,0.065365518,0.065365518,0.065365518,0.065365518,0.065365518,0.065365518,0.065365518,0.065365518,0.065365518,0.065365518,0.065365518,0.065365518,0.065365518,0.065365518,0.065365518,0.065365518,0.065365518,0.065365518,0.065365518,0.065365518,0.065365518,0.065365518,0.065365518,0.065365518,0.066968430,0.068463707,0.069841868,0.071093921,0.072211445,0.073186674,0.074012572,0.074682903,0.075194123,0.075550962,0.075761029,0.075832854,0.075775730,0.075599556,0.075314695,0.074931832,0.074461854,0.073915727,0.073308855,0.072674058,0.072048160,0.071469098,0.070974283,0.070600343,0.070383621,0.070360856,0.070570050,0.071051529,0.071838563,0.072925642,0.074294670,0.075911140,0.077734741,0.079722222,0.081826325,0.083994989,0.086170852,0.088291104,0.090293600,0.092136053,0.093791899,0.095280339,0.096634760,0.097891274,0.099088289,0.100266200,0.101467232,0.102735433,0.104116835,0.105659782,0.105659782,0.105659782,0.105659782,0.105659782,0.105659782,0.105659782,0.105659782,0.105659782,0.105659782,0.105659782,0.105659782,0.105659782,0.105659782,0.105659782,0.105659782,0.105659782,0.105659782,0.105659782,0.105659782,0.105659782,0.105659782,0.105659782,0.105659782,0.105659782,0.105659782,0.105659782,0.105659782,0.105659782,0.105659782,0.105659782,0.105659782,0.105659782,0.105659782,0.105659782,0.105659782,0.105659782,0.105659782,0.105659782,0.105659782,0.105659782,0.105659782,0.105659782,0.105659782,0.105659782,0.105659782,0.105659782,0.105659782,0.105659782,0.105659782,0.105659782,0.105659782,0.105659782,0.105659782,0.105659782,0.105659782,0.105659782,0.105659782,0.105659782,0.105659782,0.105659782,0.105659782,0.105659782,0.105659782,0.105659782,0.105659782,0.105659782,0.105659782,0.105659782,0.105659782,0.105659782,0.105659782,0.105659782,0.105659782,0.105659782,0.105659782,0.105659782,0.105659782,0.105659782,0.105659782,0.105659782,0.105659782,0.105659782,0.105659782,0.105659782,0.105659782,0.105659782,0.105659782,0.105659782,0.105659782,0.105659782,0.105659782,0.105659782,0.105659782,0.105659782,0.105659782,0.105659782,0.105659782,0.105659782,0.105659782,0.105659782,0.105659782,0.105659782,0.105659782,0.105659782,0.105659782,0.105659782,0.105659782,0.105659782,0.105659782,0.105659782,0.105659782,0.105659782,0.105659782,0.105659782,0.105659782,0.105659782,0.105659782,0.105659782,0.105659782,0.105659782,0.105659782,0.105659782,0.105659782,0.105659782,0.105659782,0.105659782,0.105659782,0.105659782,0.105659782,0.105659782,0.105659782,0.105659782,0.105659782,0.105659782,0.105659782,0.105659782,0.105659782,0.105659782,0.105659782,0.105659782,0.105659782,0.105659782,0.105659782,0.105659782,0.105659782,0.105659782,0.105659782,0.105659782,0.105659782,0.105659782,0.105659782,0.105659782,0.105659782,0.105659782,0.105659782,0.105659782,0.105659782,0.105659782,0.105659782,0.105659782
0,0,83,0.068489328,0.068489328,0.068489328,0.068489328,0.068489328,0.068489328,0.068489328,0.068489328,0.068489328,0.068489328,0.068489328,0.068489328,0.068489328,0.068489328,0.068489328,0.068489328,0.068489328,0.068489328,0.068489328,0.068489328,0.068489328,0.068489328,0.068489328,0.068489328,0.068489328,0.068489328,0.068489328,0.070016016,0.071423029,0.072701212,0.073841992,0.074837466,0.075680472,0.076364663,0.076886438,0.077250637,0.077465034,0.077538340,0.077480039,0.077300234,0.077009498,0.076618734,0.076139045,0.075581622,0.074962180,0.074314214,0.073674734,0.073080178,0.072568224,0.072176303,0.071941512,0.071901285,0.072094254,0.072561321,0.073336058,0.074412398,0.075775740,0.077408437,0.079274914,0.081332670,0.083535363,0.085831862,0.088165590,0.090474191,0.092695612,0.094787620,0.096712024,0.098441191,0.099995272,0.101409203,0.102720739,0.103970003,0.105199169,0.106452299,0.107775334,0.109216254,0.109216254,0.109216254,0.109216254,0.109216254,0.109216254,0.109216254,0.109216254,0.109216254,0.109216254,0.109216254,0.109216254,0.109216254,0.109216254,0.109216254,0.109216254,0.109216254,0.109216254,0.109216254,0.109216254,0.109216254,0.109216254,0.109216254,0.109216254,0.109216254,0.109216254,0.109216254,0.109216254,0.109216254,0.109216254,0.109216254,0.109216254,0.109216254,0.109216254,0.109216254,0.109216254,0.109216254,0.109216254,0.109216254,0.109216254,0.109216254,0.109216254,0.109216254,0.109216254,0.109216254,0.109216254,0.109216254,0.109216254,0.109216254,0.109216254,0.109216254,0.109216254,0.109216254,0.109216254,0.109216254,0.109216254,0.109216254,0.109216254,0.109216254,0.109216254,0.109216254,0.109216254,0.109216254,0.109216254,0.109216254,0.109216254,0.109216254,0.109216254,0.109216254,0.109216254,0.109216254,0.109216254,0.109216254,0.109216254,0.109216254,0.109216254,0.109216254,0.109216254,0.109216254,0.109216254,0.109216254,0.109216254,0.109216254,0.109216254,0.109216254,0.109216254,0.109216254,0.109216254,0.109216254,0.109216254,0.109216254,0.109216254,0.109216254,0.109216254,0.109216254,0.109216254,0.109216254,0.109216254,0.109216254,0.109216254,0.109216254,0.109216254,0.109216254,0.109216254,0.109216254,0.109216254,0.109216254,0.109216254,0.109216254,0.109216254,0.109216254,0.109216254,0.109216254,0.109216254,0.109216254,0.109216254,0.109216254,0.109216254,0.109216254,0.109216254,0.109216254,0.109216254,0.109216254,0.109216254,0.109216254,0.109216254,0.109216254,0.109216254,0.109216254,0.109216254,0.109216254,0.109216254,0.109216254,0.109216254,0.109216254,0.109216254,0.109216254,0.109216254,0.109216254,0.109216254,0.109216254,0.109216254,0.109216254,0.109216254,0.109216254,0.109216254,0.109216254,0.109216254,0.109216254,0.109216254,0.109216254,0.109216254,0.109216254,0.109216254,0.109216254,0.109216254,0.109216254,0.109216254,0.109216254,0.109216254,0.109216254,0.109216254
0,0,84,0.071600816,0.071600816,0.071600816,0.071600816,0.071600816,0.071600816,0.071600816,0.071600816,0.071600816,0.071600816,0.071600816,0.071600816,0.071600816,0.071600816,0.071600816,0.071600816,0.071600816,0.071600816,0.071600816,0.071600816,0.071600816,0.071600816,0.071600816,0.071600816,0.071600816,0.071600816,0.071600816,0.073037175,0.074341932,0.075506361,0.076522419,0.077382817,0.078081099,0.078613603,0.078985284,0.079204082,0.079278891,0.079219394,0.079035898,0.078739191,0.078340395,0.077850837,0.077281930,0.076649709,0.075988354,0.075335640,0.074728175,0.074202100,0.073795094,0.073545042,0.073490113,0.073669625,0.074125103,0.074890481,0.075959155,0.077315756,0.078946286,0.080832756,0.082937719,0.085215706,0.087616577,0.090084699,0.092558455,0.094976260,0.097296395,0.099480852,0.101489856,0.103294680,0.104916467,0.106391757,0.107760005,0.109063106,0.110345070,0.111651849,0.113031331,0.113031331,0.113031331,0.113031331,0.113031331,0.113031331,0.113031331,0.113031331,0.113031331,0.113031331,0.113031331,0.113031331,0.113031331,0.113031331,0.113031331,0.113031331,0.113031331,0.113031331,0.113031331,0.113031331,0.113031331,0.113031331,0.113031331,0.113031331,0.113031331,0.113031331,0.113031331,0.113031331,0.113031331,0.113031331,0.113031331,0.113031331,0.113031331,0.113031331,0.113031331,0.113031331,0.113031331,0.113031331,0.113031331,0.113031331,0.113031331,0.113031331,0.113031331,0.113031331,0.113031331,0.113031331,0.113031331,0.113031331,0.113031331,0.113031331,0.113031331,0.113031331,0.113031331,0.113031331,0.113031331,0.113031331,0.113031331,0.113031331,0.113031331,0.113031331,0.113031331,0.113031331,0.113031331,0.113031331,0.113031331,0.113031331,0.113031331,0.113031331,0.113031331,0.113031331,0.113031331,0.113031331,0.113031331,0.113031331,0.113031331,0.113031331,0.113031331,0.113031331,0.113031331,0.113031331,0.113031331,0.113031331,0.113031331,0.113031331,0.113031331,0.113031331,0.113031331,0.113031331,0.113031331,0.113031331,0.113031331,0.113031331,0.113031331,0.113031331,0.113031331,0.113031331,0.113031331,0.113031331,0.113031331,0.113031331,0.113031331,0.113031331,0.113031331,0.113031331,0.113031331,0.113031331,0.113031331,0.113031331,0.113031331,0.113031331,0.113031331,0.113031331,0.113031331,0.113031331,0.113031331,0.113031331,0.113031331,0.113031331,0.113031331,0.113031331,0.113031331,0.113031331,0.113031331,0.113031331,0.113031331,0.113031331,0.113031331,0.113031331,0.113031331,0.113031331,0.113031331,0.113031331,0.113031331,0.113031331,0.113031331,0.113031331,0.113031331,0.113031331,0.113031331,0.113031331,0.113031331,0.113031331,0.113031331,0.113031331,0.113031331,0.113031331,0.113031331,0.113031331,0.113031331,0.113031331,0.113031331,0.113031331,0.113031331,0.113031331,0.113031331,0.113031331,0.113031331,0.113031331,0.113031331,0.113031331,0.113031331,0.113031331,0.113031331
0,0,85,0.074684867,0.074684867,0.074684867,0.074684867,0.074684867,0.074684867,0.074684867,0.074684867,0.074684867,0.074684867,0.074684867,0.074684867,0.074684867,0.074684867,0.074684867,0.074684867,0.074684867,0.074684867,0.074684867,0.074684867,0.074684867,0.074684867,0.074684867,0.074684867,0.074684867,0.074684867,0.074684867,0.076016644,0.077205117,0.078242100,0.079120177,0.079832780,0.080376189,0.080755472,0.080978743,0.081055081,0.080994368,0.080807122,0.080504347,0.080097388,0.079597798,0.079017219,0.078372007,0.077697042,0.077030875,0.076410870,0.075873326,0.075454346,0.075192043,0.075125365,0.075294359,0.075741229,0.076500319,0.077564522,0.078917717,0.080545122,0.082432557,0.084560928,0.086890137,0.089371010,0.091948949,0.094563268,0.097153160,0.099677803,0.102099834,0.104379665,0.106475904,0.108358702,0.110050239,0.111588719,0.113015350,0.114373855,0.115710135,0.117072090,0.117072090,0.117072090,0.117072090,0.117072090,0.117072090,0.117072090,0.117072090,0.117072090,0.117072090,0.117072090,0.117072090,0.117072090,0.117072090,0.117072090,0.117072090,0.117072090,0.117072090,0.117072090,0.117072090,0.117072090,0.117072090,0.117072090,0.117072090,0.117072090,0.117072090,0.117072090,0.117072090,0.117072090,0.117072090,0.117072090,0.117072090,0.117072090,0.117072090,0.117072090,0.117072090,0.117072090,0.117072090,0.117072090,0.117072090,0.117072090,0.117072090,0.117072090,0.117072090,0.117072090,0.117072090,0.117072090,0.117072090,0.117072090,0.117072090,0.117072090,0.117072090,0.117072090,0.117072090,0.117072090,0.117072090,0.117072090,0.117072090,0.117072090,0.117072090,0.117072090,0.117072090,0.117072090,0.117072090,0.117072090,0.117072090,0.117072090,0.117072090,0.117072090,0.117072090,0.117072090,0.117072090,0.117072090,0.117072090,0.117072090,0.117072090,0.117072090,0.117072090,0.117072090,0.117072090,0.117072090,0.117072090,0.117072090,0.117072090,0.117072090,0.117072090,0.117072090,0.117072090,0.117072090,0.117072090,0.117072090,0.117072090,0.117072090,0.117072090,0.117072090,0.117072090,0.117072090,0.117072090,0.117072090,0.117072090,0.117072090,0.117072090,0.117072090,0.117072090,0.117072090,0.117072090,0.117072090,0.117072090,0.117072090,0.117072090,0.117072090,0.117072090,0.117072090,0.117072090,0.117072090,0.117072090,0.117072090,0.117072090,0.117072090,0.117072090,0.117072090,0.117072090,0.117072090,0.117072090,0.117072090,0.117072090,0.117072090,0.117072090,0.117072090,0.117072090,0.117072090,0.117072090,0.117072090,0.117072090,0.117072090,0.117072090,0.117072090,0.117072090,0.117072090,0.117072090,0.117072090,0.117072090,0.117072090,0.117072090,0.117072090,0.117072090,0.117072090,0.117072090,0.117072090,0.117072090,0.117072090,0.117072090,0.117072090,0.117072090,0.117072090,0.117072090,0.117072090,0.117072090,0.117072090,0.117072090,0.117072090,0.117072090,0.117072090,0.117072090
0,0,86,0.077725916,0.077725916,0.077725916,0.077725916,0.077725916,0.077725916,0.077725916,0.077725916,0.077725916,0.077725916,0.077725916,0.077725916,0.077725916,0.077725916,0.077725916,0.077725916,0.077725916,0.077725916,0.077725916,0.077725916,0.077725916,0.077725916,0.077725916,0.077725916,0.077725916,0.077725916,0.077725916,0.078938829,0.079997079,0.080893123,0.081620279,0.082174769,0.082561777,0.082789592,0.082867484,0.082805535,0.082614478,0.082305538,0.081890284,0.081380501,0.080788061,0.080129647,0.079440850,0.078761008,0.078128256,0.077579645,0.077151425,0.076880098,0.076804823,0.076966423,0.077407833,0.078163859,0.079226918,0.080580160,0.082208033,0.084095551,0.086227593,0.088583228,0.091118956,0.093781217,0.096510369,0.099246609,0.101950326,0.104585189,0.107112276,0.109490384,0.111676462,0.113639526,0.115402829,0.117006299,0.118492954,0.119908402,0.121300488,0.121300488,0.121300488,0.121300488,0.121300488,0.121300488,0.121300488,0.121300488,0.121300488,0.121300488,0.121300488,0.121300488,0.121300488,0.121300488,0.121300488,0.121300488,0.121300488,0.121300488,0.121300488,0.121300488,0.121300488,0.121300488,0.121300488,0.121300488,0.121300488,0.121300488,0.121300488,0.121300488,0.121300488,0.121300488,0.121300488,0.121300488,0.121300488,0.121300488,0.121300488,0.121300488,0.121300488,0.121300488,0.121300488,0.121300488,0.121300488,0.121300488,0.121300488,0.121300488,0.121300488,0.121300488,0.121300488,0.121300488,0.121300488,0.121300488,0.121300488,0.121300488,0.121300488,0.121300488,0.121300488,0.121300488,0.121300488,0.121300488,0.121300488,0.121300488,0.121300488,0.121300488,0.121300488,0.121300488,0.121300488,0.121300488,0.121300488,0.121300488,0.121300488,0.121300488,0.121300488,0.121300488,0.121300488,0.121300488,0.121300488,0.121300488,0.121300488,0.121300488,0.121300488,0.121300488,0.121300488,0.121300488,0.121300488,0.121300488,0.121300488,0.121300488,0.121300488,0.121300488,0.121300488,0.121300488,0.121300488,0.121300488,0.121300488,0.121300488,0.121300488,0.121300488,0.121300488,0.121300488,0.121300488,0.121300488,0.121300488,0.121300488,0.121300488,0.121300488,0.121300488,0.121300488,0.121300488,0.121300488,0.121300488,0.121300488,0.121300488,0.121300488,0.121300488,0.121300488,0.121300488,0.121300488,0.121300488,0.121300488,0.121300488,0.121300488,0.121300488,0.121300488,0.121300488,0.121300488,0.121300488,0.121300488,0.121300488,0.121300488,0.121300488,0.121300488,0.121300488,0.121300488,0.121300488,0.121300488,0.121300488,0.121300488,0.121300488,0.121300488,0.121300488,0.121300488,0.121300488,0.121300488,0.121300488,0.121300488,0.121300488,0.121300488,0.121300488,0.121300488,0.121300488,0.121300488,0.121300488,0.121300488,0.121300488,0.121300488,0.121300488,0.121300488,0.121300488,0.121300488,0.121300488,0.121300488,0.121300488,0.121300488,0.121300488,0.121300488,0.121300488
0,0,87,0.080708068,0.080708068,0.080708068,0.080708068,0.080708068,0.080708068,0.080708068,0.080708068,0.080708068,0.080708068,0.080708068,0.080708068,0.080708068,0.080708068,0.080708068,0.080708068,0.080708068,0.080708068,0.080708068,0.080708068,0.080708068,0.080708068,0.080708068,0.080708068,0.080708068,0.080708068,0.080708068,0.081787930,0.082702230,0.083444172,0.084009919,0.084404775,0.084637206,0.084716676,0.084653472,0.084458544,0.084143340,0.083719661,0.083199521,0.082595029,0.081923201,0.081220348,0.080526609,0.079880903,0.079321044,0.078884034,0.078606518,0.078526011,0.078683537,0.079122815,0.079879163,0.080944553,0.082301422,0.083933472,0.085824921,0.087959810,0.090321349,0.092886066,0.095606364,0.098423680,0.101279356,0.104135222,0.106956302,0.109704738,0.112340009,0.114819257,0.117097741,0.119143319,0.120980367,0.122650589,0.124198872,0.125672762,0.125672762,0.125672762,0.125672762,0.125672762,0.125672762,0.125672762,0.125672762,0.125672762,0.125672762,0.125672762,0.125672762,0.125672762,0.125672762,0.125672762,0.125672762,0.125672762,0.125672762,0.125672762,0.125672762,0.125672762,0.125672762,0.125672762,0.125672762,0.125672762,0.125672762,0.125672762,0.125672762,0.125672762,0.125672762,0.125672762,0.125672762,0.125672762,0.125672762,0.125672762,0.125672762,0.125672762,0.125672762,0.125672762,0.125672762,0.125672762,0.125672762,0.125672762,0.125672762,0.125672762,0.125672762,0.125672762,0.125672762,0.125672762,0.125672762,0.125672762,0.125672762,0.125672762,0.125672762,0.125672762,0.125672762,0.125672762,0.125672762,0.125672762,0.125672762,0.125672762,0.125672762,0.125672762,0.125672762,0.125672762,0.125672762,0.125672762,0.125672762,0.125672762,0.125672762,0.125672762,0.125672762,0.125672762,0.125672762,0.125672762,0.125672762,0.125672762,0.125672762,0.125672762,0.125672762,0.125672762,0.125672762,0.125672762,0.125672762,0.125672762,0.125672762,0.125672762,0.125672762,0.125672762,0.125672762,0.125672762,0.125672762,0.125672762,0.125672762,0.125672762,0.125672762,0.125672762,0.125672762,0.125672762,0.125672762,0.125672762,0.125672762,0.125672762,0.125672762,0.125672762,0.125672762,0.125672762,0.125672762,0.125672762,0.125672762,0.125672762,0.125672762,0.125672762,0.125672762,0.125672762,0.125672762,0.125672762,0.125672762,0.125672762,0.125672762,0.125672762,0.125672762,0.125672762,0.125672762,0.125672762,0.125672762,0.125672762,0.125672762,0.125672762,0.125672762,0.125672762,0.125672762,0.125672762,0.125672762,0.125672762,0.125672762,0.125672762,0.125672762,0.125672762,0.125672762,0.125672762,0.125672762,0.125672762,0.125672762,0.125672762,0.125672762,0.125672762,0.125672762,0.125672762,0.125672762,0.125672762,0.125672762,0.125672762,0.125672762,0.125672762,0.125672762,0.125672762,0.125672762,0.125672762,0.125672762,0.125672762,0.125672762,0.125672762,0.125672762,0.125672762,0.125672762
0,0,88,0.083615228,0.083615228,0.083615228,0.083615228,0.083615228,0.083615228,0.083615228,0.083615228,0.083615228,0.083615228,0.083615228,0.083615228,0.083615228,0.083615228,0.083615228,0.083615228,0.083615228,0.083615228,0.083615228,0.083615228,0.083615228,0.083615228,0.083615228,0.083615228,0.083615228,0.083615228,0.083615228,0.084548074,0.085305035,0.085882217,0.086285045,0.086522164,0.086603236,0.086538758,0.086339898,0.086018333,0.085586095,0.085055436,0.084438701,0.083753246,0.083036112,0.082328254,0.081669384,0.081098095,0.080652152,0.080368958,0.080286177,0.080443158,0.080883822,0.081644053,0.082715404,0.084079625,0.085719686,0.087619027,0.089760858,0.092127513,0.094699842,0.097451169,0.100329174,0.103276405,0.106256285,0.109235432,0.112177378,0.115042696,0.117789228,0.120372428,0.122745828,0.124876118,0.126788835,0.128527522,0.130138989,0.130138989,0.130138989,0.130138989,0.130138989,0.130138989,0.130138989,0.130138989,0.130138989,0.130138989,0.130138989,0.130138989,0.130138989,0.130138989,0.130138989,0.130138989,0.130138989,0.130138989,0.130138989,0.130138989,0.130138989,0.130138989,0.130138989,0.130138989,0.130138989,0.130138989,0.130138989,0.130138989,0.130138989,0.130138989,0.130138989,0.130138989,0.130138989,0.130138989,0.130138989,0.130138989,0.130138989,0.130138989,0.130138989,0.130138989,0.130138989,0.130138989,0.130138989,0.130138989,0.130138989,0.130138989,0.130138989,0.130138989,0.130138989,0.130138989,0.130138989,0.130138989,0.130138989,0.130138989,0.130138989,0.130138989,0.130138989,0.130138989,0.130138989,0.130138989,0.130138989,0.130138989,0.130138989,0.130138989,0.130138989,0.130138989,0.130138989,0.130138989,0.130138989,0.130138989,0.130138989,0.130138989,0.130138989,0.130138989,0.130138989,0.130138989,0.130138989,0.130138989,0.130138989,0.130138989,0.130138989,0.130138989,0.130138989,0.130138989,0.130138989,0.130138989,0.130138989,0.130138989,0.130138989,0.130138989,0.130138989,0.130138989,0.130138989,0.130138989,0.130138989,0.130138989,0.130138989,0.130138989,0.130138989,0.130138989,0.130138989,0.130138989,0.130138989,0.130138989,0.130138989,0.130138989,0.130138989,0.130138989,0.130138989,0.130138989,0.130138989,0.130138989,0.130138989,0.130138989,0.130138989,0.130138989,0.130138989,0.130138989,0.130138989,0.130138989,0.130138989,0.130138989,0.130138989,0.130138989,0.130138989,0.130138989,0.130138989,0.130138989,0.130138989,0.130138989,0.130138989,0.130138989,0.130138989,0.130138989,0.130138989,0.130138989,0.130138989,0.130138989,0.130138989,0.130138989,0.130138989,0.130138989,0.130138989,0.130138989,0.130138989,0.130138989,0.130138989,0.130138989,0.130138989,0.130138989,0.130138989,0.130138989,0.130138989,0.130138989,0.130138989,0.130138989,0.130138989,0.130138989,0.130138989,0.130138989,0.130138989,0.130138989,0.130138989,0.130138989,0.130138989,0.130138989,0.130138989
0,0,89,0.086431235,0.086431235,0.086431235,0.086431235,0.086431235,0.086431235,0.086431235,0.086431235,0.086431235,0.086431235,0.086431235,0.086431235,0.086431235,0.086431235,0.086431235,0.086431235,0.086431235,0.086431235,0.086431235,0.086431235,0.086431235,0.086431235,0.086431235,0.086431235,0.086431235,0.086431235,0.086431235,0.087203450,0.087792243,0.088203165,0.088445046,0.088527745,0.088461973,0.088259121,0.087931095,0.087490165,0.086948823,0.086319655,0.085620359,0.084888719,0.084166517,0.083494274,0.082911372,0.082456354,0.082167391,0.082082922,0.082242461,0.082688232,0.083456089,0.084537201,0.085912651,0.087564697,0.089476013,0.091628994,0.094005103,0.096584267,0.099344324,0.102254806,0.105264879,0.108339639,0.111447454,0.114553493,0.117619754,0.120605201,0.123466004,0.126155897,0.128626656,0.130843786,0.132834035,0.134642840,0.134642840,0.134642840,0.134642840,0.134642840,0.134642840,0.134642840,0.134642840,0.134642840,0.134642840,0.134642840,0.134642840,0.134642840,0.134642840,0.134642840,0.134642840,0.134642840,0.134642840,0.134642840,0.134642840,0.134642840,0.134642840,0.134642840,0.134642840,0.134642840,0.134642840,0.134642840,0.134642840,0.134642840,0.134642840,0.134642840,0.134642840,0.134642840,0.134642840,0.134642840,0.134642840,0.134642840,0.134642840,0.134642840,0.134642840,0.134642840,0.134642840,0.134642840,0.134642840,0.134642840,0.134642840,0.134642840,0.134642840,0.134642840,0.134642840,0.134642840,0.134642840,0.134642840,0.134642840,0.134642840,0.134642840,0.134642840,0.134642840,0.134642840,0.134642840,0.134642840,0.134642840,0.134642840,0.134642840,0.134642840,0.134642840,0.134642840,0.134642840,0.134642840,0.134642840,0.134642840,0.134642840,0.134642840,0.134642840,0.134642840,0.134642840,0.134642840,0.134642840,0.134642840,0.134642840,0.134642840,0.134642840,0.134642840,0.134642840,0.134642840,0.134642840,0.134642840,0.134642840,0.134642840,0.134642840,0.134642840,0.134642840,0.134642840,0.134642840,0.134642840,0.134642840,0.134642840,0.134642840,0.134642840,0.134642840,0.134642840,0.134642840,0.134642840,0.134642840,0.134642840,0.134642840,0.134642840,0.134642840,0.134642840,0.134642840,0.134642840,0.134642840,0.134642840,0.134642840,0.134642840,0.134642840,0.134642840,0.134642840,0.134642840,0.134642840,0.134642840,0.134642840,0.134642840,0.134642840,0.134642840,0.134642840,0.134642840,0.134642840,0.134642840,0.134642840,0.134642840,0.134642840,0.134642840,0.134642840,0.134642840,0.134642840,0.134642840,0.134642840,0.134642840,0.134642840,0.134642840,0.134642840,0.134642840,0.134642840,0.134642840,0.134642840,0.134642840,0.134642840,0.134642840,0.134642840,0.134642840,0.134642840,0.134642840,0.134642840,0.134642840,0.134642840,0.134642840,0.134642840,0.134642840,0.134642840,0.134642840,0.134642840,0.134642840,0.134642840,0.134642840,0.134642840,0.134642840,0.134642840
0,0,90,0.089139995,0.089139995,0.089139995,0.089139995,0.089139995,0.089139995,0.089139995,0.089139995,0.089139995,0.089139995,0.089139995,0.089139995,0.089139995,0.089139995,0.089139995,0.089139995,0.089139995,0.089139995,0.089139995,0.089139995,0.089139995,0.089139995,0.089139995,0.089139995,0.089139995,0.089139995,0.089139995,0.089740578,0.090159718,0.090406432,0.090490783,0.090423697,0.090216792,0.089882208,0.089432454,0.088880264,0.088238470,0.087525119,0.086778747,0.086041978,0.085356152,0.084761453,0.084297214,0.084002391,0.083916208,0.084078984,0.084533136,0.085312556,0.086407407,0.087798128,0.089466280,0.091393792,0.093562252,0.095952260,0.098542828,0.101310827,0.104230504,0.107273947,0.110413597,0.113619652,0.116859078,0.120095554,0.123289504,0.126398248,0.129376248,0.132175488,0.134745961,0.137051979,0.139121545,0.139121545,0.139121545,0.139121545,0.139121545,0.139121545,0.139121545,0.139121545,0.139121545,0.139121545,0.139121545,0.139121545,0.139121545,0.139121545,0.139121545,0.139121545,0.139121545,0.139121545,0.139121545,0.139121545,0.139121545,0.139121545,0.139121545,0.139121545,0.139121545,0.139121545,0.139121545,0.139121545,0.139121545,0.139121545,0.139121545,0.139121545,0.139121545,0.139121545,0.139121545,0.139121545,0.139121545,0.139121545,0.139121545,0.139121545,0.139121545,0.139121545,0.139121545,0.139121545,0.139121545,0.139121545,0.139121545,0.139121545,0.139121545,0.139121545,0.139121545,0.139121545,0.139121545,0.139121545,0.139121545,0.139121545,0.139121545,0.139121545,0.139121545,0.139121545,0.139121545,0.139121545,0.139121545,0.139121545,0.139121545,0.139121545,0.139121545,0.139121545,0.139121545,0.139121545,0.139121545,0.139121545,0.139121545,0.139121545,0.139121545,0.139121545,0.139121545,0.139121545,0.139121545,0.139121545,0.139121545,0.139121545,0.139121545,0.139121545,0.139121545,0.139121545,0.139121545,0.139121545,0.139121545,0.139121545,0.139121545,0.139121545,0.139121545,0.139121545,0.139121545,0.139121545,0.139121545,0.139121545,0.139121545,0.139121545,0.139121545,0.139121545,0.139121545,0.139121545,0.139121545,0.139121545,0.139121545,0.139121545,0.139121545,0.139121545,0.139121545,0.139121545,0.139121545,0.139121545,0.139121545,0.139121545,0.139121545,0.139121545,0.139121545,0.139121545,0.139121545,0.139121545,0.139121545,0.139121545,0.139121545,0.139121545,0.139121545,0.139121545,0.139121545,0.139121545,0.139121545,0.139121545,0.139121545,0.139121545,0.139121545,0.139121545,0.139121545,0.139121545,0.139121545,0.139121545,0.139121545,0.139121545,0.139121545,0.139121545,0.139121545,0.139121545,0.139121545,0.139121545,0.139121545,0.139121545,0.139121545,0.139121545,0.139121545,0.139121545,0.139121545,0.139121545,0.139121545,0.139121545,0.139121545,0.139121545,0.139121545,0.139121545,0.139121545,0.139121545,0.139121545,0.139121545,0.139121545,0.139121545,0.139121545
0,0,91,0.091727804,0.091727804,0.091727804,0.091727804,0.091727804,0.091727804,0.091727804,0.091727804,0.091727804,0.091727804,0.091727804,0.091727804,0.091727804,0.091727804,0.091727804,0.091727804,0.091727804,0.091727804,0.091727804,0.091727804,0.091727804,0.091727804,0.091727804,0.091727804,0.091727804,0.091727804,0.091727804,0.092155286,0.092406906,0.092492933,0.092424514,0.092213495,0.091872253,0.091413541,0.090850340,0.090195729,0.089468107,0.088706777,0.087955215,0.087255595,0.086648916,0.086175313,0.085874537,0.085786614,0.085952677,0.086415995,0.087210446,0.088323200,0.089733404,0.091421946,0.093370020,0.095558422,0.097966896,0.100573542,0.103354269,0.106282313,0.109334811,0.112508576,0.115781561,0.119122612,0.122497251,0.125867624,0.129192544,0.132427649,0.135525667,0.138436802,0.141109242,0.143506099,0.143506099,0.143506099,0.143506099,0.143506099,0.143506099,0.143506099,0.143506099,0.143506099,0.143506099,0.143506099,0.143506099,0.143506099,0.143506099,0.143506099,0.143506099,0.143506099,0.143506099,0.143506099,0.143506099,0.143506099,0.143506099,0.143506099,0.143506099,0.143506099,0.143506099,0.143506099,0.143506099,0.143506099,0.143506099,0.143506099,0.143506099,0.143506099,0.143506099,0.143506099,0.143506099,0.143506099,0.143506099,0.143506099,0.143506099,0.143506099,0.143506099,0.143506099,0.143506099,0.143506099,0.143506099,0.143506099,0.143506099,0.143506099,0.143506099,0.143506099,0.143506099,0.143506099,0.143506099,0.143506099,0.143506099,0.143506099,0.143506099,0.143506099,0.143506099,0.143506099,0.143506099,0.143506099,0.143506099,0.143506099,0.143506099,0.143506099,0.143506099,0.143506099,0.143506099,0.143506099,0.143506099,0.143506099,0.143506099,0.143506099,0.143506099,0.143506099,0.143506099,0.143506099,0.143506099,0.143506099,0.143506099,0.143506099,0.143506099,0.143506099,0.143506099,0.143506099,0.143506099,0.143506099,0.143506099,0.143506099,0.143506099,0.143506099,0.143506099,0.143506099,0.143506099,0.143506099,0.143506099,0.143506099,0.143506099,0.143506099,0.143506099,0.143506099,0.143506099,0.143506099,0.143506099,0.143506099,0.143506099,0.143506099,0.143506099,0.143506099,0.143506099,0.143506099,0.143506099,0.143506099,0.143506099,0.143506099,0.143506099,0.143506099,0.143506099,0.143506099,0.143506099,0.143506099,0.143506099,0.143506099,0.143506099,0.143506099,0.143506099,0.143506099,0.143506099,0.143506099,0.143506099,0.143506099,0.143506099,0.143506099,0.143506099,0.143506099,0.143506099,0.143506099,0.143506099,0.143506099,0.143506099,0.143506099,0.143506099,0.143506099,0.143506099,0.143506099,0.143506099,0.143506099,0.143506099,0.143506099,0.143506099,0.143506099,0.143506099,0.143506099,0.143506099,0.143506099,0.143506099,0.143506099,0.143506099,0.143506099,0.143506099,0.143506099,0.143506099,0.143506099,0.143506099,0.143506099,0.143506099,0.143506099,0.143506099
0,0,92,0.094190450,0.094190450,0.094190450,0.094190450,0.094190450,0.094190450,0.094190450,0.094190450,0.094190450,0.094190450,0.094190450,0.094190450,0.094190450,0.094190450,0.094190450,0.094190450,0.094190450,0.094190450,0.094190450,0.094190450,0.094190450,0.094190450,0.094190450,0.094190450,0.094190450,0.094190450,0.094190450,0.094447049,0.094534778,0.094465005,0.094249811,0.093901813,0.093434011,0.092859634,0.092192013,0.091449905,0.090673390,0.089906810,0.089193185,0.088574342,0.088091230,0.087784409,0.087694718,0.087864120,0.088336745,0.089147131,0.090281454,0.091715536,0.093428918,0.095402078,0.097615028,0.100046668,0.102674188,0.105472534,0.108413934,0.111474596,0.114657087,0.117964885,0.121374891,0.124854555,0.128367912,0.131875535,0.135334589,0.138699000,0.141919730,0.144945183,0.147721722,0.147721722,0.147721722,0.147721722,0.147721722,0.147721722,0.147721722,0.147721722,0.147721722,0.147721722,0.147721722,0.147721722,0.147721722,0.147721722,0.147721722,0.147721722,0.147721722,0.147721722,0.147721722,0.147721722,0.147721722,0.147721722,0.147721722,0.147721722,0.147721722,0.147721722,0.147721722,0.147721722,0.147721722,0.147721722,0.147721722,0.147721722,0.147721722,0.147721722,0.147721722,0.147721722,0.147721722,0.147721722,0.147721722,0.147721722,0.147721722,0.147721722,0.147721722,0.147721722,0.147721722,0.147721722,0.147721722,0.147721722,0.147721722,0.147721722,0.147721722,0.147721722,0.147721722,0.147721722,0.147721722,0.147721722,0.147721722,0.147721722,0.147721722,0.147721722,0.147721722,0.147721722,0.147721722,0.147721722,0.147721722,0.147721722,0.147721722,0.147721722,0.147721722,0.147721722,0.147721722,0.147721722,0.147721722,0.147721722,0.147721722,0.147721722,0.147721722,0.147721722,0.147721722,0.147721722,0.147721722,0.147721722,0.147721722,0.147721722,0.147721722,0.147721722,0.147721722,0.147721722,0.147721722,0.147721722,0.147721722,0.147721722,0.147721722,0.147721722,0.147721722,0.147721722,0.147721722,0.147721722,0.147721722,0.147721722,0.147721722,0.147721722,0.147721722,0.147721722,0.147721722,0.147721722,0.147721722,0.147721722,0.147721722,0.147721722,0.147721722,0.147721722,0.147721722,0.147721722,0.147721722,0.147721722,0.147721722,0.147721722,0.147721722,0.147721722,0.147721722,0.147721722,0.147721722,0.147721722,0.147721722,0.147721722,0.147721722,0.147721722,0.147721722,0.147721722,0.147721722,0.147721722,0.147721722,0.147721722,0.147721722,0.147721722,0.147721722,0.147721722,0.147721722,0.147721722,0.147721722,0.147721722,0.147721722,0.147721722,0.147721722,0.147721722,0.147721722,0.147721722,0.147721722,0.147721722,0.147721722,0.147721722,0.147721722,0.147721722,0.147721722,0.147721722,0.147721722,0.147721722,0.147721722,0.147721722,0.147721722,0.147721722,0.147721722,0.147721722,0.147721722,0.147721722,0.147721722,0.147721722,0.147721722,0.147721722,0.147721722
0,0,93,0.096527443,0.096527443,0.096527443,0.096527443,0.096527443,0.096527443,0.096527443,0.096527443,0.096527443,0.096527443,0.096527443,0.096527443,0.096527443,0.096527443,0.096527443,0.096527443,0.096527443,0.096527443,0.096527443,0.096527443,0.096527443,0.096527443,0.096527443,0.096527443,0.096527443,0.096527443,0.096527443,0.096616898,0.096545753,0.096326323,0.095971471,0.095494444,0.094908727,0.094227904,0.093471095,0.092679169,0.091897345,0.091169503,0.090538311,0.090045545,0.089732587,0.089641101,0.089813893,0.090295968,0.091122531,0.092279443,0.093741270,0.095484118,0.097487050,0.099729309,0.102188956,0.104842277,0.107663255,0.110623104,0.113697106,0.116887364,0.120203480,0.123648941,0.127199560,0.130821348,0.134476807,0.138124902,0.141721116,0.145217630,0.148563621,0.151705668,0.151705668,0.151705668,0.151705668,0.151705668,0.151705668,0.151705668,0.151705668,0.151705668,0.151705668,0.151705668,0.151705668,0.151705668,0.151705668,0.151705668,0.151705668,0.151705668,0.151705668,0.151705668,0.151705668,0.151705668,0.151705668,0.151705668,0.151705668,0.151705668,0.151705668,0.151705668,0.151705668,0.151705668,0.151705668,0.151705668,0.151705668,0.151705668,0.151705668,0.151705668,0.151705668,0.151705668,0.151705668,0.151705668,0.151705668,0.151705668,0.151705668,0.151705668,0.151705668,0.151705668,0.151705668,0.151705668,0.151705668,0.151705668,0.151705668,0.151705668,0.151705668,0.151705668,0.151705668,0.151705668,0.151705668,0.151705668,0.151705668,0.151705668,0.151705668,0.151705668,0.151705668,0.151705668,0.151705668,0.151705668,0.151705668,0.151705668,0.151705668,0.151705668,0.151705668,0.151705668,0.151705668,0.151705668,0.151705668,0.151705668,0.151705668,0.151705668,0.151705668,0.151705668,0.151705668,0.151705668,0.151705668,0.151705668,0.151705668,0.151705668,0.151705668,0.151705668,0.151705668,0.151705668,0.151705668,0.151705668,0.151705668,0.151705668,0.151705668,0.151705668,0.151705668,0.151705668,0.151705668,0.151705668,0.151705668,0.151705668,0.151705668,0.151705668,0.151705668,0.151705668,0.151705668,0.151705668,0.151705668,0.151705668,0.151705668,0.151705668,0.151705668,0.151705668,0.151705668,0.151705668,0.151705668,0.151705668,0.151705668,0.151705668,0.151705668,0.151705668,0.151705668,0.151705668,0.151705668,0.151705668,0.151705668,0.151705668,0.151705668,0.151705668,0.151705668,0.151705668,0.151705668,0.151705668,0.151705668,0.151705668,0.151705668,0.151705668,0.151705668,0.151705668,0.151705668,0.151705668,0.151705668,0.151705668,0.151705668,0.151705668,0.151705668,0.151705668,0.151705668,0.151705668,0.151705668,0.151705668,0.151705668,0.151705668,0.151705668,0.151705668,0.151705668,0.151705668,0.151705668,0.151705668,0.151705668,0.151705668,0.151705668,0.151705668,0.151705668,0.151705668,0.151705668,0.151705668,0.151705668,0.151705668,0.151705668,0.151705668,0.151705668
0,0,94,0.098739876,0.098739876,0.098739876,0.098739876,0.098739876,0.098739876,0.098739876,0.098739876,0.098739876,0.098739876,0.098739876,0.098739876,0.098739876,0.098739876,0.098739876,0.098739876,0.098739876,0.098739876,0.098739876,0.098739876,0.098739876,0.098739876,0.098739876,0.098739876,0.098739876,0.098739876,0.098739876,0.098667339,0.098443612,0.098081807,0.097595423,0.096998201,0.096303985,0.095532260,0.094724696,0.093927402,0.093185131,0.092541405,0.092038841,0.091719654,0.091626345,0.091802578,0.092294245,0.093137227,0.094317064,0.095807763,0.097584146,0.099621709,0.101898198,0.104390845,0.107075035,0.109923788,0.112907302,0.115999925,0.119203313,0.122526713,0.125979994,0.129566647,0.133261355,0.137028644,0.140829447,0.144621081,0.148357315,0.151988563,0.155462190,0.155462190,0.155462190,0.155462190,0.155462190,0.155462190,0.155462190,0.155462190,0.155462190,0.155462190,0.155462190,0.155462190,0.155462190,0.155462190,0.155462190,0.155462190,0.155462190,0.155462190,0.155462190,0.155462190,0.155462190,0.155462190,0.155462190,0.155462190,0.155462190,0.155462190,0.155462190,0.155462190,0.155462190,0.155462190,0.155462190,0.155462190,0.155462190,0.155462190,0.155462190,0.155462190,0.155462190,0.155462190,0.155462190,0.155462190,0.155462190,0.155462190,0.155462190,0.155462190,0.155462190,0.155462190,0.155462190,0.155462190,0.155462190,0.155462190,0.155462190,0.155462190,0.155462190,0.155462190,0.155462190,0.155462190,0.155462190,0.155462190,0.155462190,0.155462190,0.155462190,0.155462190,0.155462190,0.155462190,0.155462190,0.155462190,0.155462190,0.155462190,0.155462190,0.155462190,0.155462190,0.155462190,0.155462190,0.155462190,0.155462190,0.155462190,0.155462190,0.155462190,0.155462190,0.155462190,0.155462190,0.155462190,0.155462190,0.155462190,0.155462190,0.155462190,0.155462190,0.155462190,0.155462190,0.155462190,0.155462190,0.155462190,0.155462190,0.155462190,0.155462190,0.155462190,0.155462190,0.155462190,0.155462190,0.155462190,0.155462190,0.155462190,0.155462190,0.155462190,0.155462190,0.155462190,0.155462190,0.155462190,0.155462190,0.155462190,0.155462190,0.155462190,0.155462190,0.155462190,0.155462190,0.155462190,0.155462190,0.155462190,0.155462190,0.155462190,0.155462190,0.155462190,0.155462190,0.155462190,0.155462190,0.155462190,0.155462190,0.155462190,0.155462190,0.155462190,0.155462190,0.155462190,0.155462190,0.155462190,0.155462190,0.155462190,0.155462190,0.155462190,0.155462190,0.155462190,0.155462190,0.155462190,0.155462190,0.155462190,0.155462190,0.155462190,0.155462190,0.155462190,0.155462190,0.155462190,0.155462190,0.155462190,0.155462190,0.155462190,0.155462190,0.155462190,0.155462190,0.155462190,0.155462190,0.155462190,0.155462190,0.155462190,0.155462190,0.155462190,0.155462190,0.155462190,0.155462190,0.155462190,0.155462190,0.155462190,0.155462190,0.155462190,0.155462190
0,0,95,0.100830343,0.100830343,0.100830343,0.100830343,0.100830343,0.100830343,0.100830343,0.100830343,0.100830343,0.100830343,0.100830343,0.100830343,0.100830343,0.100830343,0.100830343,0.100830343,0.100830343,0.100830343,0.100830343,0.100830343,0.100830343,0.100830343,0.100830343,0.100830343,0.100830343,0.100830343,0.100830343,0.100602259,0.100233402,0.099737528,0.099128638,0.098420836,0.097633981,0.096810552,0.095997564,0.095240653,0.094584208,0.094071700,0.093746191,0.093651033,0.093830758,0.094332159,0.095191803,0.096394900,0.097914889,0.099726032,0.101802496,0.104118304,0.106649103,0.109369381,0.112251194,0.115263719,0.118380369,0.121602354,0.124938589,0.128398579,0.131992459,0.135723705,0.139565836,0.143481848,0.147431066,0.151369125,0.155248051,0.159016468,0.159016468,0.159016468,0.159016468,0.159016468,0.159016468,0.159016468,0.159016468,0.159016468,0.159016468,0.159016468,0.159016468,0.159016468,0.159016468,0.159016468,0.159016468,0.159016468,0.159016468,0.159016468,0.159016468,0.159016468,0.159016468,0.159016468,0.159016468,0.159016468,0.159016468,0.159016468,0.159016468,0.159016468,0.159016468,0.159016468,0.159016468,0.159016468,0.159016468,0.159016468,0.159016468,0.159016468,0.159016468,0.159016468,0.159016468,0.159016468,0.159016468,0.159016468,0.159016468,0.159016468,0.159016468,0.159016468,0.159016468,0.159016468,0.159016468,0.159016468,0.159016468,0.159016468,0.159016468,0.159016468,0.159016468,0.159016468,0.159016468,0.159016468,0.159016468,0.159016468,0.159016468,0.159016468,0.159016468,0.159016468,0.159016468,0.159016468,0.159016468,0.159016468,0.159016468,0.159016468,0.159016468,0.159016468,0.159016468,0.159016468,0.159016468,0.159016468,0.159016468,0.159016468,0.159016468,0.159016468,0.159016468,0.159016468,0.159016468,0.159016468,0.159016468,0.159016468,0.159016468,0.159016468,0.159016468,0.159016468,0.159016468,0.159016468,0.159016468,0.159016468,0.159016468,0.159016468,0.159016468,0.159016468,0.159016468,0.159016468,0.159016468,0.159016468,0.159016468,0.159016468,0.159016468,0.159016468,0.159016468,0.159016468,0.159016468,0.159016468,0.159016468,0.159016468,0.159016468,0.159016468,0.159016468,0.159016468,0.159016468,0.159016468,0.159016468,0.159016468,0.159016468,0.159016468,0.159016468,0.159016468,0.159016468,0.159016468,0.159016468,0.159016468,0.159016468,0.159016468,0.159016468,0.159016468,0.159016468,0.159016468,0.159016468,0.159016468,0.159016468,0.159016468,0.159016468,0.159016468,0.159016468,0.159016468,0.159016468,0.159016468,0.159016468,0.159016468,0.159016468,0.159016468,0.159016468,0.159016468,0.159016468,0.159016468,0.159016468,0.159016468,0.159016468,0.159016468,0.159016468,0.159016468,0.159016468,0.159016468,0.159016468,0.159016468,0.159016468,0.159016468,0.159016468,0.159016468,0.159016468,0.159016468,0.159016468,0.159016468,0.159016468,0.159016468,0.159016468
0,0,96,0.102802843,0.102802843,0.102802843,0.102802843,0.102802843,0.102802843,0.102802843,0.102802843,0.102802843,0.102802843,0.102802843,0.102802843,0.102802843,0.102802843,0.102802843,0.102802843,0.102802843,0.102802843,0.102802843,0.102802843,0.102802843,0.102802843,0.102802843,0.102802843,0.102802843,0.102802843,0.102802843,0.102426836,0.101921341,0.101300619,0.100579040,0.099776840,0.098937319,0.098108411,0.097336649,0.096667301,0.096144704,0.095812781,0.095715747,0.095899015,0.096410292,0.097286840,0.098513532,0.100063229,0.101909621,0.104026297,0.106385894,0.108960161,0.111721903,0.114642212,0.117689237,0.120835451,0.124081628,0.127436356,0.130908796,0.134508709,0.138246485,0.142125576,0.146118295,0.150186068,0.154286575,0.158373736,0.162397811,0.162397811,0.162397811,0.162397811,0.162397811,0.162397811,0.162397811,0.162397811,0.162397811,0.162397811,0.162397811,0.162397811,0.162397811,0.162397811,0.162397811,0.162397811,0.162397811,0.162397811,0.162397811,0.162397811,0.162397811,0.162397811,0.162397811,0.162397811,0.162397811,0.162397811,0.162397811,0.162397811,0.162397811,0.162397811,0.162397811,0.162397811,0.162397811,0.162397811,0.162397811,0.162397811,0.162397811,0.162397811,0.162397811,0.162397811,0.162397811,0.162397811,0.162397811,0.162397811,0.162397811,0.162397811,0.162397811,0.162397811,0.162397811,0.162397811,0.162397811,0.162397811,0.162397811,0.162397811,0.162397811,0.162397811,0.162397811,0.162397811,0.162397811,0.162397811,0.162397811,0.162397811,0.162397811,0.162397811,0.162397811,0.162397811,0.162397811,0.162397811,0.162397811,0.162397811,0.162397811,0.162397811,0.162397811,0.162397811,0.162397811,0.162397811,0.162397811,0.162397811,0.162397811,0.162397811,0.162397811,0.162397811,0.162397811,0.162397811,0.162397811,0.162397811,0.162397811,0.162397811,0.162397811,0.162397811,0.162397811,0.162397811,0.162397811,0.162397811,0.162397811,0.162397811,0.162397811,0.162397811,0.162397811,0.162397811,0.162397811,0.162397811,0.162397811,0.162397811,0.162397811,0.162397811,0.162397811,0.162397811,0.162397811,0.162397811,0.162397811,0.162397811,0.162397811,0.162397811,0.162397811,0.162397811,0.162397811,0.162397811,0.162397811,0.162397811,0.162397811,0.162397811,0.162397811,0.162397811,0.162397811,0.162397811,0.162397811,0.162397811,0.162397811,0.162397811,0.162397811,0.162397811,0.162397811,0.162397811,0.162397811,0.162397811,0.162397811,0.162397811,0.162397811,0.162397811,0.162397811,0.162397811,0.162397811,0.162397811,0.162397811,0.162397811,0.162397811,0.162397811,0.162397811,0.162397811,0.162397811,0.162397811,0.162397811,0.162397811,0.162397811,0.162397811,0.162397811,0.162397811,0.162397811,0.162397811,0.162397811,0.162397811,0.162397811,0.162397811,0.162397811,0.162397811,0.162397811,0.162397811,0.162397811,0.162397811,0.162397811,0.162397811,0.162397811,0.162397811,0.162397811
0,0,97,0.104662687,0.104662687,0.104662687,0.104662687,0.104662687,0.104662687,0.104662687,0.104662687,0.104662687,0.104662687,0.104662687,0.104662687,0.104662687,0.104662687,0.104662687,0.104662687,0.104662687,0.104662687,0.104662687,0.104662687,0.104662687,0.104662687,0.104662687,0.104662687,0.104662687,0.104662687,0.104662687,0.104147437,0.103514721,0.102779174,0.101961415,0.101105578,0.100260526,0.099473701,0.098791266,0.098258436,0.097920005,0.097821068,0.098007931,0.098529226,0.099422918,0.100673541,0.102253362,0.104135491,0.106292927,0.108697700,0.111320098,0.114128844,0.117093241,0.120180407,0.123361868,0.126637965,0.130016970,0.133507709,0.137119587,0.140862610,0.144747422,0.148777432,0.152923709,0.157146071,0.161400515,0.165639219,0.165639219,0.165639219,0.165639219,0.165639219,0.165639219,0.165639219,0.165639219,0.165639219,0.165639219,0.165639219,0.165639219,0.165639219,0.165639219,0.165639219,0.165639219,0.165639219,0.165639219,0.165639219,0.165639219,0.165639219,0.165639219,0.165639219,0.165639219,0.165639219,0.165639219,0.165639219,0.165639219,0.165639219,0.165639219,0.165639219,0.165639219,0.165639219,0.165639219,0.165639219,0.165639219,0.165639219,0.165639219,0.165639219,0.165639219,0.165639219,0.165639219,0.165639219,0.165639219,0.165639219,0.165639219,0.165639219,0.165639219,0.165639219,0.165639219,0.165639219,0.165639219,0.165639219,0.165639219,0.165639219,0.165639219,0.165639219,0.165639219,0.165639219,0.165639219,0.165639219,0.165639219,0.165639219,0.165639219,0.165639219,0.165639219,0.165639219,0.165639219,0.165639219,0.165639219,0.165639219,0.165639219,0.165639219,0.165639219,0.165639219,0.165639219,0.165639219,0.165639219,0.165639219,0.165639219,0.165639219,0.165639219,0.165639219,0.165639219,0.165639219,0.165639219,0.165639219,0.165639219,0.165639219,0.165639219,0.165639219,0.165639219,0.165639219,0.165639219,0.165639219,0.165639219,0.165639219,0.165639219,0.165639219,0.165639219,0.165639219,0.165639219,0.165639219,0.165639219,0.165639219,0.165639219,0.165639219,0.165639219,0.165639219,0.165639219,0.165639219,0.165639219,0.165639219,0.165639219,0.165639219,0.165639219,0.165639219,0.165639219,0.165639219,0.165639219,0.165639219,0.165639219,0.165639219,0.165639219,0.165639219,0.165639219,0.165639219,0.165639219,0.165639219,0.165639219,0.165639219,0.165639219,0.165639219,0.165639219,0.165639219,0.165639219,0.165639219,0.165639219,0.165639219,0.165639219,0.165639219,0.165639219,0.165639219,0.165639219,0.165639219,0.165639219,0.165639219,0.165639219,0.165639219,0.165639219,0.165639219,0.165639219,0.165639219,0.165639219,0.165639219,0.165639219,0.165639219,0.165639219,0.165639219,0.165639219,0.165639219,0.165639219,0.165639219,0.165639219,0.165639219,0.165639219,0.165639219,0.165639219,0.165639219,0.165639219,0.165639219,0.165639219,0.165639219,0.165639219,0.165639219,0.165639219
0,0,98,0.106416393,0.106416393,0.106416393,0.106416393,0.106416393,0.106416393,0.106416393,0.106416393,0.106416393,0.106416393,0.106416393,0.106416393,0.106416393,0.106416393,0.106416393,0.106416393,0.106416393,0.106416393,0.106416393,0.106416393,0.106416393,0.106416393,0.106416393,0.106416393,0.106416393,0.106416393,0.106416393,0.105771520,0.105021815,0.104188285,0.103315907,0.102454486,0.101652389,0.100956683,0.100413474,0.100068445,0.099967578,0.100158086,0.100689540,0.101600620,0.102875506,0.104485867,0.106404218,0.108602958,0.111053499,0.113725480,0.116586081,0.119600321,0.122733427,0.125955971,0.129267862,0.132677064,0.136192079,0.139821965,0.143576361,0.147465517,0.151500316,0.155684114,0.159986697,0.164366233,0.168777007,0.168777007,0.168777007,0.168777007,0.168777007,0.168777007,0.168777007,0.168777007,0.168777007,0.168777007,0.168777007,0.168777007,0.168777007,0.168777007,0.168777007,0.168777007,0.168777007,0.168777007,0.168777007,0.168777007,0.168777007,0.168777007,0.168777007,0.168777007,0.168777007,0.168777007,0.168777007,0.168777007,0.168777007,0.168777007,0.168777007,0.168777007,0.168777007,0.168777007,0.168777007,0.168777007,0.168777007,0.168777007,0.168777007,0.168777007,0.168777007,0.168777007,0.168777007,0.168777007,0.168777007,0.168777007,0.168777007,0.168777007,0.168777007,0.168777007,0.168777007,0.168777007,0.168777007,0.168777007,0.168777007,0.168777007,0.168777007,0.168777007,0.168777007,0.168777007,0.168777007,0.168777007,0.168777007,0.168777007,0.168777007,0.168777007,0.168777007,0.168777007,0.168777007,0.168777007,0.168777007,0.168777007,0.168777007,0.168777007,0.168777007,0.168777007,0.168777007,0.168777007,0.168777007,0.168777007,0.168777007,0.168777007,0.168777007,0.168777007,0.168777007,0.168777007,0.168777007,0.168777007,0.168777007,0.168777007,0.168777007,0.168777007,0.168777007,0.168777007,0.168777007,0.168777007,0.168777007,0.168777007,0.168777007,0.168777007,0.168777007,0.168777007,0.168777007,0.168777007,0.168777007,0.168777007,0.168777007,0.168777007,0.168777007,0.168777007,0.168777007,0.168777007,0.168777007,0.168777007,0.168777007,0.168777007,0.168777007,0.168777007,0.168777007,0.168777007,0.168777007,0.168777007,0.168777007,0.168777007,0.168777007,0.168777007,0.168777007,0.168777007,0.168777007,0.168777007,0.168777007,0.168777007,0.168777007,0.168777007,0.168777007,0.168777007,0.168777007,0.168777007,0.168777007,0.168777007,0.168777007,0.168777007,0.168777007,0.168777007,0.168777007,0.168777007,0.168777007,0.168777007,0.168777007,0.168777007,0.168777007,0.168777007,0.168777007,0.168777007,0.168777007,0.168777007,0.168777007,0.168777007,0.168777007,0.168777007,0.168777007,0.168777007,0.168777007,0.168777007,0.168777007,0.168777007,0.168777007,0.168777007,0.168777007,0.168777007,0.168777007,0.168777007,0.168777007,0.168777007,0.168777007,0.168777007,0.168777007
0,0,99,0.108071590,0.108071590,0.108071590,0.108071590,0.108071590,0.108071590,0.108071590,0.108071590,0.108071590,0.108071590,0.108071590,0.108071590,0.108071590,0.108071590,0.108071590,0.108071590,0.108071590,0.108071590,0.108071590,0.108071590,0.108071590,0.108071590,0.108071590,0.108071590,0.108071590,0.108071590,0.108071590,0.107307539,0.106458026,0.105568882,0.104690870,0.103873290,0.103164130,0.102610400,0.102258680,0.102155856,0.102350059,0.102891815,0.103820521,0.105120004,0.106761317,0.108716373,0.110956960,0.113453857,0.116176043,0.119090001,0.122159116,0.125344125,0.128613748,0.131967463,0.135412931,0.138958335,0.142612397,0.146384403,0.150284223,0.154322337,0.158509865,0.162850084,0.167311466,0.171850492,0.171850492,0.171850492,0.171850492,0.171850492,0.171850492,0.171850492,0.171850492,0.171850492,0.171850492,0.171850492,0.171850492,0.171850492,0.171850492,0.171850492,0.171850492,0.171850492,0.171850492,0.171850492,0.171850492,0.171850492,0.171850492,0.171850492,0.171850492,0.171850492,0.171850492,0.171850492,0.171850492,0.171850492,0.171850492,0.171850492,0.171850492,0.171850492,0.171850492,0.171850492,0.171850492,0.171850492,0.171850492,0.171850492,0.171850492,0.171850492,0.171850492,0.171850492,0.171850492,0.171850492,0.171850492,0.171850492,0.171850492,0.171850492,0.171850492,0.171850492,0.171850492,0.171850492,0.171850492,0.171850492,0.171850492,0.171850492,0.171850492,0.171850492,0.171850492,0.171850492,0.171850492,0.171850492,0.171850492,0.171850492,0.171850492,0.171850492,0.171850492,0.171850492,0.171850492,0.171850492,0.171850492,0.171850492,0.171850492,0.171850492,0.171850492,0.171850492,0.171850492,0.171850492,0.171850492,0.171850492,0.171850492,0.171850492,0.171850492,0.171850492,0.171850492,0.171850492,0.171850492,0.171850492,0.171850492,0.171850492,0.171850492,0.171850492,0.171850492,0.171850492,0.171850492,0.171850492,0.171850492,0.171850492,0.171850492,0.171850492,0.171850492,0.171850492,0.171850492,0.171850492,0.171850492,0.171850492,0.171850492,0.171850492,0.171850492,0.171850492,0.171850492,0.171850492,0.171850492,0.171850492,0.171850492,0.171850492,0.171850492,0.171850492,0.171850492,0.171850492,0.171850492,0.171850492,0.171850492,0.171850492,0.171850492,0.171850492,0.171850492,0.171850492,0.171850492,0.171850492,0.171850492,0.171850492,0.171850492,0.171850492,0.171850492,0.171850492,0.171850492,0.171850492,0.171850492,0.171850492,0.171850492,0.171850492,0.171850492,0.171850492,0.171850492,0.171850492,0.171850492,0.171850492,0.171850492,0.171850492,0.171850492,0.171850492,0.171850492,0.171850492,0.171850492,0.171850492,0.171850492,0.171850492,0.171850492,0.171850492,0.171850492,0.171850492,0.171850492,0.171850492,0.171850492,0.171850492,0.171850492,0.171850492,0.171850492,0.171850492,0.171850492,0.171850492,0.171850492,0.171850492,0.171850492,0.171850492,0.171850492
0,1,0,0.000000000,0.000000000,0.000000000,0.000000000,0.000000000,0.000000000,0.000000000,0.000000000,0.000000000,0.000000000,0.000000000,0.000000000,0.000000000,0.000000000,0.000000000,0.000000000,0.000000000,0.000000000,0.000000000,0.000000000,0.000000000,0.000000000,0.000000000,0.000000000,0.000000000,0.000000000,0.000000000,0.000000000,0.000000000,0.000000000,0.000000000,0.000000000,0.000000000,0.000000000,0.000000000,0.000000000,0.000000000,0.000000000,0.000000000,0.000000000,0.000000000,0.000000000,0.000000000,0.000000000,0.000000000,0.000000000,0.000000000,0.000000000,0.000000000,0.000000000,0.000000000,0.000000000,0.000000000,0.000000000,0.000000000,0.000000000,0.000000000,0.000000000,0.000000000,0.000000000,0.000000000,0.000000000,0.000000000,0.000000000,0.000000000,0.000000000,0.000000000,0.000000000,0.000000000,0.000000000,0.000000000,0.000000000,0.000000000,0.000000000,0.000000000,0.000000000,0.000000000,0.000000000,0.000000000,0.000000000,0.000000000,0.000000000,0.000000000,0.000000000,0.000000000,0.000000000,0.000000000,0.000000000,0.000000000,0.000000000,0.000000000,0.000000000,0.000000000,0.000000000,0.000000000,0.000000000,0.000000000,0.000000000,0.000000000,0.000000000,0.000000000,0.000000000,0.000000000,0.000000000,0.000000000,0.000000000,0.000000000,0.000000000,0.000000000,0.000000000,0.000000000,0.000000000,0.000000000,0.000000000,0.000000000,0.000000000,0.000000000,0.000000000,0.000000000,0.000000000,0.000000000,0.000000000,0.000000000,0.000000000,0.000000000,0.000000000,0.000000000,0.000000000,0.000000000,0.000000000,0.000000000,0.000000000,0.000000000,0.000000000,0.000000000,0.000000000,0.000000000,0.000000000,0.000000000,0.000000000,0.000000000,0.000000000,0.000000000,0.000000000,0.000000000,0.000000000,0.000000000,0.000000000,0.000000000,0.000000000,0.000000000,0.000000000,0.000000000,0.000000000,0.000000000,0.000000000,0.000000000,0.000000000,0.000000000,0.000000000,0.000000000,0.000000000,0.000000000,0.000000000,0.000000000,0.000000000,0.000000000,0.000000000,0.000000000,0.000000000,0.000000000,0.000000000,0.000000000,0.000000000,0.000000000,0.000000000,0.000000000,0.000000000,0.000000000,0.000000000,0.000000000,0.000000000,0.000000000,0.000000000,0.000000000,0.000000000,0.000000000,0.000000000,0.000000000,0.000000000,0.000000000,0.000000000,0.000000000,0.000000000,0.000000000,0.000000000,0.000000000,0.000000000,0.000000000,0.000000000,0.000000000,0.000000000,0.000000000,0.000000000,0.000000000,0.000000000,0.000000000,0.000000000,0.000000000,0.000000000,0.000000000,0.000000000,0.000000000,0.000000000,0.000000000,0.000000000,0.000000000,0.000000000,0.000000000,0.000000000,0.000000000,0.000000000,0.000000000,0.000000000,0.000000000,0.000000000,0.000000000,0.000000000,0.000000000,0.000000000,0.000000000,0.000000000,0.000000000,0.000000000,0.000000000,0.000000000,0.000000000
0,1,1,0.000000000,0.000000000,0.000000000,0.000000000,0.000000000,0.000000000,0.000000000,0.000000000,0.000000000,0.000000000,0.000000000,0.000000000,0.000000000,0.000000000,0.000000000,0.000000000,0.000000000,0.000000000,0.000000000,0.000000000,0.000000000,0.000000000,0.000000000,0.000000000,0.000000000,0.000000000,0.000000000,0.000000000,0.000000000,0.000000000,0.000000000,0.000000000,0.000000000,0.000000000,0.000000000,0.000000000,0.000000000,0.000000000,0.000000000,0.000000000,0.000000000,0.000000000,0.000000000,0.000000000,0.000000000,0.000000000,0.000000000,0.000000000,0.000000000,0.000000000,0.000000000,0.000000000,0.000000000,0.000000000,0.000000000,0.000000000,0.000000000,0.000000000,0.000000000,0.000000000,0.000000000,0.000000000,0.000000000,0.000000000,0.000000000,0.000000000,0.000000000,0.000000000,0.000000000,0.000000000,0.000000000,0.000000000,0.000000000,0.000000000,0.000000000,0.000000000,0.000000000,0.000000000,0.000000000,0.000000000,0.000000000,0.000000000,0.000000000,0.000000000,0.000000000,0.000000000,0.000000000,0.000000000,0.000000000,0.000000000,0.000000000,0.000000000,0.000000000,0.000000000,0.000000000,0.000000000,0.000000000,0.000000000,0.000000000,0.000000000,0.000000000,0.000000000,0.000000000,0.000000000,0.000000000,0.000000000,0.000000000,0.000000000,0.000000000,0.000000000,0.000000000,0.000000000,0.000000000,0.000000000,0.000000000,0.000000000,0.000000000,0.000000000,0.000000000,0.000000000,0.000000000,0.000000000,0.000000000,0.000000000,0.000000000,0.000000000,0.000000000,0.000000000,0.000000000,0.000000000,0.000000000,0.000000000,0.000000000,0.000000000,0.000000000,0.000000000,0.000000000,0.000000000,0.000000000,0.000000000,0.000000000,0.000000000,0.000000000,0.000000000,0.000000000,0.000000000,0.000000000,0.000000000,0.000000000,0.000000000,0.000000000,0.000000000,0.000000000,0.000000000,0.000000000,0.000000000,0.000000000,0.000000000,0.000000000,0.000000000,0.000000000,0.000000000,0.000000000,0.000000000,0.000000000,0.000000000,0.000000000,0.000000000,0.000000000,0.000000000,0.000000000,0.000000000,0.000000000,0.000000000,0.000000000,0.000000000,0.000000000,0.000000000,0.000000000,0.000000000,0.000000000,0.000000000,0.000000000,0.000000000,0.000000000,0.000000000,0.000000000,0.000000000,0.000000000,0.000000000,0.000000000,0.000000000,0.000000000,0.000000000,0.000000000,0.000000000,0.000000000,0.000000000,0.000000000,0.000000000,0.000000000,0.000000000,0.000000000,0.000000000,0.000000000,0.000000000,0.000000000,0.000000000,0.000000000,0.000000000,0.000000000,0.000000000,0.000000000,0.000000000,0.000000000,0.000000000,0.000000000,0.000000000,0.000000000,0.000000000,0.000000000,0.000000000,0.000000000,0.000000000,0.000000000,0.000000000,0.000000000,0.000000000,0.000000000,0.000000000,0.000000000,0.000000000,0.000000000,0.000000000,0.000000000,0.000000000,0.000000000
0,1,2,0.000000000,0.000000000,0.000000000,0.000000000,0.000000000,0.000000000,0.000000000,0.000000000,0.000000000,0.000000000,0.000000000,0.000000000,0.000000000,0.000000000,0.000000000,0.000000000,0.000000000,0.000000000,0.000000000,0.000000000,0.000000000,0.000000000,0.000000000,0.000000000,0.000000000,0.000000000,0.000000000,0.000000000,0.000000000,0.000000000,0.000000000,0.000000000,0.000000000,0.000000000,0.000000000,0.000000000,0.000000000,0.000000000,0.000000000,0.000000000,0.000000000,0.000000000,0.000000000,0.000000000,0.000000000,0.000000000,0.000000000,0.000000000,0.000000000,0.000000000,0.000000000,0.000000000,0.000000000,0.000000000,0.000000000,0.000000000,0.000000000,0.000000000,0.000000000,0.000000000,0.000000000,0.000000000,0.000000000,0.000000000,0.000000000,0.000000000,0.000000000,0.000000000,0.000000000,0.000000000,0.000000000,0.000000000,0.000000000,0.000000000,0.000000000,0.000000000,0.000000000,0.000000000,0.000000000,0.000000000,0.000000000,0.000000000,0.000000000,0.000000000,0.000000000,0.000000000,0.000000000,0.000000000,0.000000000,0.000000000,0.000000000,0.000000000,0.000000000,0.000000000,0.000000000,0.000000000,0.000000000,0.000000000,0.000000000,0.000000000,0.000000000,0.000000000,0.000000000,0.000000000,0.000000000,0.000000000,0.000000000,0.000000000,0.000000000,0.000000000,0.000000000,0.000000000,0.000000000,0.000000000,0.000000000,0.000000000,0.000000000,0.000000000,0.000000000,0.000000000,0.000000000,0.000000000,0.000000000,0.000000000,0.000000000,0.000000000,0.000000000,0.000000000,0.000000000,0.000000000,0.000000000,0.000000000,0.000000000,0.000000000,0.000000000,0.000000000,0.000000000,0.000000000,0.000000000,0.000000000,0.000000000,0.000000000,0.000000000,0.000000000,0.000000000,0.000000000,0.000000000,0.000000000,0.000000000,0.000000000,0.000000000,0.000000000,0.000000000,0.000000000,0.000000000,0.000000000,0.000000000,0.000000000,0.000000000,0.000000000,0.000000000,0.000000000,0.000000000,0.000000000,0.000000000,0.000000000,0.000000000,0.000000000,0.000000000,0.000000000,0.000000000,0.000000000,0.000000000,0.000000000,0.000000000,0.000000000,0.000000000,0.000000000,0.000000000,0.000000000,0.000000000,0.000000000,0.000000000,0.000000000,0.000000000,0.000000000,0.000000000,0.000000000,0.000000000,0.000000000,0.000000000,0.000000000,0.000000000,0.000000000,0.000000000,0.000000000,0.000000000,0.000000000,0.000000000,0.000000000,0.000000000,0.000000000,0.000000000,0.000000000,0.000000000,0.000000000,0.000000000,0.000000000,0.000000000,0.000000000,0.000000000,0.000000000,0.000000000,0.000000000,0.000000000,0.000000000,0.000000000,0.000000000,0.000000000,0.000000000,0.000000000,0.000000000,0.000000000,0.000000000,0.000000000,0.000000000,0.000000000,0.000000000,0.000000000,0.000000000,0.000000000,0.000000000,0.000000000,0.000000000,0.000000000,0.000000000,0.000000000
0,1,3,0.000000000,0.000000000,0.000000000,0.000000000,0.000000000,0.000000000,0.000000000,0.000000000,0.000000000,0.000000000,0.000000000,0.000000000,0.000000000,0.000000000,0.000000000,0.000000000,0.000000000,0.000000000,0.000000000,0.000000000,0.000000000,0.000000000,0.000000000,0.000000000,0.000000000,0.000000000,0.000000000,0.000000000,0.000000000,0.000000000,0.000000000,0.000000000,0.000000000,0.000000000,0.000000000,0.000000000,0.000000000,0.000000000,0.000000000,0.000000000,0.000000000,0.000000000,0.000000000,0.000000000,0.000000000,0.000000000,0.000000000,0.000000000,0.000000000,0.000000000,0.000000000,0.000000000,0.000000000,0.000000000,0.000000000,0.000000000,0.000000000,0.000000000,0.000000000,0.000000000,0.000000000,0.000000000,0.000000000,0.000000000,0.000000000,0.000000000,0.000000000,0.000000000,0.000000000,0.000000000,0.000000000,0.000000000,0.000000000,0.000000000,0.000000000,0.000000000,0.000000000,0.000000000,0.000000000,0.000000000,0.000000000,0.000000000,0.000000000,0.000000000,0.000000000,0.000000000,0.000000000,0.000000000,0.000000000,0.000000000,0.000000000,0.000000000,0.000000000,0.000000000,0.000000000,0.000000000,0.000000000,0.000000000,0.000000000,0.000000000,0.000000000,0.000000000,0.000000000,0.000000000,0.000000000,0.000000000,0.000000000,0.000000000,0.000000000,0.000000000,0.000000000,0.000000000,0.000000000,0.000000000,0.000000000,0.000000000,0.000000000,0.000000000,0.000000000,0.000000000,0.000000000,0.000000000,0.000000000,0.000000000,0.000000000,0.000000000,0.000000000,0.000000000,0.000000000,0.000000000,0.000000000,0.000000000,0.000000000,0.000000000,0.000000000,0.000000000,0.000000000,0.000000000,0.000000000,0.000000000,0.000000000,0.000000000,0.000000000,0.000000000,0.000000000,0.000000000,0.000000000,0.000000000,0.000000000,0.000000000,0.000000000,0.000000000,0.000000000,0.000000000,0.000000000,0.000000000,0.000000000,0.000000000,0.000000000,0.000000000,0.000000000,0.000000000,0.000000000,0.000000000,0.000000000,0.000000000,0.000000000,0.000000000,0.000000000,0.000000000,0.000000000,0.000000000,0.000000000,0.000000000,0.000000000,0.000000000,0.000000000,0.000000000,0.000000000,0.000000000,0.000000000,0.000000000,0.000000000,0.000000000,0.000000000,0.000000000,0.000000000,0.000000000,0.000000000,0.000000000,0.000000000,0.000000000,0.000000000,0.000000000,0.000000000,0.000000000,0.000000000,0.000000000,0.000000000,0.000000000,0.000000000,0.000000000,0.000000000,0.000000000,0.000000000,0.000000000,0.000000000,0.000000000,0.000000000,0.000000000,0.000000000,0.000000000,0.000000000,0.000000000,0.000000000,0.000000000,0.000000000,0.000000000,0.000000000,0.000000000,0.000000000,0.000000000,0.000000000,0.000000000,0.000000000,0.000000000,0.000000000,0.000000000,0.000000000,0.000000000,0.000000000,0.000000000,0.000000000,0.000000000,0.000000000,0.000000000,0.000000000
0,1,4,0.000000000,0.000000000,0.000000000,0.000000000,0.000000000,0.000000000,0.000000000,0.000000000,0.000000000,0.000000000,0.000000000,0.000000000,0.000000000,0.000000000,0.000000000,0.000000000,0.000000000,0.000000000,0.000000000,0.000000000,0.000000000,0.000000000,0.000000000,0.000000000,0.000000000,0.000000000,0.000000000,0.000000000,0.000000000,0.000000000,0.000000000,0.000000000,0.000000000,0.000000000,0.000000000,0.000000000,0.000000000,0.000000000,0.000000000,0.000000000,0.000000000,0.000000000,0.000000000,0.000000000,0.000000000,0.000000000,0.000000000,0.000000000,0.000000000,0.000000000,0.000000000,0.000000000,0.000000000,0.000000000,0.000000000,0.000000000,0.000000000,0.000000000,0.000000000,0.000000000,0.000000000,0.000000000,0.000000000,0.000000000,0.000000000,0.000000000,0.000000000,0.000000000,0.000000000,0.000000000,0.000000000,0.000000000,0.000000000,0.000000000,0.000000000,0.000000000,0.000000000,0.000000000,0.000000000,0.000000000,0.000000000,0.000000000,0.000000000,0.000000000,0.000000000,0.000000000,0.000000000,0.000000000,0.000000000,0.000000000,0.000000000,0.000000000,0.000000000,0.000000000,0.000000000,0.000000000,0.000000000,0.000000000,0.000000000,0.000000000,0.000000000,0.000000000,0.000000000,0.000000000,0.000000000,0.000000000,0.000000000,0.000000000,0.000000000,0.000000000,0.000000000,0.000000000,0.000000000,0.000000000,0.000000000,0.000000000,0.000000000,0.000000000,0.000000000,0.000000000,0.000000000,0.000000000,0.000000000,0.000000000,0.000000000,0.000000000,0.000000000,0.000000000,0.000000000,0.000000000,0.000000000,0.000000000,0.000000000,0.000000000,0.000000000,0.000000000,0.000000000,0.000000000,0.000000000,0.000000000,0.000000000,0.000000000,0.000000000,0.000000000,0.000000000,0.000000000,0.000000000,0.000000000,0.000000000,0.000000000,0.000000000,0.000000000,0.000000000,0.000000000,0.000000000,0.000000000,0.000000000,0.000000000,0.000000000,0.000000000,0.000000000,0.000000000,0.000000000,0.000000000,0.000000000,0.000000000,0.000000000,0.000000000,0.000000000,0.000000000,0.000000000,0.000000000,0.000000000,0.000000000,0.000000000,0.000000000,0.000000000,0.000000000,0.000000000,0.000000000,0.000000000,0.000000000,0.000000000,0.000000000,0.000000000,0.000000000,0.000000000,0.000000000,0.000000000,0.000000000,0.000000000,0.000000000,0.000000000,0.000000000,0.000000000,0.000000000,0.000000000,0.000000000,0.000000000,0.000000000,0.000000000,0.000000000,0.000000000,0.000000000,0.000000000,0.000000000,0.000000000,0.000000000,0.000000000,0.000000000,0.000000000,0.000000000,0.000000000,0.000000000,0.000000000,0.000000000,0.000000000,0.000000000,0.000000000,0.000000000,0.000000000,0.000000000,0.000000000,0.000000000,0.000000000,0.000000000,0.000000000,0.000000000,0.000000000,0.000000000,0.000000000,0.000000000,0.000000000,0.000000000,0.000000000,0.000000000,0.000000000
0,1,5,0.000000000,0.000000000,0.000000000,0.000000000,0.000000000,0.000000000,0.000000000,0.000000000,0.000000000,0.000000000,0.000000000,0.000000000,0.000000000,0.000000000,0.000000000,0.000000000,0.000000000,0.000000000,0.000000000,0.000000000,0.000000000,0.000000000,0.000000000,0.000000000,0.000000000,0.000000000,0.000000000,0.000000000,0.000000000,0.000000000,0.000000000,0.000000000,0.000000000,0.000000000,0.000000000,0.000000000,0.000000000,0.000000000,0.000000000,0.000000000,0.000000000,0.000000000,0.000000000,0.000000000,0.000000000,0.000000000,0.000000000,0.000000000,0.000000000,0.000000000,0.000000000,0.000000000,0.000000000,0.000000000,0.000000000,0.000000000,0.000000000,0.000000000,0.000000000,0.000000000,0.000000000,0.000000000,0.000000000,0.000000000,0.000000000,0.000000000,0.000000000,0.000000000,0.000000000,0.000000000,0.000000000,0.000000000,0.000000000,0.000000000,0.000000000,0.000000000,0.000000000,0.000000000,0.000000000,0.000000000,0.000000000,0.000000000,0.000000000,0.000000000,0.000000000,0.000000000,0.000000000,0.000000000,0.000000000,0.000000000,0.000000000,0.000000000,0.000000000,0.000000000,0.000000000,0.000000000,0.000000000,0.000000000,0.000000000,0.000000000,0.000000000,0.000000000,0.000000000,0.000000000,0.000000000,0.000000000,0.000000000,0.000000000,0.000000000,0.000000000,0.000000000,0.000000000,0.000000000,0.000000000,0.000000000,0.000000000,0.000000000,0.000000000,0.000000000,0.000000000,0.000000000,0.000000000,0.000000000,0.000000000,0.000000000,0.000000000,0.000000000,0.000000000,0.000000000,0.000000000,0.000000000,0.000000000,0.000000000,0.000000000,0.000000000,0.000000000,0.000000000,0.000000000,0.000000000,0.000000000,0.000000000,0.000000000,0.000000000,0.000000000,0.000000000,0.000000000,0.000000000,0.000000000,0.000000000,0.000000000,0.000000000,0.000000000,0.000000000,0.000000000,0.000000000,0.000000000,0.000000000,0.000000000,0.000000000,0.000000000,0.000000000,0.000000000,0.000000000,0.000000000,0.000000000,0.000000000,0.000000000,0.000000000,0.000000000,0.000000000,0.000000000,0.000000000,0.000000000,0.000000000,0.000000000,0.000000000,0.000000000,0.000000000,0.000000000,0.000000000,0.000000000,0.000000000,0.000000000,0.000000000,0.000000000,0.000000000,0.000000000,0.000000000,0.000000000,0.000000000,0.000000000,0.000000000,0.000000000,0.000000000,0.000000000,0.000000000,0.000000000,0.000000000,0.000000000,0.000000000,0.000000000,0.000000000,0.000000000,0.000000000,0.000000000,0.000000000,0.000000000,0.000000000,0.000000000,0.000000000,0.000000000,0.000000000,0.000000000,0.000000000,0.000000000,0.000000000,0.000000000,0.000000000,0.000000000,0.000000000,0.000000000,0.000000000,0.000000000,0.000000000,0.000000000,0.000000000,0.000000000,0.000000000,0.000000000,0.000000000,0.000000000,0.000000000,0.000000000,0.000000000,0.000000000,0.000000000,0.000000000
0,1,6,0.000000000,0.000000000,0.000000000,0.000000000,0.000000000,0.000000000,0.000000000,0.000000000,0.000000000,0.000000000,0.000000000,0.000000000,0.000000000,0.000000000,0.000000000,0.000000000,0.000000000,0.000000000,0.000000000,0.000000000,0.000000000,0.000000000,0.000000000,0.000000000,0.000000000,0.000000000,0.000000000,0.000000000,0.000000000,0.000000000,0.000000000,0.000000000,0.000000000,0.000000000,0.000000000,0.000000000,0.000000000,0.000000000,0.000000000,0.000000000,0.000000000,0.000000000,0.000000000,0.000000000,0.000000000,0.000000000,0.000000000,0.000000000,0.000000000,0.000000000,0.000000000,0.000000000,0.000000000,0.000000000,0.000000000,0.000000000,0.000000000,0.000000000,0.000000000,0.000000000,0.000000000,0.000000000,0.000000000,0.000000000,0.000000000,0.000000000,0.000000000,0.000000000,0.000000000,0.000000000,0.000000000,0.000000000,0.000000000,0.000000000,0.000000000,0.000000000,0.000000000,0.000000000,0.000000000,0.000000000,0.000000000,0.000000000,0.000000000,0.000000000,0.000000000,0.000000000,0.000000000,0.000000000,0.000000000,0.000000000,0.000000000,0.000000000,0.000000000,0.000000000,0.000000000,0.000000000,0.000000000,0.000000000,0.000000000,0.000000000,0.000000000,0.000000000,0.000000000,0.000000000,0.000000000,0.000000000,0.000000000,0.000000000,0.000000000,0.000000000,0.000000000,0.000000000,0.000000000,0.000000000,0.000000000,0.000000000,0.000000000,0.000000000,0.000000000,0.000000000,0.000000000,0.000000000,0.000000000,0.000000000,0.000000000,0.000000000,0.000000000,0.000000000,0.000000000,0.000000000,0.000000000,0.000000000,0.000000000,0.000000000,0.000000000,0.000000000,0.000000000,0.000000000,0.000000000,0.000000000,0.000000000,0.000000000,0.000000000,0.000000000,0.000000000,0.000000000,0.000000000,0.000000000,0.000000000,0.000000000,0.000000000,0.000000000,0.000000000,0.000000000,0.000000000,0.000000000,0.000000000,0.000000000,0.000000000,0.000000000,0.000000000,0.000000000,0.000000000,0.000000000,0.000000000,0.000000000,0.000000000,0.000000000,0.000000000,0.000000000,0.000000000,0.000000000,0.000000000,0.000000000,0.000000000,0.000000000,0.000000000,0.000000000,0.000000000,0.000000000,0.000000000,0.000000000,0.000000000,0.000000000,0.000000000,0.000000000,0.000000000,0.000000000,0.000000000,0.000000000,0.000000000,0.000000000,0.000000000,0.000000000,0.000000000,0.000000000,0.000000000,0.000000000,0.000000000,0.000000000,0.000000000,0.000000000,0.000000000,0.000000000,0.000000000,0.000000000,0.000000000,0.000000000,0.000000000,0.000000000,0.000000000,0.000000000,0.000000000,0.000000000,0.000000000,0.000000000,0.000000000,0.000000000,0.000000000,0.000000000,0.000000000,0.000000000,0.000000000,0.000000000,0.000000000,0.000000000,0.000000000,0.000000000,0.000000000,0.000000000,0.000000000,0.000000000,0.000000000,0.000000000,0.000000000,0.000000000,0.000000000
0,1,7,0.000000000,0.000000000,0.000000000,0.000000000,0.000000000,0.000000000,0.000000000,0.000000000,0.000000000,0.000000000,0.000000000,0.000000000,0.000000000,0.000000000,0.000000000,0.000000000,0.000000000,0.000000000,0.000000000,0.000000000,0.000000000,0.000000000,0.000000000,0.000000000,0.000000000,0.000000000,0.000000000,0.000000000,0.000000000,0.000000000,0.000000000,0.000000000,0.000000000,0.000000000,0.000000000,0.000000000,0.000000000,0.000000000,0.000000000,0.000000000,0.000000000,0.000000000,0.000000000,0.000000000,0.000000000,0.000000000,0.000000000,0.000000000,0.000000000,0.000000000,0.000000000,0.000000000,0.000000000,0.000000000,0.000000000,0.000000000,0.000000000,0.000000000,0.000000000,0.000000000,0.000000000,0.000000000,0.000000000,0.000000000,0.000000000,0.000000000,0.000000000,0.000000000,0.000000000,0.000000000,0.000000000,0.000000000,0.000000000,0.000000000,0.000000000,0.000000000,0.000000000,0.000000000,0.000000000,0.000000000,0.000000000,0.000000000,0.000000000,0.000000000,0.000000000,0.000000000,0.000000000,0.000000000,0.000000000,0.000000000,0.000000000,0.000000000,0.000000000,0.000000000,0.000000000,0.000000000,0.000000000,0.000000000,0.000000000,0.000000000,0.000000000,0.000000000,0.000000000,0.000000000,0.000000000,0.000000000,0.000000000,0.000000000,0.000000000,0.000000000,0.000000000,0.000000000,0.000000000,0.000000000,0.000000000,0.000000000,0.000000000,0.000000000,0.000000000,0.000000000,0.000000000,0.000000000,0.000000000,0.000000000,0.000000000,0.000000000,0.000000000,0.000000000,0.000000000,0.000000000,0.000000000,0.000000000,0.000000000,0.000000000,0.000000000,0.000000000,0.000000000,0.000000000,0.000000000,0.000000000,0.000000000,0.000000000,0.000000000,0.000000000,0.000000000,0.000000000,0.000000000,0.000000000,0.000000000,0.000000000,0.000000000,0.000000000,0.000000000,0.000000000,0.000000000,0.000000000,0.000000000,0.000000000,0.000000000,0.000000000,0.000000000,0.000000000,0.000000000,0.000000000,0.000000000,0.000000000,0.000000000,0.000000000,0.000000000,0.000000000,0.000000000,0.000000000,0.000000000,0.000000000,0.000000000,0.000000000,0.000000000,0.000000000,0.000000000,0.000000000,0.000000000,0.000000000,0.000000000,0.000000000,0.000000000,0.000000000,0.000000000,0.000000000,0.000000000,0.000000000,0.000000000,0.000000000,0.000000000,0.000000000,0.000000000,0.000000000,0.000000000,0.000000000,0.000000000,0.000000000,0.000000000,0.000000000,0.000000000,0.000000000,0.000000000,0.000000000,0.000000000,0.000000000,0.000000000,0.000000000,0.000000000,0.000000000,0.000000000,0.000000000,0.000000000,0.000000000,0.000000000,0.000000000,0.000000000,0.000000000,0.000000000,0.000000000,0.000000000,0.000000000,0.000000000,0.000000000,0.000000000,0.000000000,0.000000000,0.000000000,0.000000000,0.000000000,0.000000000,0.000000000,0.000000000,0.000000000,0.000000000
0,1,8,0.000000000,0.000000000,0.000000000,0.000000000,0.000000000,0.000000000,0.000000000,0.000000000,0.000000000,0.000000000,0.000000000,0.000000000,0.000000000,0.000000000,0.000000000,0.000000000,0.000000000,0.000000000,0.000000000,0.000000000,0.000000000,0.000000000,0.000000000,0.000000000,0.000000000,0.000000000,0.000000000,0.000000000,0.000000000,0.000000000,0.000000000,0.000000000,0.000000000,0.000000000,0.000000000,0.000000000,0.000000000,0.000000000,0.000000000,0.000000000,0.000000000,0.000000000,0.000000000,0.000000000,0.000000000,0.000000000,0.000000000,0.000000000,0.000000000,0.000000000,0.000000000,0.000000000,0.000000000,0.000000000,0.000000000,0.000000000,0.000000000,0.000000000,0.000000000,0.000000000,0.000000000,0.000000000,0.000000000,0.000000000,0.000000000,0.000000000,0.000000000,0.000000000,0.000000000,0.000000000,0.000000000,0.000000000,0.000000000,0.000000000,0.000000000,0.000000000,0.000000000,0.000000000,0.000000000,0.000000000,0.000000000,0.000000000,0.000000000,0.000000000,0.000000000,0.000000000,0.000000000,0.000000000,0.000000000,0.000000000,0.000000000,0.000000000,0.000000000,0.000000000,0.000000000,0.000000000,0.000000000,0.000000000,0.000000000,0.000000000,0.000000000,0.000000000,0.000000000,0.000000000,0.000000000,0.000000000,0.000000000,0.000000000,0.000000000,0.000000000,0.000000000,0.000000000,0.000000000,0.000000000,0.000000000,0.000000000,0.000000000,0.000000000,0.000000000,0.000000000,0.000000000,0.000000000,0.000000000,0.000000000,0.000000000,0.000000000,0.000000000,0.000000000,0.000000000,0.000000000,0.000000000,0.000000000,0.000000000,0.000000000,0.000000000,0.000000000,0.000000000,0.000000000,0.000000000,0.000000000,0.000000000,0.000000000,0.000000000,0.000000000,0.000000000,0.000000000,0.000000000,0.000000000,0.000000000,0.000000000,0.000000000,0.000000000,0.000000000,0.000000000,0.000000000,0.000000000,0.000000000,0.000000000,0.000000000,0.000000000,0.000000000,0.000000000,0.000000000,0.000000000,0.000000000,0.000000000,0.000000000,0.000000000,0.000000000,0.000000000,0.000000000,0.000000000,0.000000000,0.000000000,0.000000000,0.000000000,0.000000000,0.000000000,0.000000000,0.000000000,0.000000000,0.000000000,0.000000000,0.000000000,0.000000000,0.000000000,0.000000000,0.000000000,0.000000000,0.000000000,0.000000000,0.000000000,0.000000000,0.000000000,0.000000000,0.000000000,0.000000000,0.000000000,0.000000000,0.000000000,0.000000000,0.000000000,0.000000000,0.000000000,0.000000000,0.000000000,0.000000000,0.000000000,0.000000000,0.000000000,0.000000000,0.000000000,0.000000000,0.000000000,0.000000000,0.000000000,0.000000000,0.000000000,0.000000000,0.000000000,0.000000000,0.000000000,0.000000000,0.000000000,0.000000000,0.000000000,0.000000000,0.000000000,0.000000000,0.000000000,0.000000000,0.000000000,0.000000000,0.000000000,0.000000000,0.000000000,0.000000000
0,1,9,0.000000000,0.000000000,0.000000000,0.000000000,0.000000000,0.000000000,0.000000000,0.000000000,0.000000000,0.000000000,0.000000000,0.000000000,0.000000000,0.000000000,0.000000000,0.000000000,0.000000000,0.000000000,0.000000000,0.000000000,0.000000000,0.000000000,0.000000000,0.000000000,0.000000000,0.000000000,0.000000000,0.000000000,0.000000000,0.000000000,0.000000000,0.000000000,0.000000000,0.000000000,0.000000000,0.000000000,0.000000000,0.000000000,0.000000000,0.000000000,0.000000000,0.000000000,0.000000000,0.000000000,0.000000000,0.000000000,0.000000000,0.000000000,0.000000000,0.000000000,0.000000000,0.000000000,0.000000000,0.000000000,0.000000000,0.000000000,0.000000000,0.000000000,0.000000000,0.000000000,0.000000000,0.000000000,0.000000000,0.000000000,0.000000000,0.000000000,0.000000000,0.000000000,0.000000000,0.000000000,0.000000000,0.000000000,0.000000000,0.000000000,0.000000000,0.000000000,0.000000000,0.000000000,0.000000000,0.000000000,0.000000000,0.000000000,0.000000000,0.000000000,0.000000000,0.000000000,0.000000000,0.000000000,0.000000000,0.000000000,0.000000000,0.000000000,0.000000000,0.000000000,0.000000000,0.000000000,0.000000000,0.000000000,0.000000000,0.000000000,0.000000000,0.000000000,0.000000000,0.000000000,0.000000000,0.000000000,0.000000000,0.000000000,0.000000000,0.000000000,0.000000000,0.000000000,0.000000000,0.000000000,0.000000000,0.000000000,0.000000000,0.000000000,0.000000000,0.000000000,0.000000000,0.000000000,0.000000000,0.000000000,0.000000000,0.000000000,0.000000000,0.000000000,0.000000000,0.000000000,0.000000000,0.000000000,0.000000000,0.000000000,0.000000000,0.000000000,0.000000000,0.000000000,0.000000000,0.000000000,0.000000000,0.000000000,0.000000000,0.000000000,0.000000000,0.000000000,0.000000000,0.000000000,0.000000000,0.000000000,0.000000000,0.000000000,0.000000000,0.000000000,0.000000000,0.000000000,0.000000000,0.000000000,0.000000000,0.000000000,0.000000000,0.000000000,0.000000000,0.000000000,0.000000000,0.000000000,0.000000000,0.000000000,0.000000000,0.000000000,0.000000000,0.000000000,0.000000000,0.000000000,0.000000000,0.000000000,0.000000000,0.000000000,0.000000000,0.000000000,0.000000000,0.000000000,0.000000000,0.000000000,0.000000000,0.000000000,0.000000000,0.000000000,0.000000000,0.000000000,0.000000000,0.000000000,0.000000000,0.000000000,0.000000000,0.000000000,0.000000000,0.000000000,0.000000000,0.000000000,0.000000000,0.000000000,0.000000000,0.000000000,0.000000000,0.000000000,0.000000000,0.000000000,0.000000000,0.000000000,0.000000000,0.000000000,0.000000000,0.000000000,0.000000000,0.000000000,0.000000000,0.000000000,0.000000000,0.000000000,0.000000000,0.000000000,0.000000000,0.000000000,0.000000000,0.000000000,0.000000000,0.000000000,0.000000000,0.000000000,0.000000000,0.000000000,0.000000000,0.000000000,0.000000000,0.000000000,0.000000000
0,1,10,0.000000000,0.000000000,0.000000000,0.000000000,0.000000000,0.000000000,0.000000000,0.000000000,0.000000000,0.000000000,0.000000000,0.000000000,0.000000000,0.000000000,0.000000000,0.000000000,0.000000000,0.000000000,0.000000000,0.000000000,0.000000000,0.000000000,0.000000000,0.000000000,0.000000000,0.000000000,0.000000000,0.000000000,0.000000000,0.000000000,0.000000000,0.000000000,0.000000000,0.000000000,0.000000000,0.000000000,0.000000000,0.000000000,0.000000000,0.000000000,0.000000000,0.000000000,0.000000000,0.000000000,0.000000000,0.000000000,0.000000000,0.000000000,0.000000000,0.000000000,0.000000000,0.000000000,0.000000000,0.000000000,0.000000000,0.000000000,0.000000000,0.000000000,0.000000000,0.000000000,0.000000000,0.000000000,0.000000000,0.000000000,0.000000000,0.000000000,0.000000000,0.000000000,0.000000000,0.000000000,0.000000000,0.000000000,0.000000000,0.000000000,0.000000000,0.000000000,0.000000000,0.000000000,0.000000000,0.000000000,0.000000000,0.000000000,0.000000000,0.000000000,0.000000000,0.000000000,0.000000000,0.000000000,0.000000000,0.000000000,0.000000000,0.000000000,0.000000000,0.000000000,0.000000000,0.000000000,0.000000000,0.000000000,0.000000000,0.000000000,0.000000000,0.000000000,0.000000000,0.000000000,0.000000000,0.000000000,0.000000000,0.000000000,0.000000000,0.000000000,0.000000000,0.000000000,0.000000000,0.000000000,0.000000000,0.000000000,0.000000000,0.000000000,0.000000000,0.000000000,0.000000000,0.000000000,0.000000000,0.000000000,0.000000000,0.000000000,0.000000000,0.000000000,0.000000000,0.000000000,0.000000000,0.000000000,0.000000000,0.000000000,0.000000000,0.000000000,0.000000000,0.000000000,0.000000000,0.000000000,0.000000000,0.000000000,0.000000000,0.000000000,0.000000000,0.000000000,0.000000000,0.000000000,0.000000000,0.000000000,0.000000000,0.000000000,0.000000000,0.000000000,0.000000000,0.000000000,0.000000000,0.000000000,0.000000000,0.000000000,0.000000000,0.000000000,0.000000000,0.000000000,0.000000000,0.000000000,0.000000000,0.000000000,0.000000000,0.000000000,0.000000000,0.000000000,0.000000000,0.000000000,0.000000000,0.000000000,0.000000000,0.000000000,0.000000000,0.000000000,0.000000000,0.000000000,0.000000000,0.000000000,0.000000000,0.000000000,0.000000000,0.000000000,0.000000000,0.000000000,0.000000000,0.000000000,0.000000000,0.000000000,0.000000000,0.000000000,0.000000000,0.000000000,0.000000000,0.000000000,0.000000000,0.000000000,0.000000000,0.000000000,0.000000000,0.000000000,0.000000000,0.000000000,0.000000000,0.000000000,0.000000000,0.000000000,0.000000000,0.000000000,0.000000000,0.000000000,0.000000000,0.000000000,0.000000000,0.000000000,0.000000000,0.000000000,0.000000000,0.000000000,0.000000000,0.000000000,0.000000000,0.000000000,0.000000000,0.000000000,0.000000000,0.000000000,0.000000000,0.000000000,0.000000000,0.000000000,0.000000000
0,1,11,0.000000000,0.000000000,0.000000000,0.000000000,0.000000000,0.000000000,0.000000000,0.000000000,0.000000000,0.000000000,0.000000000,0.000000000,0.000000000,0.000000000,0.000000000,0.000000000,0.000000000,0.000000000,0.000000000,0.000000000,0.000000000,0.000000000,0.000000000,0.000000000,0.000000000,0.000000000,0.000000000,0.000000000,0.000000000,0.000000000,0.000000000,0.000000000,0.000000000,0.000000000,0.000000000,0.000000000,0.000000000,0.000000000,0.000000000,0.000000000,0.000000000,0.000000000,0.000000000,0.000000000,0.000000000,0.000000000,0.000000000,0.000000000,0.000000000,0.000000000,0.000000000,0.000000000,0.000000000,0.000000000,0.000000000,0.000000000,0.000000000,0.000000000,0.000000000,0.000000000,0.000000000,0.000000000,0.000000000,0.000000000,0.000000000,0.000000000,0.000000000,0.000000000,0.000000000,0.000000000,0.000000000,0.000000000,0.000000000,0.000000000,0.000000000,0.000000000,0.000000000,0.000000000,0.000000000,0.000000000,0.000000000,0.000000000,0.000000000,0.000000000,0.000000000,0.000000000,0.000000000,0.000000000,0.000000000,0.000000000,0.000000000,0.000000000,0.000000000,0.000000000,0.000000000,0.000000000,0.000000000,0.000000000,0.000000000,0.000000000,0.000000000,0.000000000,0.000000000,0.000000000,0.000000000,0.000000000,0.000000000,0.000000000,0.000000000,0.000000000,0.000000000,0.000000000,0.000000000,0.000000000,0.000000000,0.000000000,0.000000000,0.000000000,0.000000000,0.000000000,0.000000000,0.000000000,0.000000000,0.000000000,0.000000000,0.000000000,0.000000000,0.000000000,0.000000000,0.000000000,0.000000000,0.000000000,0.000000000,0.000000000,0.000000000,0.000000000,0.000000000,0.000000000,0.000000000,0.000000000,0.000000000,0.000000000,0.000000000,0.000000000,0.000000000,0.000000000,0.000000000,0.000000000,0.000000000,0.000000000,0.000000000,0.000000000,0.000000000,0.000000000,0.000000000,0.000000000,0.000000000,0.000000000,0.000000000,0.000000000,0.000000000,0.000000000,0.000000000,0.000000000,0.000000000,0.000000000,0.000000000,0.000000000,0.000000000,0.000000000,0.000000000,0.000000000,0.000000000,0.000000000,0.000000000,0.000000000,0.000000000,0.000000000,0.000000000,0.000000000,0.000000000,0.000000000,0.000000000,0.000000000,0.000000000,0.000000000,0.000000000,0.000000000,0.000000000,0.000000000,0.000000000,0.000000000,0.000000000,0.000000000,0.000000000,0.000000000,0.000000000,0.000000000,0.000000000,0.000000000,0.000000000,0.000000000,0.000000000,0.000000000,0.000000000,0.000000000,0.000000000,0.000000000,0.000000000,0.000000000,0.000000000,0.000000000,0.000000000,0.000000000,0.000000000,0.000000000,0.000000000,0.000000000,0.000000000,0.000000000,0.000000000,0.000000000,0.000000000,0.000000000,0.000000000,0.000000000,0.000000000,0.000000000,0.000000000,0.000000000,0.000000000,0.000000000,0.000000000,0.000000000,0.000000000,0.000000000,0.000000000
0,1,12,0.000000000,0.000000000,0.000000000,0.000000000,0.000000000,0.000000000,0.000000000,0.000000000,0.000000000,0.000000000,0.000000000,0.000000000,0.000000000,0.000000000,0.000000000,0.000000000,0.000000000,0.000000000,0.000000000,0.000000000,0.000000000,0.000000000,0.000000000,0.000000000,0.000000000,0.000000000,0.000000000,0.000000000,0.000000000,0.000000000,0.000000000,0.000000000,0.000000000,0.000000000,0.000000000,0.000000000,0.000000000,0.000000000,0.000000000,0.000000000,0.000000000,0.000000000,0.000000000,0.000000000,0.000000000,0.000000000,0.000000000,0.000000000,0.000000000,0.000000000,0.000000000,0.000000000,0.000000000,0.000000000,0.000000000,0.000000000,0.000000000,0.000000000,0.000000000,0.000000000,0.000000000,0.000000000,0.000000000,0.000000000,0.000000000,0.000000000,0.000000000,0.000000000,0.000000000,0.000000000,0.000000000,0.000000000,0.000000000,0.000000000,0.000000000,0.000000000,0.000000000,0.000000000,0.000000000,0.000000000,0.000000000,0.000000000,0.000000000,0.000000000,0.000000000,0.000000000,0.000000000,0.000000000,0.000000000,0.000000000,0.000000000,0.000000000,0.000000000,0.000000000,0.000000000,0.000000000,0.000000000,0.000000000,0.000000000,0.000000000,0.000000000,0.000000000,0.000000000,0.000000000,0.000000000,0.000000000,0.000000000,0.000000000,0.000000000,0.000000000,0.000000000,0.000000000,0.000000000,0.000000000,0.000000000,0.000000000,0.000000000,0.000000000,0.000000000,0.000000000,0.000000000,0.000000000,0.000000000,0.000000000,0.000000000,0.000000000,0.000000000,0.000000000,0.000000000,0.000000000,0.000000000,0.000000000,0.000000000,0.000000000,0.000000000,0.000000000,0.000000000,0.000000000,0.000000000,0.000000000,0.000000000,0.000000000,0.000000000,0.000000000,0.000000000,0.000000000,0.000000000,0.000000000,0.000000000,0.000000000,0.000000000,0.000000000,0.000000000,0.000000000,0.000000000,0.000000000,0.000000000,0.000000000,0.000000000,0.000000000,0.000000000,0.000000000,0.000000000,0.000000000,0.000000000,0.000000000,0.000000000,0.000000000,0.000000000,0.000000000,0.000000000,0.000000000,0.000000000,0.000000000,0.000000000,0.000000000,0.000000000,0.000000000,0.000000000,0.000000000,0.000000000,0.000000000,0.000000000,0.000000000,0.000000000,0.000000000,0.000000000,0.000000000,0.000000000,0.000000000,0.000000000,0.000000000,0.000000000,0.000000000,0.000000000,0.000000000,0.000000000,0.000000000,0.000000000,0.000000000,0.000000000,0.000000000,0.000000000,0.000000000,0.000000000,0.000000000,0.000000000,0.000000000,0.000000000,0.000000000,0.000000000,0.000000000,0.000000000,0.000000000,0.000000000,0.000000000,0.000000000,0.000000000,0.000000000,0.000000000,0.000000000,0.000000000,0.000000000,0.000000000,0.000000000,0.000000000,0.000000000,0.000000000,0.000000000,0.000000000,0.000000000,0.000000000,0.000000000,0.000000000,0.000000000,0.000000000,0.000000000
0,1,13,0.000000000,0.000000000,0.000000000,0.000000000,0.000000000,0.000000000,0.000000000,0.000000000,0.000000000,0.000000000,0.000000000,0.000000000,0.000000000,0.000000000,0.000000000,0.000000000,0.000000000,0.000000000,0.000000000,0.000000000,0.000000000,0.000000000,0.000000000,0.000000000,0.000000000,0.000000000,0.000000000,0.000000000,0.000000000,0.000000000,0.000000000,0.000000000,0.000000000,0.000000000,0.000000000,0.000000000,0.000000000,0.000000000,0.000000000,0.000000000,0.000000000,0.000000000,0.000000000,0.000000000,0.000000000,0.000000000,0.000000000,0.000000000,0.000000000,0.000000000,0.000000000,0.000000000,0.000000000,0.000000000,0.000000000,0.000000000,0.000000000,0.000000000,0.000000000,0.000000000,0.000000000,0.000000000,0.000000000,0.000000000,0.000000000,0.000000000,0.000000000,0.000000000,0.000000000,0.000000000,0.000000000,0.000000000,0.000000000,0.000000000,0.000000000,0.000000000,0.000000000,0.000000000,0.000000000,0.000000000,0.000000000,0.000000000,0.000000000,0.000000000,0.000000000,0.000000000,0.000000000,0.000000000,0.000000000,0.000000000,0.000000000,0.000000000,0.000000000,0.000000000,0.000000000,0.000000000,0.000000000,0.000000000,0.000000000,0.000000000,0.000000000,0.000000000,0.000000000,0.000000000,0.000000000,0.000000000,0.000000000,0.000000000,0.000000000,0.000000000,0.000000000,0.000000000,0.000000000,0.000000000,0.000000000,0.000000000,0.000000000,0.000000000,0.000000000,0.000000000,0.000000000,0.000000000,0.000000000,0.000000000,0.000000000,0.000000000,0.000000000,0.000000000,0.000000000,0.000000000,0.000000000,0.000000000,0.000000000,0.000000000,0.000000000,0.000000000,0.000000000,0.000000000,0.000000000,0.000000000,0.000000000,0.000000000,0.000000000,0.000000000,0.000000000,0.000000000,0.000000000,0.000000000,0.000000000,0.000000000,0.000000000,0.000000000,0.000000000,0.000000000,0.000000000,0.000000000,0.000000000,0.000000000,0.000000000,0.000000000,0.000000000,0.000000000,0.000000000,0.000000000,0.000000000,0.000000000,0.000000000,0.000000000,0.000000000,0.000000000,0.000000000,0.000000000,0.000000000,0.000000000,0.000000000,0.000000000,0.000000000,0.000000000,0.000000000,0.000000000,0.000000000,0.000000000,0.000000000,0.000000000,0.000000000,0.000000000,0.000000000,0.000000000,0.000000000,0.000000000,0.000000000,0.000000000,0.000000000,0.000000000,0.000000000,0.000000000,0.000000000,0.000000000,0.000000000,0.000000000,0.000000000,0.000000000,0.000000000,0.000000000,0.000000000,0.000000000,0.000000000,0.000000000,0.000000000,0.000000000,0.000000000,0.000000000,0.000000000,0.000000000,0.000000000,0.000000000,0.000000000,0.000000000,0.000000000,0.000000000,0.000000000,0.000000000,0.000000000,0.000000000,0.000000000,0.000000000,0.000000000,0.000000000,0.000000000,0.000000000,0.000000000,0.000000000,0.000000000,0.000000000,0.000000000,0.000000000,0.000000000
0,1,14,0.000000000,0.000000000,0.000000000,0.000000000,0.000000000,0.000000000,0.000000000,0.000000000,0.000000000,0.000000000,0.000000000,0.000000000,0.000000000,0.000000000,0.000000000,0.000000000,0.000000000,0.000000000,0.000000000,0.000000000,0.000000000,0.000000000,0.000000000,0.000000000,0.000000000,0.000000000,0.000000000,0.000000000,0.000000000,0.000000000,0.000000000,0.000000000,0.000000000,0.000000000,0.000000000,0.000000000,0.000000000,0.000000000,0.000000000,0.000000000,0.000000000,0.000000000,0.000000000,0.000000000,0.000000000,0.000000000,0.000000000,0.000000000,0.000000000,0.000000000,0.000000000,0.000000000,0.000000000,0.000000000,0.000000000,0.000000000,0.000000000,0.000000000,0.000000000,0.000000000,0.000000000,0.000000000,0.000000000,0.000000000,0.000000000,0.000000000,0.000000000,0.000000000,0.000000000,0.000000000,0.000000000,0.000000000,0.000000000,0.000000000,0.000000000,0.000000000,0.000000000,0.000000000,0.000000000,0.000000000,0.000000000,0.000000000,0.000000000,0.000000000,0.000000000,0.000000000,0.000000000,0.000000000,0.000000000,0.000000000,0.000000000,0.000000000,0.000000000,0.000000000,0.000000000,0.000000000,0.000000000,0.000000000,0.000000000,0.000000000,0.000000000,0.000000000,0.000000000,0.000000000,0.000000000,0.000000000,0.000000000,0.000000000,0.000000000,0.000000000,0.000000000,0.000000000,0.000000000,0.000000000,0.000000000,0.000000000,0.000000000,0.000000000,0.000000000,0.000000000,0.000000000,0.000000000,0.000000000,0.000000000,0.000000000,0.000000000,0.000000000,0.000000000,0.000000000,0.000000000,0.000000000,0.000000000,0.000000000,0.000000000,0.000000000,0.000000000,0.000000000,0.000000000,0.000000000,0.000000000,0.000000000,0.000000000,0.000000000,0.000000000,0.000000000,0.000000000,0.000000000,0.000000000,0.000000000,0.000000000,0.000000000,0.000000000,0.000000000,0.000000000,0.000000000,0.000000000,0.000000000,0.000000000,0.000000000,0.000000000,0.000000000,0.000000000,0.000000000,0.000000000,0.000000000,0.000000000,0.000000000,0.000000000,0.000000000,0.000000000,0.000000000,0.000000000,0.000000000,0.000000000,0.000000000,0.000000000,0.000000000,0.000000000,0.000000000,0.000000000,0.000000000,0.000000000,0.000000000,0.000000000,0.000000000,0.000000000,0.000000000,0.000000000,0.000000000,0.000000000,0.000000000,0.000000000,0.000000000,0.000000000,0.000000000,0.000000000,0.000000000,0.000000000,0.000000000,0.000000000,0.000000000,0.000000000,0.000000000,0.000000000,0.000000000,0.000000000,0.000000000,0.000000000,0.000000000,0.000000000,0.000000000,0.000000000,0.000000000,0.000000000,0.000000000,0.000000000,0.000000000,0.000000000,0.000000000,0.000000000,0.000000000,0.000000000,0.000000000,0.000000000,0.000000000,0.000000000,0.000000000,0.000000000,0.000000000,0.000000000,0.000000000,0.000000000,0.000000000,0.000000000,0.000000000,0.000000000,0.000000000
0,1,15,0.015585947,0.015585947,0.015585947,0.015585947,0.015585947,0.015585947,0.015585947,0.015585947,0.015585947,0.015585947,0.015585947,0.015585947,0.015585947,0.015585947,0.015585947,0.015585947,0.015585947,0.015585947,0.015585947,0.015585947,0.015585947,0.015585947,0.015585947,0.015585947,0.015585947,0.015585947,0.015585947,0.013486236,0.011666042,0.010089002,0.008723267,0.007541002,0.006517916,0.005632843,0.004867367,0.004205475,0.003633263,0.003138662,0.002711209,0.002341833,0.002022680,0.001746945,0.001509825,0.001310478,0.001147258,0.001017405,0.000917914,0.000846183,0.000800536,0.000780655,0.000788140,0.000827405,0.000905329,0.001026306,0.001195739,0.001420342,0.001706291,0.002056349,0.002465411,0.002915894,0.003373590,0.003786235,0.004097294,0.004289531,0.004369238,0.004354514,0.004270353,0.004144512,0.004005385,0.003878805,0.003787542,0.003752723,0.003790865,0.003899464,0.004073491,0.004309666,0.004605269,0.004956642,0.005356671,0.005794281,0.006253534,0.006712739,0.007148674,0.007552710,0.007921461,0.008252889,0.008546285,0.008803018,0.009029051,0.009232557,0.009422885,0.009610369,0.009804714,0.010010219,0.010229950,0.010467241,0.010725736,0.011009116,0.011320136,0.011661516,0.012036296,0.012447876,0.012900086,0.013397291,0.013944431,0.014547087,0.015211585,0.015941225,0.016723248,0.017537594,0.018359908,0.019161294,0.019911396,0.020588611,0.021173430,0.021646346,0.021988580,0.022193369,0.022298480,0.022354735,0.022414122,0.022529280,0.022749615,0.023108960,0.023640466,0.024383047,0.025383963,0.026687945,0.028291988,0.030177292,0.032318005,0.034676912,0.034676912,0.034676912,0.034676912,0.034676912,0.034676912,0.034676912,0.034676912,0.034676912,0.034676912,0.034676912,0.034676912,0.034676912,0.034676912,0.034676912,0.034676912,0.034676912,0.034676912,0.034676912,0.034676912,0.034676912,0.034676912,0.034676912,0.034676912,0.034676912,0.034676912,0.034676912,0.034676912,0.034676912,0.034676912,0.034676912,0.034676912,0.034676912,0.034676912,0.034676912,0.034676912,0.034676912,0.034676912,0.034676912,0.034676912,0.034676912,0.034676912,0.034676912,0.034676912,0.034676912,0.034676912,0.034676912,0.034676912,0.034676912,0.034676912,0.034676912,0.034676912,0.034676912,0.034676912,0.034676912,0.034676912,0.034676912,0.034676912,0.034676912,0.034676912,0.034676912,0.034676912,0.034676912,0.034676912,0.034676912,0.034676912,0.034676912,0.034676912,0.034676912,0.034676912,0.034676912,0.034676912,0.034676912,0.034676912,0.034676912,0.034676912,0.034676912,0.034676912,0.034676912,0.034676912,0.034676912,0.034676912,0.034676912,0.034676912,0.034676912,0.034676912,0.034676912,0.034676912,0.034676912,0.034676912,0.034676912,0.034676912,0.034676912,0.034676912,0.034676912,0.034676912,0.034676912,0.034676912,0.034676912,0.034676912,0.034676912,0.034676912,0.034676912,0.034676912,0.034676912,0.034676912
0,1,16,0.013639631,0.013639631,0.013639631,0.013639631,0.013639631,0.013639631,0.013639631,0.013639631,0.013639631,0.013639631,0.013639631,0.013639631,0.013639631,0.013639631,0.013639631,0.013639631,0.013639631,0.013639631,0.013639631,0.013639631,0.013639631,0.013639631,0.013639631,0.013639631,0.013639631,0.013639631,0.013639631,0.011798982,0.010204156,0.008822972,0.007627298,0.006592581,0.005697428,0.004923219,0.004253764,0.003675005,0.003174740,0.002742387,0.002368774,0.002045956,0.001767054,0.001527209,0.001325569,0.001160472,0.001029126,0.000928489,0.000855921,0.000809687,0.000789455,0.000796838,0.000836274,0.000914677,0.001036416,0.001206858,0.001432652,0.001719868,0.002071232,0.002482128,0.002935294,0.003396719,0.003814209,0.004131103,0.004330051,0.004417185,0.004410407,0.004334554,0.004216902,0.004084342,0.003962842,0.003875878,0.003845348,0.003888447,0.004002799,0.004183298,0.004426507,0.004729450,0.005088468,0.005497660,0.005946188,0.006417912,0.006890808,0.007341272,0.007760636,0.008145576,0.008494105,0.008805566,0.009080559,0.009321704,0.009536262,0.009733607,0.009924174,0.010117759,0.010318552,0.010529441,0.010753542,0.010994231,0.011255184,0.011540091,0.011851627,0.012192404,0.012565323,0.012973630,0.013421014,0.013911625,0.014450123,0.015041758,0.015692455,0.016404927,0.017165334,0.017952462,0.018740912,0.019503810,0.020222502,0.020879799,0.021457710,0.021937941,0.022302498,0.022545004,0.022703802,0.022830437,0.022978011,0.023196412,0.023518955,0.023976985,0.024605889,0.025447048,0.026550429,0.027963088,0.029681554,0.031684936,0.033944089,0.036419935,0.036419935,0.036419935,0.036419935,0.036419935,0.036419935,0.036419935,0.036419935,0.036419935,0.036419935,0.036419935,0.036419935,0.036419935,0.036419935,0.036419935,0.036419935,0.036419935,0.036419935,0.036419935,0.036419935,0.036419935,0.036419935,0.036419935,0.036419935,0.036419935,0.036419935,0.036419935,0.036419935,0.036419935,0.036419935,0.036419935,0.036419935,0.036419935,0.036419935,0.036419935,0.036419935,0.036419935,0.036419935,0.036419935,0.036419935,0.036419935,0.036419935,0.036419935,0.036419935,0.036419935,0.036419935,0.036419935,0.036419935,0.036419935,0.036419935,0.036419935,0.036419935,0.036419935,0.036419935,0.036419935,0.036419935,0.036419935,0.036419935,0.036419935,0.036419935,0.036419935,0.036419935,0.036419935,0.036419935,0.036419935,0.036419935,0.036419935,0.036419935,0.036419935,0.036419935,0.036419935,0.036419935,0.036419935,0.036419935,0.036419935,0.036419935,0.036419935,0.036419935,0.036419935,0.036419935,0.036419935,0.036419935,0.036419935,0.036419935,0.036419935,0.036419935,0.036419935,0.036419935,0.036419935,0.036419935,0.036419935,0.036419935,0.036419935,0.036419935,0.036419935,0.036419935,0.036419935,0.036419935,0.036419935,0.036419935,0.036419935,0.036419935,0.036419935,0.036419935,0.036419935,0.036419935
0,1,17,0.011933418,0.011933418,0.011933418,0.011933418,0.011933418,0.011933418,0.011933418,0.011933418,0.011933418,0.011933418,0.011933418,0.011933418,0.011933418,0.011933418,0.011933418,0.011933418,0.011933418,0.011933418,0.011933418,0.011933418,0.011933418,0.011933418,0.011933418,0.011933418,0.011933418,0.011933418,0.011933418,0.010320610,0.008923806,0.007714573,0.006668096,0.005762749,0.004979708,0.004302605,0.003717226,0.003211232,0.002773923,0.002396024,0.002069500,0.001787395,0.001544793,0.001340835,0.001173838,0.001040981,0.000939186,0.000865782,0.000819005,0.000798478,0.000805820,0.000845503,0.000924481,0.001047116,0.001218745,0.001445970,0.001734770,0.002087707,0.002500084,0.002955187,0.003419308,0.003840348,0.004161615,0.004365772,0.004458905,0.004458804,0.004390192,0.004280303,0.004155685,0.004040964,0.003959852,0.003935027,0.003984409,0.004105814,0.004294121,0.004545787,0.004857617,0.005225609,0.005643793,0.006102598,0.006586060,0.007071818,0.007535888,0.007969590,0.008369686,0.008734278,0.009062788,0.009355897,0.009615439,0.009845191,0.010053627,0.010251255,0.010447957,0.010647827,0.010853592,0.011068189,0.011294781,0.011536779,0.011797885,0.012081783,0.012391062,0.012728204,0.013095971,0.013497487,0.013936246,0.014416145,0.014941546,0.015517343,0.016149039,0.016838742,0.017571553,0.018325168,0.019076059,0.019808677,0.020508621,0.021160221,0.021746821,0.022251152,0.022655822,0.022954701,0.023186755,0.023404549,0.023658109,0.023980491,0.024401995,0.024955799,0.025679359,0.026616335,0.027819190,0.029336988,0.031165227,0.033280262,0.035651637,0.038247099,0.038247099,0.038247099,0.038247099,0.038247099,0.038247099,0.038247099,0.038247099,0.038247099,0.038247099,0.038247099,0.038247099,0.038247099,0.038247099,0.038247099,0.038247099,0.038247099,0.038247099,0.038247099,0.038247099,0.038247099,0.038247099,0.038247099,0.038247099,0.038247099,0.038247099,0.038247099,0.038247099,0.038247099,0.038247099,0.038247099,0.038247099,0.038247099,0.038247099,0.038247099,0.038247099,0.038247099,0.038247099,0.038247099,0.038247099,0.038247099,0.038247099,0.038247099,0.038247099,0.038247099,0.038247099,0.038247099,0.038247099,0.038247099,0.038247099,0.038247099,0.038247099,0.038247099,0.038247099,0.038247099,0.038247099,0.038247099,0.038247099,0.038247099,0.038247099,0.038247099,0.038247099,0.038247099,0.038247099,0.038247099,0.038247099,0.038247099,0.038247099,0.038247099,0.038247099,0.038247099,0.038247099,0.038247099,0.038247099,0.038247099,0.038247099,0.038247099,0.038247099,0.038247099,0.038247099,0.038247099,0.038247099,0.038247099,0.038247099,0.038247099,0.038247099,0.038247099,0.038247099,0.038247099,0.038247099,0.038247099,0.038247099,0.038247099,0.038247099,0.038247099,0.038247099,0.038247099,0.038247099,0.038247099,0.038247099,0.038247099,0.038247099,0.038247099,0.038247099,0.038247099,0.038247099
0,1,18,0.010438380,0.010438380,0.010438380,0.010438380,0.010438380,0.010438380,0.010438380,0.010438380,0.010438380,0.010438380,0.010438380,0.010438380,0.010438380,0.010438380,0.010438380,0.010438380,0.010438380,0.010438380,0.010438380,0.010438380,0.010438380,0.010438380,0.010438380,0.010438380,0.010438380,0.010438380,0.010438380,0.009025781,0.007802839,0.006744471,0.005828815,0.005036842,0.004352005,0.003759930,0.003248142,0.002805821,0.002423587,0.002093315,0.001807969,0.001562579,0.001356276,0.001187358,0.001052972,0.000950006,0.000875757,0.000828442,0.000807668,0.000815030,0.000855033,0.000934682,0.001058338,0.001231324,0.001460208,0.001750891,0.002105789,0.002519962,0.002976556,0.003442469,0.003865875,0.004190124,0.004398010,0.004495685,0.004500915,0.004438367,0.004335248,0.004218170,0.004111553,0.004037915,0.004020277,0.004077318,0.004207117,0.004404601,0.004666169,0.004988455,0.005367150,0.005795815,0.006264710,0.006759187,0.007256973,0.007733711,0.008180725,0.008594897,0.008974439,0.009318890,0.009629039,0.009906833,0.010155254,0.010379141,0.010588112,0.010792113,0.010995132,0.011199747,0.011408735,0.011625079,0.011851982,0.012092891,0.012351527,0.012631559,0.012935477,0.013265638,0.013624700,0.014015613,0.014441645,0.014906429,0.015414012,0.015968914,0.016576201,0.017237368,0.017936496,0.018653021,0.019374372,0.020089061,0.020784164,0.021445412,0.022057365,0.022603682,0.023067486,0.023442864,0.023769610,0.024096960,0.024457404,0.024880418,0.025397709,0.026044127,0.026859026,0.027888155,0.029186232,0.030803984,0.032735270,0.034955624,0.037441753,0.040162110,0.040162110,0.040162110,0.040162110,0.040162110,0.040162110,0.040162110,0.040162110,0.040162110,0.040162110,0.040162110,0.040162110,0.040162110,0.040162110,0.040162110,0.040162110,0.040162110,0.040162110,0.040162110,0.040162110,0.040162110,0.040162110,0.040162110,0.040162110,0.040162110,0.040162110,0.040162110,0.040162110,0.040162110,0.040162110,0.040162110,0.040162110,0.040162110,0.040162110,0.040162110,0.040162110,0.040162110,0.040162110,0.040162110,0.040162110,0.040162110,0.040162110,0.040162110,0.040162110,0.040162110,0.040162110,0.040162110,0.040162110,0.040162110,0.040162110,0.040162110,0.040162110,0.040162110,0.040162110,0.040162110,0.040162110,0.040162110,0.040162110,0.040162110,0.040162110,0.040162110,0.040162110,0.040162110,0.040162110,0.040162110,0.040162110,0.040162110,0.040162110,0.040162110,0.040162110,0.040162110,0.040162110,0.040162110,0.040162110,0.040162110,0.040162110,0.040162110,0.040162110,0.040162110,0.040162110,0.040162110,0.040162110,0.040162110,0.040162110,0.040162110,0.040162110,0.040162110,0.040162110,0.040162110,0.040162110,0.040162110,0.040162110,0.040162110,0.040162110,0.040162110,0.040162110,0.040162110,0.040162110,0.040162110,0.040162110,0.040162110,0.040162110,0.040162110,0.040162110,0.040162110,0.040162110
0,1,19,0.009128912,0.009128912,0.009128912,0.009128912,0.009128912,0.009128912,0.009128912,0.009128912,0.009128912,0.009128912,0.009128912,0.009128912,0.009128912,0.009128912,0.009128912,0.009128912,0.009128912,0.009128912,0.009128912,0.009128912,0.009128912,0.009128912,0.009128912,0.009128912,0.009128912,0.009128912,0.009128912,0.007892107,0.006821714,0.005895634,0.005094628,0.004401969,0.003803123,0.003285475,0.002838084,0.002451466,0.002117403,0.001828779,0.001580569,0.001371894,0.001201034,0.001065101,0.000960951,0.000885847,0.000837987,0.000816974,0.000824410,0.000864806,0.000945217,0.001070015,0.001244518,0.001475276,0.001768127,0.002125351,0.002541778,0.003000210,0.003467349,0.003892050,0.004217966,0.004428131,0.004528877,0.004538040,0.004480287,0.004382823,0.004272321,0.004173376,0.004108451,0.004099526,0.004165638,0.004305196,0.004513242,0.004786174,0.005120500,0.005511636,0.005952707,0.006433348,0.006938619,0.007447604,0.007936058,0.008395332,0.008822451,0.009215771,0.009574970,0.009900982,0.010195894,0.010462834,0.010705837,0.010930740,0.011146542,0.011357104,0.011564843,0.011772384,0.011982551,0.012198374,0.012423098,0.012660200,0.012913417,0.013186400,0.013481543,0.013801121,0.014147639,0.014523848,0.014932784,0.015377803,0.015862625,0.016391392,0.016968720,0.017595494,0.018257525,0.018944847,0.019648731,0.020359084,0.021064395,0.021751747,0.022406894,0.023014420,0.023557989,0.024031998,0.024472550,0.024910703,0.025374763,0.025895135,0.026504784,0.027240082,0.028142107,0.029258484,0.030645927,0.032356437,0.034384173,0.036712124,0.039318089,0.042168800,0.042168800,0.042168800,0.042168800,0.042168800,0.042168800,0.042168800,0.042168800,0.042168800,0.042168800,0.042168800,0.042168800,0.042168800,0.042168800,0.042168800,0.042168800,0.042168800,0.042168800,0.042168800,0.042168800,0.042168800,0.042168800,0.042168800,0.042168800,0.042168800,0.042168800,0.042168800,0.042168800,0.042168800,0.042168800,0.042168800,0.042168800,0.042168800,0.042168800,0.042168800,0.042168800,0.042168800,0.042168800,0.042168800,0.042168800,0.042168800,0.042168800,0.042168800,0.042168800,0.042168800,0.042168800,0.042168800,0.042168800,0.042168800,0.042168800,0.042168800,0.042168800,0.042168800,0.042168800,0.042168800,0.042168800,0.042168800,0.042168800,0.042168800,0.042168800,0.042168800,0.042168800,0.042168800,0.042168800,0.042168800,0.042168800,0.042168800,0.042168800,0.042168800,0.042168800,0.042168800,0.042168800,0.042168800,0.042168800,0.042168800,0.042168800,0.042168800,0.042168800,0.042168800,0.042168800,0.042168800,0.042168800,0.042168800,0.042168800,0.042168800,0.042168800,0.042168800,0.042168800,0.042168800,0.042168800,0.042168800,0.042168800,0.042168800,0.042168800,0.042168800,0.042168800,0.042168800,0.042168800,0.042168800,0.042168800,0.042168800,0.042168800,0.042168800,0.042168800,0.042168800,0.042168800
0,1,20,0.007982388,0.007982388,0.007982388,0.007982388,0.007982388,0.007982388,0.007982388,0.007982388,0.007982388,0.007982388,0.007982388,0.007982388,0.007982388,0.007982388,0.007982388,0.007982388,0.007982388,0.007982388,0.007982388,0.007982388,0.007982388,0.007982388,0.007982388,0.007982388,0.007982388,0.007982388,0.007982388,0.006899836,0.005963213,0.005153074,0.004452504,0.003846809,0.003323235,0.002870717,0.002479665,0.002141767,0.001849829,0.001598766,0.001387692,0.001214867,0.001077370,0.000972021,0.000896053,0.000847642,0.000826387,0.000833909,0.000874758,0.000956019,0.001082073,0.001258246,0.001491081,0.001786367,0.002146265,0.002565380,0.003026171,0.003494891,0.003920166,0.004246515,0.004457548,0.004559891,0.004571544,0.004517242,0.004424220,0.004319208,0.004226954,0.004170228,0.004171134,0.004247740,0.004398430,0.004618426,0.004904181,0.005252128,0.005657451,0.006112860,0.006607384,0.007125268,0.007645171,0.008144381,0.008614840,0.009053739,0.009459606,0.009832291,0.010172894,0.010483676,0.010767940,0.011029908,0.011274601,0.011507031,0.011729868,0.011945345,0.012155919,0.012364262,0.012573251,0.012785965,0.013005693,0.013235944,0.013480469,0.013742911,0.014025618,0.014330733,0.014660591,0.015017740,0.015404978,0.015825379,0.016282337,0.016779609,0.017321362,0.017910532,0.018543280,0.019213243,0.019912956,0.020633705,0.021365407,0.022096543,0.022814140,0.023503822,0.024149944,0.024742501,0.025298648,0.025844614,0.026409095,0.027023292,0.027721291,0.028540832,0.029524536,0.030721678,0.032190679,0.033986928,0.036113032,0.038553360,0.041284422,0.044271129,0.044271129,0.044271129,0.044271129,0.044271129,0.044271129,0.044271129,0.044271129,0.044271129,0.044271129,0.044271129,0.044271129,0.044271129,0.044271129,0.044271129,0.044271129,0.044271129,0.044271129,0.044271129,0.044271129,0.044271129,0.044271129,0.044271129,0.044271129,0.044271129,0.044271129,0.044271129,0.044271129,0.044271129,0.044271129,0.044271129,0.044271129,0.044271129,0.044271129,0.044271129,0.044271129,0.044271129,0.044271129,0.044271129,0.044271129,0.044271129,0.044271129,0.044271129,0.044271129,0.044271129,0.044271129,0.044271129,0.044271129,0.044271129,0.044271129,0.044271129,0.044271129,0.044271129,0.044271129,0.044271129,0.044271129,0.044271129,0.044271129,0.044271129,0.044271129,0.044271129,0.044271129,0.044271129,0.044271129,0.044271129,0.044271129,0.044271129,0.044271129,0.044271129,0.044271129,0.044271129,0.044271129,0.044271129,0.044271129,0.044271129,0.044271129,0.044271129,0.044271129,0.044271129,0.044271129,0.044271129,0.044271129,0.044271129,0.044271129,0.044271129,0.044271129,0.044271129,0.044271129,0.044271129,0.044271129,0.044271129,0.044271129,0.044271129,0.044271129,0.044271129,0.044271129,0.044271129,0.044271129,0.044271129,0.044271129,0.044271129,0.044271129,0.044271129,0.044271129,0.044271129,0.044271129
0,1,21,0.006978846,0.006978846,0.006978846,0.006978846,0.006978846,0.006978846,0.006978846,0.006978846,0.006978846,0.006978846,0.006978846,0.006978846,0.006978846,0.006978846,0.006978846,0.006978846,0.006978846,0.006978846,0.006978846,0.006978846,0.006978846,0.006978846,0.006978846,0.006978846,0.006978846,0.006978846,0.006978846,0.006031563,0.005212187,0.004503617,0.003890996,0.003361428,0.002903725,0.002508187,0.002166411,0.001871120,0.001617173,0.001403672,0.001228859,0.001089780,0.000983219,0.000906377,0.000857408,0.000835909,0.000843517,0.000884836,0.000967020,0.001094438,0.001272423,0.001507524,0.001805498,0.002168397,0.002590612,0.003054257,0.003525117,0.003951290,0.004277181,0.004487711,0.004590179,0.004602848,0.004550593,0.004460715,0.004360007,0.004273346,0.004223766,0.004233850,0.004321925,0.004485101,0.004718411,0.005018429,0.005381561,0.005802801,0.006274480,0.006785030,0.007317884,0.007850675,0.008360275,0.008840822,0.009290299,0.009707434,0.010092272,0.010446113,0.010771417,0.011071689,0.011351361,0.011615686,0.011868803,0.012108992,0.012337175,0.012555620,0.012766830,0.012973531,0.013178659,0.013385347,0.013596933,0.013816960,0.014049215,0.014297381,0.014563718,0.014850224,0.015159061,0.015492578,0.015853332,0.016244122,0.016668015,0.017128390,0.017631580,0.018190956,0.018806096,0.019471728,0.020181683,0.020928694,0.021704215,0.022498278,0.023299385,0.024094450,0.024863846,0.025577473,0.026246712,0.026897570,0.027559010,0.028262906,0.029044334,0.029942244,0.031000610,0.032270121,0.033813109,0.035696552,0.037925405,0.040483060,0.043344656,0.046473185,0.046473185,0.046473185,0.046473185,0.046473185,0.046473185,0.046473185,0.046473185,0.046473185,0.046473185,0.046473185,0.046473185,0.046473185,0.046473185,0.046473185,0.046473185,0.046473185,0.046473185,0.046473185,0.046473185,0.046473185,0.046473185,0.046473185,0.046473185,0.046473185,0.046473185,0.046473185,0.046473185,0.046473185,0.046473185,0.046473185,0.046473185,0.046473185,0.046473185,0.046473185,0.046473185,0.046473185,0.046473185,0.046473185,0.046473185,0.046473185,0.046473185,0.046473185,0.046473185,0.046473185,0.046473185,0.046473185,0.046473185,0.046473185,0.046473185,0.046473185,0.046473185,0.046473185,0.046473185,0.046473185,0.046473185,0.046473185,0.046473185,0.046473185,0.046473185,0.046473185,0.046473185,0.046473185,0.046473185,0.046473185,0.046473185,0.046473185,0.046473185,0.046473185,0.046473185,0.046473185,0.046473185,0.046473185,0.046473185,0.046473185,0.046473185,0.046473185,0.046473185,0.046473185,0.046473185,0.046473185,0.046473185,0.046473185,0.046473185,0.046473185,0.046473185,0.046473185,0.046473185,0.046473185,0.046473185,0.046473185,0.046473185,0.046473185,0.046473185,0.046473185,0.046473185,0.046473185,0.046473185,0.046473185,0.046473185,0.046473185,0.046473185,0.046473185,0.046473185,0.046473185,0.046473185
0,1,22,0.006100692,0.006100692,0.006100692,0.006100692,0.006100692,0.006100692,0.006100692,0.006100692,0.006100692,0.006100692,0.006100692,0.006100692,0.006100692,0.006100692,0.006100692,0.006100692,0.006100692,0.006100692,0.006100692,0.006100692,0.006100692,0.006100692,0.006100692,0.006100692,0.006100692,0.006100692,0.006100692,0.005271974,0.004555313,0.003935689,0.003400059,0.002937111,0.002537037,0.002191339,0.001892656,0.001635790,0.001419835,0.001243012,0.001102333,0.000994545,0.000916819,0.000867287,0.000845540,0.000853236,0.000895031,0.000978161,0.001107030,0.001286960,0.001524505,0.001825402,0.002191611,0.002617315,0.003084283,0.003557817,0.003985448,0.004311127,0.004520111,0.004621235,0.004633420,0.004581755,0.004493651,0.004395975,0.004313714,0.004270123,0.004288201,0.004386898,0.004563412,0.004811356,0.005127030,0.005506869,0.005945724,0.006435580,0.006964297,0.007514489,0.008062741,0.008584836,0.009075009,0.009533830,0.009960903,0.010356501,0.010722149,0.011060532,0.011375383,0.011671373,0.011954005,0.012227642,0.012489450,0.012735675,0.012967206,0.013186351,0.013395668,0.013597948,0.013796192,0.013993601,0.014193567,0.014399695,0.014615860,0.014845750,0.015091525,0.015355041,0.015638296,0.015943441,0.016272802,0.016628909,0.017014517,0.017435212,0.017907716,0.018448873,0.019059210,0.019734620,0.020470345,0.021260727,0.022098978,0.022976963,0.023885001,0.024806753,0.025702804,0.026535701,0.027315591,0.028068141,0.028822471,0.029611011,0.030469693,0.031438526,0.032562639,0.033896415,0.035514311,0.037488836,0.039824976,0.042505076,0.045502823,0.048779182,0.048779182,0.048779182,0.048779182,0.048779182,0.048779182,0.048779182,0.048779182,0.048779182,0.048779182,0.048779182,0.048779182,0.048779182,0.048779182,0.048779182,0.048779182,0.048779182,0.048779182,0.048779182,0.048779182,0.048779182,0.048779182,0.048779182,0.048779182,0.048779182,0.048779182,0.048779182,0.048779182,0.048779182,0.048779182,0.048779182,0.048779182,0.048779182,0.048779182,0.048779182,0.048779182,0.048779182,0.048779182,0.048779182,0.048779182,0.048779182,0.048779182,0.048779182,0.048779182,0.048779182,0.048779182,0.048779182,0.048779182,0.048779182,0.048779182,0.048779182,0.048779182,0.048779182,0.048779182,0.048779182,0.048779182,0.048779182,0.048779182,0.048779182,0.048779182,0.048779182,0.048779182,0.048779182,0.048779182,0.048779182,0.048779182,0.048779182,0.048779182,0.048779182,0.048779182,0.048779182,0.048779182,0.048779182,0.048779182,0.048779182,0.048779182,0.048779182,0.048779182,0.048779182,0.048779182,0.048779182,0.048779182,0.048779182,0.048779182,0.048779182,0.048779182,0.048779182,0.048779182,0.048779182,0.048779182,0.048779182,0.048779182,0.048779182,0.048779182,0.048779182,0.048779182,0.048779182,0.048779182,0.048779182,0.048779182,0.048779182,0.048779182,0.048779182,0.048779182,0.048779182,0.048779182
0,1,23,0.005332444,0.005332444,0.005332444,0.005332444,0.005332444,0.005332444,0.005332444,0.005332444,0.005332444,0.005332444,0.005332444,0.005332444,0.005332444,0.005332444,0.005332444,0.005332444,0.005332444,0.005332444,0.005332444,0.005332444,0.005332444,0.005332444,0.005332444,0.005332444,0.005332444,0.005332444,0.005332444,0.004607601,0.003980892,0.003439132,0.002970879,0.002566218,0.002216552,0.001914439,0.001654622,0.001436184,0.001257327,0.001115031,0.001006003,0.000927381,0.000877279,0.000855282,0.000863067,0.000905343,0.000989429,0.001119781,0.001301764,0.001541918,0.001845958,0.002215763,0.002645321,0.003116058,0.003592776,0.004022401,0.004348382,0.004555976,0.004654594,0.004664767,0.004612187,0.004524424,0.004428434,0.004349301,0.004310460,0.004335262,0.004443205,0.004631999,0.004895336,0.005227981,0.005625980,0.006084088,0.006593985,0.007142982,0.007712879,0.008279191,0.008816557,0.009318588,0.009786193,0.010221831,0.010626736,0.011002686,0.011352618,0.011680517,0.011991317,0.012290795,0.012583558,0.012866809,0.013135562,0.013385780,0.013618328,0.013835563,0.014040113,0.014234845,0.014422843,0.014607384,0.014791948,0.014980261,0.015176256,0.015383619,0.015604415,0.015840372,0.016093330,0.016365255,0.016658258,0.016974612,0.017319335,0.017708329,0.018161691,0.018697270,0.019316643,0.020017018,0.020795260,0.021647602,0.022569363,0.023554671,0.024591268,0.025643836,0.026665600,0.027616015,0.028503821,0.029354239,0.030196437,0.031063291,0.031991463,0.033021868,0.034203155,0.035601653,0.037297799,0.039367435,0.041815555,0.044623389,0.047763082,0.051193458,0.051193458,0.051193458,0.051193458,0.051193458,0.051193458,0.051193458,0.051193458,0.051193458,0.051193458,0.051193458,0.051193458,0.051193458,0.051193458,0.051193458,0.051193458,0.051193458,0.051193458,0.051193458,0.051193458,0.051193458,0.051193458,0.051193458,0.051193458,0.051193458,0.051193458,0.051193458,0.051193458,0.051193458,0.051193458,0.051193458,0.051193458,0.051193458,0.051193458,0.051193458,0.051193458,0.051193458,0.051193458,0.051193458,0.051193458,0.051193458,0.051193458,0.051193458,0.051193458,0.051193458,0.051193458,0.051193458,0.051193458,0.051193458,0.051193458,0.051193458,0.051193458,0.051193458,0.051193458,0.051193458,0.051193458,0.051193458,0.051193458,0.051193458,0.051193458,0.051193458,0.051193458,0.051193458,0.051193458,0.051193458,0.051193458,0.051193458,0.051193458,0.051193458,0.051193458,0.051193458,0.051193458,0.051193458,0.051193458,0.051193458,0.051193458,0.051193458,0.051193458,0.051193458,0.051193458,0.051193458,0.051193458,0.051193458,0.051193458,0.051193458,0.051193458,0.051193458,0.051193458,0.051193458,0.051193458,0.051193458,0.051193458,0.051193458,0.051193458,0.051193458,0.051193458,0.051193458,0.051193458,0.051193458,0.051193458,0.051193458,0.051193458,0.051193458,0.051193458,0.051193458,0.051193458
0,1,24,0.004660486,0.004660486,0.004660486,0.004660486,0.004660486,0.004660486,0.004660486,0.004660486,0.004660486,0.004660486,0.004660486,0.004660486,0.004660486,0.004660486,0.004660486,0.004660486,0.004660486,0.004660486,0.004660486,0.004660486,0.004660486,0.004660486,0.004660486,0.004660486,0.004660486,0.004660486,0.004660486,0.004026613,0.003478652,0.003005035,0.002595733,0.002242055,0.001936473,0.001673671,0.001452722,0.001271808,0.001127874,0.001017591,0.000938065,0.000887386,0.000865136,0.000873010,0.000915773,0.001000827,0.001132679,0.001316756,0.001559650,0.001867035,0.002240703,0.002674460,0.003149385,0.003629771,0.004061906,0.004388686,0.004595337,0.004691521,0.004698440,0.004643391,0.004554477,0.004458763,0.004381418,0.004346021,0.004376212,0.004491960,0.004691437,0.004968886,0.005319195,0.005736699,0.006215606,0.006747333,0.007318671,0.007910617,0.008497597,0.009053059,0.009569923,0.010048666,0.010492213,0.010904914,0.011289590,0.011649456,0.011988777,0.012312767,0.012627502,0.012937853,0.013241080,0.013532174,0.013805794,0.014057620,0.014288500,0.014500859,0.014697411,0.014881119,0.015055165,0.015222941,0.015388082,0.015554409,0.015725908,0.015906276,0.016097499,0.016301189,0.016519044,0.016752864,0.017004560,0.017278729,0.017590669,0.017959528,0.018406295,0.018949909,0.019593179,0.020334888,0.021173849,0.022108597,0.023137066,0.024251413,0.025421269,0.026604483,0.027751051,0.028816926,0.029809269,0.030752751,0.031676491,0.032613710,0.033601687,0.034684690,0.035923250,0.037389358,0.039167214,0.041336129,0.043901081,0.046842108,0.050129718,0.053720479,0.053720479,0.053720479,0.053720479,0.053720479,0.053720479,0.053720479,0.053720479,0.053720479,0.053720479,0.053720479,0.053720479,0.053720479,0.053720479,0.053720479,0.053720479,0.053720479,0.053720479,0.053720479,0.053720479,0.053720479,0.053720479,0.053720479,0.053720479,0.053720479,0.053720479,0.053720479,0.053720479,0.053720479,0.053720479,0.053720479,0.053720479,0.053720479,0.053720479,0.053720479,0.053720479,0.053720479,0.053720479,0.053720479,0.053720479,0.053720479,0.053720479,0.053720479,0.053720479,0.053720479,0.053720479,0.053720479,0.053720479,0.053720479,0.053720479,0.053720479,0.053720479,0.053720479,0.053720479,0.053720479,0.053720479,0.053720479,0.053720479,0.053720479,0.053720479,0.053720479,0.053720479,0.053720479,0.053720479,0.053720479,0.053720479,0.053720479,0.053720479,0.053720479,0.053720479,0.053720479,0.053720479,0.053720479,0.053720479,0.053720479,0.053720479,0.053720479,0.053720479,0.053720479,0.053720479,0.053720479,0.053720479,0.053720479,0.053720479,0.053720479,0.053720479,0.053720479,0.053720479,0.053720479,0.053720479,0.053720479,0.053720479,0.053720479,0.053720479,0.053720479,0.053720479,0.053720479,0.053720479,0.053720479,0.053720479,0.053720479,0.053720479,0.053720479,0.053720479,0.053720479,0.053720479
0,1,25,0.004072856,0.004072856,0.004072856,0.004072856,0.004072856,0.004072856,0.004072856,0.004072856,0.004072856,0.004072856,0.004072856,0.004072856,0.004072856,0.004072856,0.004072856,0.004072856,0.004072856,0.004072856,0.004072856,0.004072856,0.004072856,0.004072856,0.004072856,0.004072856,0.004072856,0.004072856,0.004072856,0.003518625,0.003039582,0.002625587,0.002267850,0.001958759,0.001692938,0.001469449,0.001286455,0.001140865,0.001029314,0.000948872,0.000897610,0.000875103,0.000883068,0.000926323,0.001012357,0.001145726,0.001331920,0.001577607,0.001888499,0.002266278,0.002704550,0.003184058,0.003668571,0.004103711,0.004431772,0.004637919,0.004732048,0.004735713,0.004676910,0.004585293,0.004488382,0.004411426,0.004378113,0.004412312,0.004534383,0.004742902,0.005032625,0.005399079,0.005836736,0.006337855,0.006893088,0.007488744,0.008105032,0.008715277,0.009291688,0.009826433,0.010319488,0.010773416,0.011193160,0.011584916,0.011953021,0.012302042,0.012637499,0.012965782,0.013292047,0.013613632,0.013925527,0.014222352,0.014498405,0.014749087,0.014975245,0.015179396,0.015364359,0.015533217,0.015689292,0.015836165,0.015977606,0.016117532,0.016260002,0.016408740,0.016565670,0.016732308,0.016910232,0.017101099,0.017309204,0.017549438,0.017840229,0.018201459,0.018655076,0.019221298,0.019904454,0.020705273,0.021624978,0.022664978,0.023821757,0.025070238,0.026373804,0.027687517,0.028957660,0.030136270,0.031228763,0.032259166,0.033256466,0.034254145,0.035292640,0.036428089,0.037726471,0.039263175,0.041126325,0.043398827,0.046085618,0.049165467,0.052607141,0.056364828,0.056364828,0.056364828,0.056364828,0.056364828,0.056364828,0.056364828,0.056364828,0.056364828,0.056364828,0.056364828,0.056364828,0.056364828,0.056364828,0.056364828,0.056364828,0.056364828,0.056364828,0.056364828,0.056364828,0.056364828,0.056364828,0.056364828,0.056364828,0.056364828,0.056364828,0.056364828,0.056364828,0.056364828,0.056364828,0.056364828,0.056364828,0.056364828,0.056364828,0.056364828,0.056364828,0.056364828,0.056364828,0.056364828,0.056364828,0.056364828,0.056364828,0.056364828,0.056364828,0.056364828,0.056364828,0.056364828,0.056364828,0.056364828,0.056364828,0.056364828,0.056364828,0.056364828,0.056364828,0.056364828,0.056364828,0.056364828,0.056364828,0.056364828,0.056364828,0.056364828,0.056364828,0.056364828,0.056364828,0.056364828,0.056364828,0.056364828,0.056364828,0.056364828,0.056364828,0.056364828,0.056364828,0.056364828,0.056364828,0.056364828,0.056364828,0.056364828,0.056364828,0.056364828,0.056364828,0.056364828,0.056364828,0.056364828,0.056364828,0.056364828,0.056364828,0.056364828,0.056364828,0.056364828,0.056364828,0.056364828,0.056364828,0.056364828,0.056364828,0.056364828,0.056364828,0.056364828,0.056364828,0.056364828,0.056364828,0.056364828,0.056364828,0.056364828,0.056364828,0.056364828,0.056364828
0,1,26,0.003559055,0.003559055,0.003559055,0.003559055,0.003559055,0.003559055,0.003559055,0.003559055,0.003559055,0.003559055,0.003559055,0.003559055,0.003559055,0.003559055,0.003559055,0.003559055,0.003559055,0.003559055,0.003559055,0.003559055,0.003559055,0.003559055,0.003559055,0.003559055,0.003559055,0.003559055,0.003559055,0.003074525,0.002655783,0.002293942,0.001981302,0.001712426,0.001486369,0.001301270,0.001154006,0.001041171,0.000959804,0.000907951,0.000885186,0.000893242,0.000936995,0.001024019,0.001158922,0.001347258,0.001595770,0.001910235,0.002292321,0.002735403,0.003219863,0.003708939,0.004147557,0.004477367,0.004683441,0.004775891,0.004776620,0.004714013,0.004618394,0.004518753,0.004440732,0.004408099,0.004444892,0.004571783,0.004787684,0.005087814,0.005468306,0.005924346,0.006448307,0.007028568,0.007650392,0.008293226,0.008929290,0.009529515,0.010085241,0.010595874,0.011063553,0.011492931,0.011890921,0.012265487,0.012622396,0.012967493,0.013307505,0.013647884,0.013986065,0.014317057,0.014635469,0.014935545,0.015211219,0.015457623,0.015675627,0.015867863,0.016037288,0.016187148,0.016320991,0.016442569,0.016555793,0.016664702,0.016773449,0.016885807,0.017003663,0.017128458,0.017261681,0.017407441,0.017580382,0.017798424,0.018080583,0.018447524,0.018922324,0.019526783,0.020267161,0.021146634,0.022169465,0.023336032,0.024626440,0.026009971,0.027447713,0.028891446,0.030283246,0.031570829,0.032757707,0.033867187,0.034928064,0.035976710,0.037065423,0.038255646,0.039616488,0.041226879,0.043179024,0.045559563,0.048373359,0.051597825,0.055199885,0.059131210,0.059131210,0.059131210,0.059131210,0.059131210,0.059131210,0.059131210,0.059131210,0.059131210,0.059131210,0.059131210,0.059131210,0.059131210,0.059131210,0.059131210,0.059131210,0.059131210,0.059131210,0.059131210,0.059131210,0.059131210,0.059131210,0.059131210,0.059131210,0.059131210,0.059131210,0.059131210,0.059131210,0.059131210,0.059131210,0.059131210,0.059131210,0.059131210,0.059131210,0.059131210,0.059131210,0.059131210,0.059131210,0.059131210,0.059131210,0.059131210,0.059131210,0.059131210,0.059131210,0.059131210,0.059131210,0.059131210,0.059131210,0.059131210,0.059131210,0.059131210,0.059131210,0.059131210,0.059131210,0.059131210,0.059131210,0.059131210,0.059131210,0.059131210,0.059131210,0.059131210,0.059131210,0.059131210,0.059131210,0.059131210,0.059131210,0.059131210,0.059131210,0.059131210,0.059131210,0.059131210,0.059131210,0.059131210,0.059131210,0.059131210,0.059131210,0.059131210,0.059131210,0.059131210,0.059131210,0.059131210,0.059131210,0.059131210,0.059131210,0.059131210,0.059131210,0.059131210,0.059131210,0.059131210,0.059131210,0.059131210,0.059131210,0.059131210,0.059131210,0.059131210,0.059131210,0.059131210,0.059131210,0.059131210,0.059131210,0.059131210,0.059131210,0.059131210,0.059131210,0.059131210,0.059131210
0,1,27,0.003109869,0.003109869,0.003109869,0.003109869,0.003109869,0.003109869,0.003109869,0.003109869,0.003109869,0.003109869,0.003109869,0.003109869,0.003109869,0.003109869,0.003109869,0.003109869,0.003109869,0.003109869,0.003109869,0.003109869,0.003109869,0.003109869,0.003109869,0.003109869,0.003109869,0.003109869,0.003109869,0.002686326,0.002320333,0.002004104,0.001732139,0.001503483,0.001316256,0.001167298,0.001053164,0.000970861,0.000918412,0.000895384,0.000903534,0.000947790,0.001035815,0.001172271,0.001362773,0.001614142,0.001932220,0.002318694,0.002766824,0.003256576,0.003750624,0.004193173,0.004525187,0.004731612,0.004822760,0.004820873,0.004754733,0.004655036,0.004551376,0.004470782,0.004437383,0.004475333,0.004605535,0.004827163,0.005135836,0.005528246,0.006000268,0.006545036,0.007150970,0.007800639,0.008472091,0.009136446,0.009763325,0.010343166,0.010874725,0.011359638,0.011802213,0.012209148,0.012589239,0.012952130,0.013304942,0.013654752,0.014007329,0.014360211,0.014708447,0.015046656,0.015369055,0.015669509,0.015941596,0.016180194,0.016386227,0.016562474,0.016712079,0.016838549,0.016945640,0.017037291,0.017117582,0.017190705,0.017260934,0.017332115,0.017406124,0.017484362,0.017570848,0.017680130,0.017829799,0.018038224,0.018325044,0.018711855,0.019223151,0.019882747,0.020699381,0.021679343,0.022826190,0.024124714,0.025549974,0.027069476,0.028641521,0.030214095,0.031724572,0.033115948,0.034389696,0.035568353,0.036683231,0.037782509,0.038923663,0.040171066,0.041597098,0.043284372,0.045329335,0.047822499,0.050768621,0.054143667,0.057912600,0.062024441,0.062024441,0.062024441,0.062024441,0.062024441,0.062024441,0.062024441,0.062024441,0.062024441,0.062024441,0.062024441,0.062024441,0.062024441,0.062024441,0.062024441,0.062024441,0.062024441,0.062024441,0.062024441,0.062024441,0.062024441,0.062024441,0.062024441,0.062024441,0.062024441,0.062024441,0.062024441,0.062024441,0.062024441,0.062024441,0.062024441,0.062024441,0.062024441,0.062024441,0.062024441,0.062024441,0.062024441,0.062024441,0.062024441,0.062024441,0.062024441,0.062024441,0.062024441,0.062024441,0.062024441,0.062024441,0.062024441,0.062024441,0.062024441,0.062024441,0.062024441,0.062024441,0.062024441,0.062024441,0.062024441,0.062024441,0.062024441,0.062024441,0.062024441,0.062024441,0.062024441,0.062024441,0.062024441,0.062024441,0.062024441,0.062024441,0.062024441,0.062024441,0.062024441,0.062024441,0.062024441,0.062024441,0.062024441,0.062024441,0.062024441,0.062024441,0.062024441,0.062024441,0.062024441,0.062024441,0.062024441,0.062024441,0.062024441,0.062024441,0.062024441,0.062024441,0.062024441,0.062024441,0.062024441,0.062024441,0.062024441,0.062024441,0.062024441,0.062024441,0.062024441,0.062024441,0.062024441,0.062024441,0.062024441,0.062024441,0.062024441,0.062024441,0.062024441,0.062024441,0.062024441,0.062024441
0,1,28,0.002717219,0.002717219,0.002717219,0.002717219,0.002717219,0.002717219,0.002717219,0.002717219,0.002717219,0.002717219,0.002717219,0.002717219,0.002717219,0.002717219,0.002717219,0.002717219,0.002717219,0.002717219,0.002717219,0.002717219,0.002717219,0.002717219,0.002717219,0.002717219,0.002717219,0.002717219,0.002717219,0.002347027,0.002027167,0.001752078,0.001520794,0.001331414,0.001180743,0.001065296,0.000982046,0.000928993,0.000905700,0.000913943,0.000958709,0.001047747,0.001185773,0.001378466,0.001632725,0.001954458,0.002345369,0.002798640,0.003293963,0.003793366,0.004240277,0.004574937,0.004782135,0.004872358,0.004868182,0.004798785,0.004695249,0.004587488,0.004503060,0.004467410,0.004505062,0.004637071,0.004862791,0.005178171,0.005580402,0.006066004,0.006628859,0.007258164,0.007936380,0.008638335,0.009333326,0.009989636,0.010596727,0.011152614,0.011658352,0.012117825,0.012537460,0.012925910,0.013293762,0.013652259,0.014009831,0.014372572,0.014738136,0.015101622,0.015457678,0.015800521,0.016123974,0.016421524,0.016686407,0.016913274,0.017103134,0.017258975,0.017384232,0.017482655,0.017558232,0.017615126,0.017657623,0.017690098,0.017716978,0.017742210,0.017767693,0.017797445,0.017846051,0.017930937,0.018070015,0.018282124,0.018587654,0.019009401,0.019573691,0.020306939,0.021221067,0.022321881,0.023598058,0.025029915,0.026591254,0.028247311,0.029953081,0.031652237,0.033276957,0.034765143,0.036116126,0.037354449,0.038523076,0.039675218,0.040871109,0.042178184,0.043672225,0.045439679,0.047581406,0.050191924,0.053275848,0.056807596,0.060750055,0.060750055,0.060750055,0.060750055,0.060750055,0.060750055,0.060750055,0.060750055,0.060750055,0.060750055,0.060750055,0.060750055,0.060750055,0.060750055,0.060750055,0.060750055,0.060750055,0.060750055,0.060750055,0.060750055,0.060750055,0.060750055,0.060750055,0.060750055,0.060750055,0.060750055,0.060750055,0.060750055,0.060750055,0.060750055,0.060750055,0.060750055,0.060750055,0.060750055,0.060750055,0.060750055,0.060750055,0.060750055,0.060750055,0.060750055,0.060750055,0.060750055,0.060750055,0.060750055,0.060750055,0.060750055,0.060750055,0.060750055,0.060750055,0.060750055,0.060750055,0.060750055,0.060750055,0.060750055,0.060750055,0.060750055,0.060750055,0.060750055,0.060750055,0.060750055,0.060750055,0.060750055,0.060750055,0.060750055,0.060750055,0.060750055,0.060750055,0.060750055,0.060750055,0.060750055,0.060750055,0.060750055,0.060750055,0.060750055,0.060750055,0.060750055,0.060750055,0.060750055,0.060750055,0.060750055,0.060750055,0.060750055,0.060750055,0.060750055,0.060750055,0.060750055,0.060750055,0.060750055,0.060750055,0.060750055,0.060750055,0.060750055,0.060750055,0.060750055,0.060750055,0.060750055,0.060750055,0.060750055,0.060750055,0.060750055,0.060750055,0.060750055,0.060750055,0.060750055,0.060750055,0.060750055,0.060750055
0,1,29,0.002374027,0.002374027,0.002374027,0.002374027,0.002374027,0.002374027,0.002374027,0.002374027,0.002374027,0.002374027,0.002374027,0.002374027,0.002374027,0.002374027,0.002374027,0.002374027,0.002374027,0.002374027,0.002374027,0.002374027,0.002374027,0.002374027,0.002374027,0.002374027,0.002374027,0.002374027,0.002374027,0.002050495,0.001772246,0.001538304,0.001346747,0.001194342,0.001077567,0.000993359,0.000939695,0.000916134,0.000924472,0.000969753,0.001059816,0.001199430,0.001394339,0.001651522,0.001976951,0.002372351,0.002830821,0.003331821,0.003836891,0.004288575,0.004626310,0.004834696,0.004924375,0.004918244,0.004845878,0.004738752,0.004627120,0.004538790,0.004499664,0.004535545,0.004667869,0.004896080,0.005216376,0.005626380,0.006123201,0.006701435,0.007351052,0.008055251,0.008788524,0.009516308,0.010204712,0.010842144,0.011425788,0.011956023,0.012436225,0.012872477,0.013273237,0.013649014,0.014012096,0.014375281,0.014746038,0.015122142,0.015498752,0.015870558,0.016231797,0.016576276,0.016897425,0.017188366,0.017442015,0.017652826,0.017821960,0.017952722,0.018048827,0.018114303,0.018153409,0.018170574,0.018170330,0.018157272,0.018136011,0.018110631,0.018085756,0.018076132,0.018099168,0.018172490,0.018314336,0.018544130,0.018883263,0.019356120,0.019991423,0.020818945,0.021850327,0.023077098,0.024483993,0.026050566,0.027748874,0.029541369,0.031379202,0.033201204,0.034933881,0.036509708,0.037928648,0.039226589,0.040451324,0.041658636,0.042911641,0.044280960,0.045845920,0.047696959,0.049939512,0.052672251,0.055899604,0.059594337,0.059594337,0.059594337,0.059594337,0.059594337,0.059594337,0.059594337,0.059594337,0.059594337,0.059594337,0.059594337,0.059594337,0.059594337,0.059594337,0.059594337,0.059594337,0.059594337,0.059594337,0.059594337,0.059594337,0.059594337,0.059594337,0.059594337,0.059594337,0.059594337,0.059594337,0.059594337,0.059594337,0.059594337,0.059594337,0.059594337,0.059594337,0.059594337,0.059594337,0.059594337,0.059594337,0.059594337,0.059594337,0.059594337,0.059594337,0.059594337,0.059594337,0.059594337,0.059594337,0.059594337,0.059594337,0.059594337,0.059594337,0.059594337,0.059594337,0.059594337,0.059594337,0.059594337,0.059594337,0.059594337,0.059594337,0.059594337,0.059594337,0.059594337,0.059594337,0.059594337,0.059594337,0.059594337,0.059594337,0.059594337,0.059594337,0.059594337,0.059594337,0.059594337,0.059594337,0.059594337,0.059594337,0.059594337,0.059594337,0.059594337,0.059594337,0.059594337,0.059594337,0.059594337,0.059594337,0.059594337,0.059594337,0.059594337,0.059594337,0.059594337,0.059594337,0.059594337,0.059594337,0.059594337,0.059594337,0.059594337,0.059594337,0.059594337,0.059594337,0.059594337,0.059594337,0.059594337,0.059594337,0.059594337,0.059594337,0.059594337,0.059594337,0.059594337,0.059594337,0.059594337,0.059594337,0.059594337,0.059594337
0,1,30,0.002074091,0.002074091,0.002074091,0.002074091,0.002074091,0.002074091,0.002074091,0.002074091,0.002074091,0.002074091,0.002074091,0.002074091,0.002074091,0.002074091,0.002074091,0.002074091,0.002074091,0.002074091,0.002074091,0.002074091,0.002074091,0.002074091,0.002074091,0.002074091,0.002074091,0.002074091,0.002074091,0.001792646,0.001556015,0.001362255,0.001208098,0.001089980,0.001004802,0.000950521,0.000926689,0.000935123,0.000980925,0.001072024,0.001213245,0.001410395,0.001670534,0.001999702,0.002399642,0.002863371,0.003370112,0.003880965,0.004337758,0.004678984,0.004888972,0.004978492,0.004970749,0.004895712,0.004785259,0.004669995,0.004578004,0.004535368,0.004568289,0.004699448,0.004928589,0.005252072,0.005667873,0.006173624,0.006764584,0.007431475,0.008158256,0.008920044,0.009681612,0.010404598,0.011075369,0.011690180,0.012248633,0.012753501,0.013210441,0.013627644,0.014015495,0.014386265,0.014753891,0.015130397,0.015514779,0.015902256,0.016287575,0.016665004,0.017028360,0.017371041,0.017686091,0.017966289,0.018204259,0.018394322,0.018537910,0.018638639,0.018700542,0.018727970,0.018725507,0.018697891,0.018649945,0.018586521,0.018512456,0.018434719,0.018368873,0.018332451,0.018342945,0.018418170,0.018576795,0.018839059,0.019227726,0.019769303,0.020495641,0.021436541,0.022589958,0.023943955,0.025482965,0.027185305,0.029020779,0.030948513,0.032915261,0.034854491,0.036686592,0.038341197,0.039828375,0.041188542,0.042471825,0.043736693,0.045049263,0.046483481,0.048122363,0.050060490,0.052408054,0.055268016,0.058644572,0.058644572,0.058644572,0.058644572,0.058644572,0.058644572,0.058644572,0.058644572,0.058644572,0.058644572,0.058644572,0.058644572,0.058644572,0.058644572,0.058644572,0.058644572,0.058644572,0.058644572,0.058644572,0.058644572,0.058644572,0.058644572,0.058644572,0.058644572,0.058644572,0.058644572,0.058644572,0.058644572,0.058644572,0.058644572,0.058644572,0.058644572,0.058644572,0.058644572,0.058644572,0.058644572,0.058644572,0.058644572,0.058644572,0.058644572,0.058644572,0.058644572,0.058644572,0.058644572,0.058644572,0.058644572,0.058644572,0.058644572,0.058644572,0.058644572,0.058644572,0.058644572,0.058644572,0.058644572,0.058644572,0.058644572,0.058644572,0.058644572,0.058644572,0.058644572,0.058644572,0.058644572,0.058644572,0.058644572,0.058644572,0.058644572,0.058644572,0.058644572,0.058644572,0.058644572,0.058644572,0.058644572,0.058644572,0.058644572,0.058644572,0.058644572,0.058644572,0.058644572,0.058644572,0.058644572,0.058644572,0.058644572,0.058644572,0.058644572,0.058644572,0.058644572,0.058644572,0.058644572,0.058644572,0.058644572,0.058644572,0.058644572,0.058644572,0.058644572,0.058644572,0.058644572,0.058644572,0.058644572,0.058644572,0.058644572,0.058644572,0.058644572,0.058644572,0.058644572,0.058644572,0.058644572,0.058644572,0.058644572,0.058644572
0,1,31,0.001813222,0.001813222,0.001813222,0.001813222,0.001813222,0.001813222,0.001813222,0.001813222,0.001813222,0.001813222,0.001813222,0.001813222,0.001813222,0.001813222,0.001813222,0.001813222,0.001813222,0.001813222,0.001813222,0.001813222,0.001813222,0.001813222,0.001813222,0.001813222,0.001813222,0.001813222,0.001813222,0.001573879,0.001377898,0.001221973,0.001102499,0.001016344,0.000961440,0.000937335,0.000945866,0.000992193,0.001084338,0.001227178,0.001426590,0.001689711,0.002022650,0.002427168,0.002896201,0.003408732,0.003925416,0.004387418,0.004732471,0.004944463,0.005034212,0.005025212,0.004947819,0.004834317,0.004715679,0.004620277,0.004574405,0.004604386,0.004733217,0.004961764,0.005286763,0.005706459,0.006218928,0.006820033,0.007501211,0.008247173,0.009033717,0.009826050,0.010584829,0.011291754,0.011941045,0.012531424,0.013064954,0.013546766,0.013984708,0.014388974,0.014771775,0.015147081,0.015528087,0.015918346,0.016314294,0.016710736,0.017101990,0.017481894,0.017843841,0.018180827,0.018485530,0.018750413,0.018967870,0.019132211,0.019245137,0.019310620,0.019333065,0.019317206,0.019268002,0.019190551,0.019090011,0.018971535,0.018842999,0.018722600,0.018628674,0.018578721,0.018590297,0.018681497,0.018871636,0.019182124,0.019637601,0.020267392,0.021103185,0.022161783,0.023438216,0.024920670,0.026592819,0.028431242,0.030402950,0.032463181,0.034553741,0.036602231,0.038525402,0.040259473,0.041817822,0.043242870,0.044587182,0.045912027,0.047286653,0.048788463,0.050504307,0.052533073,0.054989875,0.057982108,0.057982108,0.057982108,0.057982108,0.057982108,0.057982108,0.057982108,0.057982108,0.057982108,0.057982108,0.057982108,0.057982108,0.057982108,0.057982108,0.057982108,0.057982108,0.057982108,0.057982108,0.057982108,0.057982108,0.057982108,0.057982108,0.057982108,0.057982108,0.057982108,0.057982108,0.057982108,0.057982108,0.057982108,0.057982108,0.057982108,0.057982108,0.057982108,0.057982108,0.057982108,0.057982108,0.057982108,0.057982108,0.057982108,0.057982108,0.057982108,0.057982108,0.057982108,0.057982108,0.057982108,0.057982108,0.057982108,0.057982108,0.057982108,0.057982108,0.057982108,0.057982108,0.057982108,0.057982108,0.057982108,0.057982108,0.057982108,0.057982108,0.057982108,0.057982108,0.057982108,0.057982108,0.057982108,0.057982108,0.057982108,0.057982108,0.057982108,0.057982108,0.057982108,0.057982108,0.057982108,0.057982108,0.057982108,0.057982108,0.057982108,0.057982108,0.057982108,0.057982108,0.057982108,0.057982108,0.057982108,0.057982108,0.057982108,0.057982108,0.057982108,0.057982108,0.057982108,0.057982108,0.057982108,0.057982108,0.057982108,0.057982108,0.057982108,0.057982108,0.057982108,0.057982108,0.057982108,0.057982108,0.057982108,0.057982108,0.057982108,0.057982108,0.057982108,0.057982108,0.057982108,0.057982108,0.057982108,0.057982108,0.057982108,0.057982108
0,1,32,0.001591640,0.001591640,0.001591640,0.001591640,0.001591640,0.001591640,0.001591640,0.001591640,0.001591640,0.001591640,0.001591640,0.001591640,0.001591640,0.001591640,0.001591640,0.001591640,0.001591640,0.001591640,0.001591640,0.001591640,0.001591640,0.001591640,0.001591640,0.001591640,0.001591640,0.001591640,0.001591640,0.001393450,0.001235767,0.001114946,0.001027820,0.000972296,0.000947919,0.000956546,0.001003397,0.001096580,0.001241031,0.001442691,0.001708777,0.002045465,0.002454534,0.002928840,0.003447127,0.003969608,0.004436788,0.004785705,0.005000004,0.005090361,0.005080472,0.005001067,0.004884831,0.004763108,0.004664576,0.004615754,0.004643118,0.004769691,0.004996445,0.005321310,0.005743027,0.006260035,0.006868725,0.007561197,0.008322898,0.009130334,0.009949243,0.010740535,0.011484972,0.012171803,0.012797658,0.013363780,0.013874666,0.014337719,0.014762867,0.015162201,0.015549689,0.015938535,0.016333288,0.016735114,0.017140091,0.017542591,0.017936493,0.018315203,0.018671696,0.018998583,0.019288203,0.019532764,0.019724554,0.019857878,0.019934751,0.019959566,0.019937165,0.019872720,0.019771623,0.019639384,0.019481543,0.019306442,0.019133493,0.018983696,0.018875256,0.018825610,0.018852450,0.018974358,0.019211629,0.019587323,0.020128616,0.020864354,0.021813263,0.022989986,0.024390203,0.026001778,0.027807136,0.029780594,0.031885811,0.034073568,0.036280188,0.038429817,0.040444982,0.042261658,0.043893962,0.045386408,0.046794099,0.048181213,0.049620244,0.051192187,0.052987858,0.055110599,0.057680605,0.057680605,0.057680605,0.057680605,0.057680605,0.057680605,0.057680605,0.057680605,0.057680605,0.057680605,0.057680605,0.057680605,0.057680605,0.057680605,0.057680605,0.057680605,0.057680605,0.057680605,0.057680605,0.057680605,0.057680605,0.057680605,0.057680605,0.057680605,0.057680605,0.057680605,0.057680605,0.057680605,0.057680605,0.057680605,0.057680605,0.057680605,0.057680605,0.057680605,0.057680605,0.057680605,0.057680605,0.057680605,0.057680605,0.057680605,0.057680605,0.057680605,0.057680605,0.057680605,0.057680605,0.057680605,0.057680605,0.057680605,0.057680605,0.057680605,0.057680605,0.057680605,0.057680605,0.057680605,0.057680605,0.057680605,0.057680605,0.057680605,0.057680605,0.057680605,0.057680605,0.057680605,0.057680605,0.057680605,0.057680605,0.057680605,0.057680605,0.057680605,0.057680605,0.057680605,0.057680605,0.057680605,0.057680605,0.057680605,0.057680605,0.057680605,0.057680605,0.057680605,0.057680605,0.057680605,0.057680605,0.057680605,0.057680605,0.057680605,0.057680605,0.057680605,0.057680605,0.057680605,0.057680605,0.057680605,0.057680605,0.057680605,0.057680605,0.057680605,0.057680605,0.057680605,0.057680605,0.057680605,0.057680605,0.057680605,0.057680605,0.057680605,0.057680605,0.057680605,0.057680605,0.057680605,0.057680605,0.057680605,0.057680605,0.057680605,0.057680605
0,1,33,0.001408632,0.001408632,0.001408632,0.001408632,0.001408632,0.001408632,0.001408632,0.001408632,0.001408632,0.001408632,0.001408632,0.001408632,0.001408632,0.001408632,0.001408632,0.001408632,0.001408632,0.001408632,0.001408632,0.001408632,0.001408632,0.001408632,0.001408632,0.001408632,0.001408632,0.001408632,0.001408632,0.001249233,0.001127098,0.001039022,0.000982894,0.000958252,0.000966973,0.001014333,0.001108531,0.001254555,0.001458409,0.001727388,0.002067736,0.002481248,0.002960701,0.003484606,0.004012745,0.004484979,0.004837667,0.005054282,0.005145548,0.005135153,0.005054112,0.004935499,0.004811025,0.004709676,0.004658212,0.004683278,0.004807951,0.005032995,0.005356424,0.005778309,0.006297701,0.006911435,0.007612210,0.008386175,0.009210554,0.010051694,0.010870898,0.011649299,0.012375153,0.013039761,0.013642235,0.014186322,0.014678869,0.015129440,0.015549932,0.015954254,0.016355591,0.016758266,0.017164432,0.017575135,0.017986078,0.018391191,0.018783910,0.019157213,0.019503675,0.019815550,0.020084901,0.020303803,0.020464445,0.020561178,0.020596408,0.020575015,0.020502345,0.020384073,0.020226080,0.020034339,0.019817738,0.019596487,0.019392830,0.019227572,0.019118736,0.019083757,0.019140658,0.019308822,0.019609982,0.020069479,0.020713710,0.021558392,0.022620169,0.023915161,0.025439283,0.027179605,0.029116792,0.031222347,0.033456006,0.035763539,0.038078124,0.040329824,0.042440224,0.044342379,0.046051183,0.047613326,0.049086534,0.050537999,0.052043573,0.053687948,0.055566036,0.057785759,0.057785759,0.057785759,0.057785759,0.057785759,0.057785759,0.057785759,0.057785759,0.057785759,0.057785759,0.057785759,0.057785759,0.057785759,0.057785759,0.057785759,0.057785759,0.057785759,0.057785759,0.057785759,0.057785759,0.057785759,0.057785759,0.057785759,0.057785759,0.057785759,0.057785759,0.057785759,0.057785759,0.057785759,0.057785759,0.057785759,0.057785759,0.057785759,0.057785759,0.057785759,0.057785759,0.057785759,0.057785759,0.057785759,0.057785759,0.057785759,0.057785759,0.057785759,0.057785759,0.057785759,0.057785759,0.057785759,0.057785759,0.057785759,0.057785759,0.057785759,0.057785759,0.057785759,0.057785759,0.057785759,0.057785759,0.057785759,0.057785759,0.057785759,0.057785759,0.057785759,0.057785759,0.057785759,0.057785759,0.057785759,0.057785759,0.057785759,0.057785759,0.057785759,0.057785759,0.057785759,0.057785759,0.057785759,0.057785759,0.057785759,0.057785759,0.057785759,0.057785759,0.057785759,0.057785759,0.057785759,0.057785759,0.057785759,0.057785759,0.057785759,0.057785759,0.057785759,0.057785759,0.057785759,0.057785759,0.057785759,0.057785759,0.057785759,0.057785759,0.057785759,0.057785759,0.057785759,0.057785759,0.057785759,0.057785759,0.057785759,0.057785759,0.057785759,0.057785759,0.057785759,0.057785759,0.057785759,0.057785759,0.057785759,0.057785759,0.057785759,0.057785759
0,1,34,0.001262113,0.001262113,0.001262113,0.001262113,0.001262113,0.001262113,0.001262113,0.001262113,0.001262113,0.001262113,0.001262113,0.001262113,0.001262113,0.001262113,0.001262113,0.001262113,0.001262113,0.001262113,0.001262113,0.001262113,0.001262113,0.001262113,0.001262113,0.001262113,0.001262113,0.001262113,0.001262113,0.001138719,0.001049737,0.000993031,0.000968134,0.000976945,0.001024793,0.001119962,0.001267489,0.001473442,0.001745189,0.002089036,0.002506797,0.002991172,0.003520451,0.004054000,0.004531067,0.004887362,0.005106190,0.005198389,0.005187820,0.005105556,0.004984967,0.004858119,0.004754305,0.004700529,0.004723619,0.004846724,0.005070422,0.005392473,0.005813059,0.006332708,0.006948978,0.007655088,0.008437839,0.009275170,0.010134089,0.010976417,0.011783785,0.012544847,0.013249809,0.013892120,0.014473366,0.014999719,0.015480266,0.015926614,0.016352545,0.016771172,0.017186570,0.017600590,0.018015316,0.018431666,0.018844962,0.019248685,0.019635836,0.019998982,0.020330325,0.020621822,0.020865385,0.021052965,0.021176704,0.021231086,0.021218985,0.021145845,0.021017581,0.020840437,0.020620837,0.020368267,0.020103846,0.019850653,0.019630661,0.019464403,0.019369772,0.019364384,0.019466890,0.019697915,0.020081236,0.020641130,0.021390668,0.022343376,0.023517459,0.024930188,0.026577275,0.028444493,0.030510211,0.032742551,0.035096759,0.037515861,0.039939158,0.042296069,0.044504588,0.046494774,0.048282334,0.049916201,0.051456812,0.052974462,0.054548449,0.056267271,0.058230037,0.058230037,0.058230037,0.058230037,0.058230037,0.058230037,0.058230037,0.058230037,0.058230037,0.058230037,0.058230037,0.058230037,0.058230037,0.058230037,0.058230037,0.058230037,0.058230037,0.058230037,0.058230037,0.058230037,0.058230037,0.058230037,0.058230037,0.058230037,0.058230037,0.058230037,0.058230037,0.058230037,0.058230037,0.058230037,0.058230037,0.058230037,0.058230037,0.058230037,0.058230037,0.058230037,0.058230037,0.058230037,0.058230037,0.058230037,0.058230037,0.058230037,0.058230037,0.058230037,0.058230037,0.058230037,0.058230037,0.058230037,0.058230037,0.058230037,0.058230037,0.058230037,0.058230037,0.058230037,0.058230037,0.058230037,0.058230037,0.058230037,0.058230037,0.058230037,0.058230037,0.058230037,0.058230037,0.058230037,0.058230037,0.058230037,0.058230037,0.058230037,0.058230037,0.058230037,0.058230037,0.058230037,0.058230037,0.058230037,0.058230037,0.058230037,0.058230037,0.058230037,0.058230037,0.058230037,0.058230037,0.058230037,0.058230037,0.058230037,0.058230037,0.058230037,0.058230037,0.058230037,0.058230037,0.058230037,0.058230037,0.058230037,0.058230037,0.058230037,0.058230037,0.058230037,0.058230037,0.058230037,0.058230037,0.058230037,0.058230037,0.058230037,0.058230037,0.058230037,0.058230037,0.058230037,0.058230037,0.058230037,0.058230037,0.058230037,0.058230037,0.058230037,0.058230037
0,1,35,0.001149570,0.001149570,0.001149570,0.001149570,0.001149570,0.001149570,0.001149570,0.001149570,0.001149570,0.001149570,0.001149570,0.001149570,0.001149570,0.001149570,0.001149570,0.001149570,0.001149570,0.001149570,0.001149570,0.001149570,0.001149570,0.001149570,0.001149570,0.001149570,0.001149570,0.001149570,0.001149570,0.001059740,0.001002494,0.000977360,0.000986255,0.001034559,0.001130634,0.001279565,0.001487477,0.001761808,0.002108923,0.002530651,0.003019621,0.003553915,0.004092515,0.004574094,0.004933755,0.005154650,0.005247719,0.005237051,0.005153943,0.005031827,0.004903030,0.004797143,0.004741410,0.004762850,0.004884695,0.005107358,0.005428369,0.005847653,0.006365864,0.006982202,0.007690719,0.008478806,0.009325092,0.010197287,0.011057825,0.011888945,0.012679827,0.013421062,0.014104914,0.014726990,0.015291284,0.015806282,0.016283192,0.016735573,0.017176404,0.017609467,0.018036286,0.018458632,0.018878517,0.019296728,0.019708200,0.020105974,0.020482632,0.020830355,0.021141035,0.021406463,0.021618401,0.021768731,0.021849639,0.021855835,0.021790747,0.021660455,0.021471517,0.021230802,0.020948420,0.020646469,0.020348990,0.020078719,0.019857256,0.019704901,0.019639583,0.019679385,0.019844015,0.020155917,0.020637534,0.021299595,0.022152878,0.023212358,0.024497492,0.026026349,0.027793971,0.029784309,0.031972876,0.034323844,0.036790167,0.039321234,0.041856075,0.044320887,0.046629985,0.048710371,0.050578594,0.052285897,0.053895498,0.055480866,0.057124832,0.058919777,0.058919777,0.058919777,0.058919777,0.058919777,0.058919777,0.058919777,0.058919777,0.058919777,0.058919777,0.058919777,0.058919777,0.058919777,0.058919777,0.058919777,0.058919777,0.058919777,0.058919777,0.058919777,0.058919777,0.058919777,0.058919777,0.058919777,0.058919777,0.058919777,0.058919777,0.058919777,0.058919777,0.058919777,0.058919777,0.058919777,0.058919777,0.058919777,0.058919777,0.058919777,0.058919777,0.058919777,0.058919777,0.058919777,0.058919777,0.058919777,0.058919777,0.058919777,0.058919777,0.058919777,0.058919777,0.058919777,0.058919777,0.058919777,0.058919777,0.058919777,0.058919777,0.058919777,0.058919777,0.058919777,0.058919777,0.058919777,0.058919777,0.058919777,0.058919777,0.058919777,0.058919777,0.058919777,0.058919777,0.058919777,0.058919777,0.058919777,0.058919777,0.058919777,0.058919777,0.058919777,0.058919777,0.058919777,0.058919777,0.058919777,0.058919777,0.058919777,0.058919777,0.058919777,0.058919777,0.058919777,0.058919777,0.058919777,0.058919777,0.058919777,0.058919777,0.058919777,0.058919777,0.058919777,0.058919777,0.058919777,0.058919777,0.058919777,0.058919777,0.058919777,0.058919777,0.058919777,0.058919777,0.058919777,0.058919777,0.058919777,0.058919777,0.058919777,0.058919777,0.058919777,0.058919777,0.058919777,0.058919777,0.058919777,0.058919777,0.058919777,0.058919777,0.058919777,0.058919777
0,1,36,0.001068804,0.001068804,0.001068804,0.001068804,0.001068804,0.001068804,0.001068804,0.001068804,0.001068804,0.001068804,0.001068804,0.001068804,0.001068804,0.001068804,0.001068804,0.001068804,0.001068804,0.001068804,0.001068804,0.001068804,0.001068804,0.001068804,0.001068804,0.001068804,0.001068804,0.001068804,0.001068804,0.001011068,0.000985720,0.000994691,0.001043407,0.001140303,0.001290506,0.001500193,0.001776865,0.002126940,0.002552261,0.003045394,0.003584233,0.004127408,0.004613074,0.004975785,0.005198552,0.005292410,0.005281651,0.005197839,0.005074622,0.004944351,0.004836824,0.004779519,0.004799638,0.004920508,0.005142398,0.005462630,0.005880891,0.006397561,0.007011980,0.007720032,0.008510054,0.009361332,0.010242290,0.011116057,0.011965573,0.012780644,0.013552375,0.014273414,0.014938107,0.015544174,0.016097908,0.016609992,0.017093653,0.017561652,0.018017423,0.018462123,0.018897179,0.019324277,0.019745357,0.020161076,0.020565990,0.020952716,0.021313443,0.021640031,0.021924192,0.022157551,0.022331778,0.022438773,0.022470868,0.022423104,0.022299549,0.022106995,0.021852709,0.021547415,0.021214236,0.020878263,0.020563129,0.020291100,0.020083423,0.019960313,0.019940018,0.020041495,0.020286069,0.020694586,0.021275693,0.022037731,0.022992838,0.024157129,0.025550980,0.027192874,0.029076683,0.031183994,0.033486897,0.035947741,0.038526093,0.041171482,0.043820159,0.046395030,0.048806672,0.050978977,0.052929369,0.054711450,0.056391278,0.058045556,0.059760710,0.059760710,0.059760710,0.059760710,0.059760710,0.059760710,0.059760710,0.059760710,0.059760710,0.059760710,0.059760710,0.059760710,0.059760710,0.059760710,0.059760710,0.059760710,0.059760710,0.059760710,0.059760710,0.059760710,0.059760710,0.059760710,0.059760710,0.059760710,0.059760710,0.059760710,0.059760710,0.059760710,0.059760710,0.059760710,0.059760710,0.059760710,0.059760710,0.059760710,0.059760710,0.059760710,0.059760710,0.059760710,0.059760710,0.059760710,0.059760710,0.059760710,0.059760710,0.059760710,0.059760710,0.059760710,0.059760710,0.059760710,0.059760710,0.059760710,0.059760710,0.059760710,0.059760710,0.059760710,0.059760710,0.059760710,0.059760710,0.059760710,0.059760710,0.059760710,0.059760710,0.059760710,0.059760710,0.059760710,0.059760710,0.059760710,0.059760710,0.059760710,0.059760710,0.059760710,0.059760710,0.059760710,0.059760710,0.059760710,0.059760710,0.059760710,0.059760710,0.059760710,0.059760710,0.059760710,0.059760710,0.059760710,0.059760710,0.059760710,0.059760710,0.059760710,0.059760710,0.059760710,0.059760710,0.059760710,0.059760710,0.059760710,0.059760710,0.059760710,0.059760710,0.059760710,0.059760710,0.059760710,0.059760710,0.059760710,0.059760710,0.059760710,0.059760710,0.059760710,0.059760710,0.059760710,0.059760710,0.059760710,0.059760710,0.059760710,0.059760710,0.059760710,0.059760710,0.059760710,0.059760710
0,1,37,0.001018532,0.001018532,0.001018532,0.001018532,0.001018532,0.001018532,0.001018532,0.001018532,0.001018532,0.001018532,0.001018532,0.001018532,0.001018532,0.001018532,0.001018532,0.001018532,0.001018532,0.001018532,0.001018532,0.001018532,0.001018532,0.001018532,0.001018532,0.001018532,0.001018532,0.001018532,0.001018532,0.000992996,0.001002033,0.001051109,0.001148718,0.001300029,0.001511261,0.001789970,0.002142622,0.002571071,0.003067828,0.003610621,0.004157779,0.004647002,0.005012367,0.005236763,0.005331306,0.005320469,0.005236045,0.005111927,0.004980638,0.004871948,0.004813480,0.004832615,0.004952772,0.005174100,0.005493735,0.005911152,0.006426473,0.007038737,0.007743989,0.008532617,0.009384982,0.010270226,0.011152234,0.012014712,0.012848181,0.013644369,0.014396430,0.015099099,0.015748777,0.016345203,0.016896857,0.017416511,0.017916605,0.018400159,0.018867907,0.019320889,0.019760431,0.020188141,0.020605889,0.021014210,0.021407299,0.021777375,0.022116301,0.022415745,0.022667241,0.022862302,0.022992597,0.023050148,0.023027539,0.022920260,0.022733100,0.022473641,0.022153173,0.021795847,0.021427859,0.021073840,0.020756867,0.020498735,0.020320469,0.020242469,0.020283695,0.020464525,0.020804431,0.021310196,0.021987990,0.022847444,0.023901739,0.025167802,0.026666572,0.028416523,0.030409840,0.032625186,0.035033288,0.037603350,0.040295488,0.043056931,0.045821108,0.048507590,0.051023168,0.053288600,0.055322203,0.057179985,0.058930880,0.060654871,0.060654871,0.060654871,0.060654871,0.060654871,0.060654871,0.060654871,0.060654871,0.060654871,0.060654871,0.060654871,0.060654871,0.060654871,0.060654871,0.060654871,0.060654871,0.060654871,0.060654871,0.060654871,0.060654871,0.060654871,0.060654871,0.060654871,0.060654871,0.060654871,0.060654871,0.060654871,0.060654871,0.060654871,0.060654871,0.060654871,0.060654871,0.060654871,0.060654871,0.060654871,0.060654871,0.060654871,0.060654871,0.060654871,0.060654871,0.060654871,0.060654871,0.060654871,0.060654871,0.060654871,0.060654871,0.060654871,0.060654871,0.060654871,0.060654871,0.060654871,0.060654871,0.060654871,0.060654871,0.060654871,0.060654871,0.060654871,0.060654871,0.060654871,0.060654871,0.060654871,0.060654871,0.060654871,0.060654871,0.060654871,0.060654871,0.060654871,0.060654871,0.060654871,0.060654871,0.060654871,0.060654871,0.060654871,0.060654871,0.060654871,0.060654871,0.060654871,0.060654871,0.060654871,0.060654871,0.060654871,0.060654871,0.060654871,0.060654871,0.060654871,0.060654871,0.060654871,0.060654871,0.060654871,0.060654871,0.060654871,0.060654871,0.060654871,0.060654871,0.060654871,0.060654871,0.060654871,0.060654871,0.060654871,0.060654871,0.060654871,0.060654871,0.060654871,0.060654871,0.060654871,0.060654871,0.060654871,0.060654871,0.060654871,0.060654871,0.060654871,0.060654871,0.060654871,0.060654871,0.060654871,0.060654871
0,1,38,0.000998971,0.000998971,0.000998971,0.000998971,0.000998971,0.000998971,0.000998971,0.000998971,0.000998971,0.000998971,0.000998971,0.000998971,0.000998971,0.000998971,0.000998971,0.000998971,0.000998971,0.000998971,0.000998971,0.000998971,0.000998971,0.000998971,0.000998971,0.000998971,0.000998971,0.000998971,0.000998971,0.001008062,0.001057433,0.001155629,0.001307848,0.001520349,0.001800731,0.002155499,0.002586516,0.003086247,0.003632288,0.004182715,0.004674858,0.005042403,0.005268136,0.005363243,0.005352341,0.005267414,0.005142556,0.005010485,0.004901083,0.004841891,0.004860383,0.004980066,0.005200991,0.005520135,0.005936781,0.006450819,0.007061005,0.007763057,0.008547565,0.009397200,0.010282328,0.011167627,0.012037626,0.012883626,0.013698060,0.014474696,0.015208782,0.015897119,0.016538084,0.017133343,0.017693452,0.018230413,0.018746755,0.019242726,0.019718917,0.020176251,0.020615963,0.021039584,0.021448929,0.021844428,0.022219938,0.022567350,0.022878329,0.023144355,0.023356837,0.023507269,0.023587420,0.023589544,0.023506602,0.023334641,0.023079266,0.022752248,0.022378719,0.021985995,0.021599772,0.021244049,0.020941323,0.020713033,0.020580236,0.020563898,0.020684220,0.020959483,0.021394804,0.021994410,0.022765705,0.023719289,0.024869068,0.026232426,0.027830475,0.029681228,0.031774650,0.034088476,0.036600499,0.039280853,0.042087836,0.044966353,0.047846982,0.050645936,0.053266200,0.055625385,0.057742726,0.059676657,0.061499015,0.061499015,0.061499015,0.061499015,0.061499015,0.061499015,0.061499015,0.061499015,0.061499015,0.061499015,0.061499015,0.061499015,0.061499015,0.061499015,0.061499015,0.061499015,0.061499015,0.061499015,0.061499015,0.061499015,0.061499015,0.061499015,0.061499015,0.061499015,0.061499015,0.061499015,0.061499015,0.061499015,0.061499015,0.061499015,0.061499015,0.061499015,0.061499015,0.061499015,0.061499015,0.061499015,0.061499015,0.061499015,0.061499015,0.061499015,0.061499015,0.061499015,0.061499015,0.061499015,0.061499015,0.061499015,0.061499015,0.061499015,0.061499015,0.061499015,0.061499015,0.061499015,0.061499015,0.061499015,0.061499015,0.061499015,0.061499015,0.061499015,0.061499015,0.061499015,0.061499015,0.061499015,0.061499015,0.061499015,0.061499015,0.061499015,0.061499015,0.061499015,0.061499015,0.061499015,0.061499015,0.061499015,0.061499015,0.061499015,0.061499015,0.061499015,0.061499015,0.061499015,0.061499015,0.061499015,0.061499015,0.061499015,0.061499015,0.061499015,0.061499015,0.061499015,0.061499015,0.061499015,0.061499015,0.061499015,0.061499015,0.061499015,0.061499015,0.061499015,0.061499015,0.061499015,0.061499015,0.061499015,0.061499015,0.061499015,0.061499015,0.061499015,0.061499015,0.061499015,0.061499015,0.061499015,0.061499015,0.061499015,0.061499015,0.061499015,0.061499015,0.061499015,0.061499015,0.061499015,0.061499015,0.061499015,0.061499015
0,1,39,0.001012557,0.001012557,0.001012557,0.001012557,0.001012557,0.001012557,0.001012557,0.001012557,0.001012557,0.001012557,0.001012557,0.001012557,0.001012557,0.001012557,0.001012557,0.001012557,0.001012557,0.001012557,0.001012557,0.001012557,0.001012557,0.001012557,0.001012557,0.001012557,0.001012557,0.001012557,0.001012557,0.001062148,0.001160781,0.001313678,0.001527125,0.001808754,0.002165099,0.002598031,0.003099980,0.003648441,0.004201307,0.004695627,0.005064796,0.005291526,0.005387053,0.005376103,0.005290801,0.005165392,0.005032737,0.004922851,0.004863335,0.004881529,0.005000953,0.005221584,0.005540263,0.005956107,0.006468796,0.007076830,0.007775623,0.008555428,0.009399196,0.010279910,0.011163640,0.012035770,0.012888429,0.013714821,0.014509412,0.015268059,0.015988084,0.016668295,0.017308959,0.017913576,0.018491879,0.019045821,0.019575086,0.020079754,0.020560275,0.021017462,0.021452470,0.021866773,0.022262146,0.022638933,0.022990724,0.023309212,0.023585866,0.023812033,0.023979086,0.024078604,0.024102569,0.024043588,0.023895122,0.023653899,0.023329835,0.022948947,0.022539638,0.022128696,0.021741122,0.021400233,0.021128047,0.020945880,0.020875188,0.020938019,0.021152239,0.021521473,0.022048206,0.022737857,0.023598743,0.024642115,0.025882258,0.027336642,0.029026132,0.030967805,0.033151352,0.035561747,0.038178047,0.040969015,0.043891122,0.046886935,0.049884174,0.052795692,0.055520672,0.057973594,0.060174623,0.062184628,0.062184628,0.062184628,0.062184628,0.062184628,0.062184628,0.062184628,0.062184628,0.062184628,0.062184628,0.062184628,0.062184628,0.062184628,0.062184628,0.062184628,0.062184628,0.062184628,0.062184628,0.062184628,0.062184628,0.062184628,0.062184628,0.062184628,0.062184628,0.062184628,0.062184628,0.062184628,0.062184628,0.062184628,0.062184628,0.062184628,0.062184628,0.062184628,0.062184628,0.062184628,0.062184628,0.062184628,0.062184628,0.062184628,0.062184628,0.062184628,0.062184628,0.062184628,0.062184628,0.062184628,0.062184628,0.062184628,0.062184628,0.062184628,0.062184628,0.062184628,0.062184628,0.062184628,0.062184628,0.062184628,0.062184628,0.062184628,0.062184628,0.062184628,0.062184628,0.062184628,0.062184628,0.062184628,0.062184628,0.062184628,0.062184628,0.062184628,0.062184628,0.062184628,0.062184628,0.062184628,0.062184628,0.062184628,0.062184628,0.062184628,0.062184628,0.062184628,0.062184628,0.062184628,0.062184628,0.062184628,0.062184628,0.062184628,0.062184628,0.062184628,0.062184628,0.062184628,0.062184628,0.062184628,0.062184628,0.062184628,0.062184628,0.062184628,0.062184628,0.062184628,0.062184628,0.062184628,0.062184628,0.062184628,0.062184628,0.062184628,0.062184628,0.062184628,0.062184628,0.062184628,0.062184628,0.062184628,0.062184628,0.062184628,0.062184628,0.062184628,0.062184628,0.062184628,0.062184628,0.062184628,0.062184628,0.062184628,0.062184628
0,1,40,0.001065026,0.001065026,0.001065026,0.001065026,0.001065026,0.001065026,0.001065026,0.001065026,0.001065026,0.001065026,0.001065026,0.001065026,0.001065026,0.001065026,0.001065026,0.001065026,0.001065026,0.001065026,0.001065026,0.001065026,0.001065026,0.001065026,0.001065026,0.001065026,0.001065026,0.001065026,0.001065026,0.001163926,0.001317237,0.001531261,0.001813652,0.002170959,0.002605060,0.003108362,0.003658301,0.004212654,0.004708304,0.005078464,0.005305803,0.005401586,0.005390607,0.005305076,0.005179330,0.005046319,0.004936138,0.004876462,0.004894642,0.005013996,0.005234385,0.005552548,0.005967456,0.006478603,0.007084256,0.007779557,0.008554454,0.009391588,0.010264351,0.011141776,0.012010753,0.012864267,0.013696338,0.014502192,0.015278374,0.016022816,0.016734862,0.017415247,0.018066063,0.018689719,0.019285722,0.019853117,0.020391386,0.020900441,0.021380607,0.021832602,0.022257518,0.022656794,0.023032190,0.023384024,0.023705749,0.023988860,0.024224684,0.024404527,0.024519830,0.024562370,0.024524462,0.024399192,0.024180651,0.023869865,0.023491347,0.023074503,0.022647196,0.022235462,0.021863532,0.021554130,0.021329004,0.021209706,0.021218581,0.021375125,0.021682240,0.022140847,0.022754595,0.023529776,0.024475301,0.025602736,0.026926386,0.028463415,0.030233999,0.032256204,0.034527359,0.037033970,0.039754117,0.042655192,0.045691835,0.048804283,0.051917412,0.054940739,0.057769681,0.060315619,0.062599657,0.062599657,0.062599657,0.062599657,0.062599657,0.062599657,0.062599657,0.062599657,0.062599657,0.062599657,0.062599657,0.062599657,0.062599657,0.062599657,0.062599657,0.062599657,0.062599657,0.062599657,0.062599657,0.062599657,0.062599657,0.062599657,0.062599657,0.062599657,0.062599657,0.062599657,0.062599657,0.062599657,0.062599657,0.062599657,0.062599657,0.062599657,0.062599657,0.062599657,0.062599657,0.062599657,0.062599657,0.062599657,0.062599657,0.062599657,0.062599657,0.062599657,0.062599657,0.062599657,0.062599657,0.062599657,0.062599657,0.062599657,0.062599657,0.062599657,0.062599657,0.062599657,0.062599657,0.062599657,0.062599657,0.062599657,0.062599657,0.062599657,0.062599657,0.062599657,0.062599657,0.062599657,0.062599657,0.062599657,0.062599657,0.062599657,0.062599657,0.062599657,0.062599657,0.062599657,0.062599657,0.062599657,0.062599657,0.062599657,0.062599657,0.062599657,0.062599657,0.062599657,0.062599657,0.062599657,0.062599657,0.062599657,0.062599657,0.062599657,0.062599657,0.062599657,0.062599657,0.062599657,0.062599657,0.062599657,0.062599657,0.062599657,0.062599657,0.062599657,0.062599657,0.062599657,0.062599657,0.062599657,0.062599657,0.062599657,0.062599657,0.062599657,0.062599657,0.062599657,0.062599657,0.062599657,0.062599657,0.062599657,0.062599657,0.062599657,0.062599657,0.062599657,0.062599657,0.062599657,0.062599657,0.062599657,0.062599657,0.062599657,0.062599657
0,1,41,0.001164948,0.001164948,0.001164948,0.001164948,0.001164948,0.001164948,0.001164948,0.001164948,0.001164948,0.001164948,0.001164948,0.001164948,0.001164948,0.001164948,0.001164948,0.001164948,0.001164948,0.001164948,0.001164948,0.001164948,0.001164948,0.001164948,0.001164948,0.001164948,0.001164948,0.001164948,0.001164948,0.001318394,0.001532605,0.001815244,0.002172864,0.002607345,0.003111087,0.003661506,0.004216343,0.004712424,0.005082907,0.005310444,0.005406311,0.005395322,0.005309716,0.005183861,0.005050734,0.004940457,0.004880729,0.004898925,0.005018317,0.005238489,0.005556038,0.005969815,0.006479151,0.007082110,0.007773588,0.008543266,0.009373514,0.010237492,0.011104815,0.011965598,0.012814382,0.013646032,0.014456571,0.015243286,0.016004791,0.016741042,0.017453338,0.018144288,0.018814876,0.019456945,0.020066965,0.020643739,0.021186556,0.021695174,0.022169810,0.022611112,0.023020135,0.023398313,0.023747450,0.024067961,0.024353156,0.024594383,0.024782922,0.024910136,0.024967650,0.024947556,0.024842630,0.024646566,0.024357784,0.023992138,0.023577637,0.023143149,0.022715747,0.022320626,0.021981314,0.021720135,0.021558917,0.021519917,0.021622671,0.021871406,0.022266264,0.022809315,0.023505048,0.024360309,0.025384279,0.026588497,0.027986916,0.029595982,0.031437096,0.033536988,0.035894978,0.038496916,0.041319906,0.044329970,0.047479928,0.050707706,0.053935366,0.057069131,0.060000708,0.062638433,0.062638433,0.062638433,0.062638433,0.062638433,0.062638433,0.062638433,0.062638433,0.062638433,0.062638433,0.062638433,0.062638433,0.062638433,0.062638433,0.062638433,0.062638433,0.062638433,0.062638433,0.062638433,0.062638433,0.062638433,0.062638433,0.062638433,0.062638433,0.062638433,0.062638433,0.062638433,0.062638433,0.062638433,0.062638433,0.062638433,0.062638433,0.062638433,0.062638433,0.062638433,0.062638433,0.062638433,0.062638433,0.062638433,0.062638433,0.062638433,0.062638433,0.062638433,0.062638433,0.062638433,0.062638433,0.062638433,0.062638433,0.062638433,0.062638433,0.062638433,0.062638433,0.062638433,0.062638433,0.062638433,0.062638433,0.062638433,0.062638433,0.062638433,0.062638433,0.062638433,0.062638433,0.062638433,0.062638433,0.062638433,0.062638433,0.062638433,0.062638433,0.062638433,0.062638433,0.062638433,0.062638433,0.062638433,0.062638433,0.062638433,0.062638433,0.062638433,0.062638433,0.062638433,0.062638433,0.062638433,0.062638433,0.062638433,0.062638433,0.062638433,0.062638433,0.062638433,0.062638433,0.062638433,0.062638433,0.062638433,0.062638433,0.062638433,0.062638433,0.062638433,0.062638433,0.062638433,0.062638433,0.062638433,0.062638433,0.062638433,0.062638433,0.062638433,0.062638433,0.062638433,0.062638433,0.062638433,0.062638433,0.062638433,0.062638433,0.062638433,0.062638433,0.062638433,0.062638433,0.062638433,0.062638433,0.062638433,0.062638433,0.062638433,0.062638433
0,1,42,0.001317604,0.001317604,0.001317604,0.001317604,0.001317604,0.001317604,0.001317604,0.001317604,0.001317604,0.001317604,0.001317604,0.001317604,0.001317604,0.001317604,0.001317604,0.001317604,0.001317604,0.001317604,0.001317604,0.001317604,0.001317604,0.001317604,0.001317604,0.001317604,0.001317604,0.001317604,0.001317604,0.001531687,0.001814157,0.002171563,0.002605785,0.003109227,0.003659318,0.004213825,0.004709611,0.005079874,0.005307275,0.005403085,0.005392103,0.005306548,0.005180767,0.005047720,0.004937509,0.004877816,0.004896001,0.005015323,0.005235296,0.005552221,0.005964789,0.006472194,0.007072316,0.007759839,0.008524208,0.009347559,0.010202860,0.011059594,0.011908523,0.012747619,0.013573341,0.014382532,0.015173254,0.015944840,0.016697921,0.017434426,0.018157558,0.018868882,0.019558758,0.020215667,0.020835729,0.021417516,0.021960137,0.022463223,0.022926908,0.023351801,0.023738957,0.024089869,0.024406512,0.024689372,0.024931662,0.025124671,0.025259728,0.025328362,0.025322498,0.025234667,0.025058229,0.024791245,0.024447197,0.024045491,0.023613622,0.023179657,0.022769778,0.022408393,0.022118524,0.021922436,0.021842501,0.021897918,0.022092595,0.022427960,0.022905307,0.023527528,0.024299642,0.025228732,0.026323924,0.027596382,0.029059334,0.030730415,0.032639726,0.034817062,0.037261584,0.039958478,0.042883865,0.046002393,0.049265063,0.052607495,0.055948953,0.059192393,0.062225841,0.062225841,0.062225841,0.062225841,0.062225841,0.062225841,0.062225841,0.062225841,0.062225841,0.062225841,0.062225841,0.062225841,0.062225841,0.062225841,0.062225841,0.062225841,0.062225841,0.062225841,0.062225841,0.062225841,0.062225841,0.062225841,0.062225841,0.062225841,0.062225841,0.062225841,0.062225841,0.062225841,0.062225841,0.062225841,0.062225841,0.062225841,0.062225841,0.062225841,0.062225841,0.062225841,0.062225841,0.062225841,0.062225841,0.062225841,0.062225841,0.062225841,0.062225841,0.062225841,0.062225841,0.062225841,0.062225841,0.062225841,0.062225841,0.062225841,0.062225841,0.062225841,0.062225841,0.062225841,0.062225841,0.062225841,0.062225841,0.062225841,0.062225841,0.062225841,0.062225841,0.062225841,0.062225841,0.062225841,0.062225841,0.062225841,0.062225841,0.062225841,0.062225841,0.062225841,0.062225841,0.062225841,0.062225841,0.062225841,0.062225841,0.062225841,0.062225841,0.062225841,0.062225841,0.062225841,0.062225841,0.062225841,0.062225841,0.062225841,0.062225841,0.062225841,0.062225841,0.062225841,0.062225841,0.062225841,0.062225841,0.062225841,0.062225841,0.062225841,0.062225841,0.062225841,0.062225841,0.062225841,0.062225841,0.062225841,0.062225841,0.062225841,0.062225841,0.062225841,0.062225841,0.062225841,0.062225841,0.062225841,0.062225841,0.062225841,0.062225841,0.062225841,0.062225841,0.062225841,0.062225841,0.062225841,0.062225841,0.062225841,0.062225841,0.062225841,0.062225841
0,1,43,0.001529213,0.001529213,0.001529213,0.001529213,0.001529213,0.001529213,0.001529213,0.001529213,0.001529213,0.001529213,0.001529213,0.001529213,0.001529213,0.001529213,0.001529213,0.001529213,0.001529213,0.001529213,0.001529213,0.001529213,0.001529213,0.001529213,0.001529213,0.001529213,0.001529213,0.001529213,0.001529213,0.001811227,0.002168058,0.002601580,0.003104213,0.003653420,0.004207036,0.004702028,0.005071697,0.005298735,0.005394392,0.005383427,0.005298009,0.005172429,0.005039595,0.004929560,0.004869964,0.004888119,0.005007250,0.005226871,0.005543217,0.005954658,0.006460204,0.007057581,0.007741284,0.008500549,0.009317312,0.010164374,0.011011109,0.011848131,0.012674103,0.013489110,0.014291612,0.015080457,0.015855726,0.016618755,0.017372146,0.018119757,0.018863802,0.019595268,0.020301089,0.020969074,0.021595000,0.022177228,0.022714715,0.023206991,0.023654145,0.024056786,0.024416043,0.024733598,0.025011576,0.025250563,0.025443750,0.025582464,0.025658180,0.025662708,0.025588389,0.025428312,0.025180234,0.024857495,0.024477191,0.024058233,0.023627332,0.023211647,0.022836517,0.022525758,0.022302219,0.022188572,0.022203903,0.022351407,0.022632094,0.023048576,0.023602972,0.024298690,0.025140969,0.026136822,0.027294991,0.028625926,0.030144028,0.031875438,0.033853406,0.036108682,0.038640259,0.041432643,0.044460956,0.047688457,0.051064308,0.054521811,0.057977419,0.061330813,0.061330813,0.061330813,0.061330813,0.061330813,0.061330813,0.061330813,0.061330813,0.061330813,0.061330813,0.061330813,0.061330813,0.061330813,0.061330813,0.061330813,0.061330813,0.061330813,0.061330813,0.061330813,0.061330813,0.061330813,0.061330813,0.061330813,0.061330813,0.061330813,0.061330813,0.061330813,0.061330813,0.061330813,0.061330813,0.061330813,0.061330813,0.061330813,0.061330813,0.061330813,0.061330813,0.061330813,0.061330813,0.061330813,0.061330813,0.061330813,0.061330813,0.061330813,0.061330813,0.061330813,0.061330813,0.061330813,0.061330813,0.061330813,0.061330813,0.061330813,0.061330813,0.061330813,0.061330813,0.061330813,0.061330813,0.061330813,0.061330813,0.061330813,0.061330813,0.061330813,0.061330813,0.061330813,0.061330813,0.061330813,0.061330813,0.061330813,0.061330813,0.061330813,0.061330813,0.061330813,0.061330813,0.061330813,0.061330813,0.061330813,0.061330813,0.061330813,0.061330813,0.061330813,0.061330813,0.061330813,0.061330813,0.061330813,0.061330813,0.061330813,0.061330813,0.061330813,0.061330813,0.061330813,0.061330813,0.061330813,0.061330813,0.061330813,0.061330813,0.061330813,0.061330813,0.061330813,0.061330813,0.061330813,0.061330813,0.061330813,0.061330813,0.061330813,0.061330813,0.061330813,0.061330813,0.061330813,0.061330813,0.061330813,0.061330813,0.061330813,0.061330813,0.061330813,0.061330813,0.061330813,0.061330813,0.061330813,0.061330813,0.061330813,0.061330813,0.061330813,0.061330813
0,1,44,0.001807293,0.001807293,0.001807293,0.001807293,0.001807293,0.001807293,0.001807293,0.001807293,0.001807293,0.001807293,0.001807293,0.001807293,0.001807293,0.001807293,0.001807293,0.001807293,0.001807293,0.001807293,0.001807293,0.001807293,0.001807293,0.001807293,0.001807293,0.001807293,0.001807293,0.001807293,0.001807293,0.002163351,0.002595934,0.003097479,0.003645499,0.004197920,0.004691844,0.005060717,0.005287266,0.005382717,0.005371776,0.005286542,0.005161233,0.005028684,0.004918887,0.004859418,0.004877534,0.004996408,0.005215557,0.005531222,0.005941701,0.006445654,0.007040604,0.007720880,0.008475536,0.009286326,0.010125904,0.010963542,0.011789713,0.012602917,0.013403978,0.014195160,0.014976939,0.015750150,0.016516851,0.017280340,0.018045162,0.018814232,0.019579258,0.020327816,0.021046085,0.021721209,0.022348641,0.022926559,0.023453797,0.023929828,0.024354737,0.024729216,0.025054600,0.025332748,0.025565962,0.025754992,0.025893092,0.025971719,0.025982607,0.025917953,0.025770632,0.025538151,0.025233737,0.024874410,0.024476798,0.024059060,0.023647010,0.023266938,0.022943531,0.022700346,0.022560523,0.022543242,0.022651198,0.022884570,0.023245523,0.023737535,0.024363248,0.025126282,0.026031800,0.027086437,0.028298236,0.029678827,0.031250972,0.033043795,0.035091635,0.037426205,0.040046316,0.042935773,0.046068669,0.049406843,0.052897581,0.056471826,0.060043178,0.060043178,0.060043178,0.060043178,0.060043178,0.060043178,0.060043178,0.060043178,0.060043178,0.060043178,0.060043178,0.060043178,0.060043178,0.060043178,0.060043178,0.060043178,0.060043178,0.060043178,0.060043178,0.060043178,0.060043178,0.060043178,0.060043178,0.060043178,0.060043178,0.060043178,0.060043178,0.060043178,0.060043178,0.060043178,0.060043178,0.060043178,0.060043178,0.060043178,0.060043178,0.060043178,0.060043178,0.060043178,0.060043178,0.060043178,0.060043178,0.060043178,0.060043178,0.060043178,0.060043178,0.060043178,0.060043178,0.060043178,0.060043178,0.060043178,0.060043178,0.060043178,0.060043178,0.060043178,0.060043178,0.060043178,0.060043178,0.060043178,0.060043178,0.060043178,0.060043178,0.060043178,0.060043178,0.060043178,0.060043178,0.060043178,0.060043178,0.060043178,0.060043178,0.060043178,0.060043178,0.060043178,0.060043178,0.060043178,0.060043178,0.060043178,0.060043178,0.060043178,0.060043178,0.060043178,0.060043178,0.060043178,0.060043178,0.060043178,0.060043178,0.060043178,0.060043178,0.060043178,0.060043178,0.060043178,0.060043178,0.060043178,0.060043178,0.060043178,0.060043178,0.060043178,0.060043178,0.060043178,0.060043178,0.060043178,0.060043178,0.060043178,0.060043178,0.060043178,0.060043178,0.060043178,0.060043178,0.060043178,0.060043178,0.060043178,0.060043178,0.060043178,0.060043178,0.060043178,0.060043178,0.060043178,0.060043178,0.060043178,0.060043178,0.060043178,0.060043178,0.060043178,0.060043178
0,1,45,0.002158439,0.002158439,0.002158439,0.002158439,0.002158439,0.002158439,0.002158439,0.002158439,0.002158439,0.002158439,0.002158439,0.002158439,0.002158439,0.002158439,0.002158439,0.002158439,0.002158439,0.002158439,0.002158439,0.002158439,0.002158439,0.002158439,0.002158439,0.002158439,0.002158439,0.002158439,0.002158439,0.002590043,0.003090453,0.003637235,0.004188410,0.004681220,0.005049261,0.005275300,0.005370536,0.005359619,0.005274577,0.005149550,0.005017300,0.004907750,0.004848416,0.004866491,0.004985097,0.005203752,0.005518707,0.005928263,0.006431000,0.007024062,0.007701559,0.008452380,0.009258111,0.010091263,0.010921007,0.011737669,0.012539593,0.013327440,0.014104252,0.014874475,0.015640578,0.016405342,0.017172772,0.017948112,0.018735004,0.019525941,0.020309241,0.021071721,0.021798801,0.022476970,0.023101383,0.023670070,0.024181784,0.024635991,0.025032855,0.025373291,0.025658835,0.025891556,0.026073998,0.026207145,0.026284402,0.026297457,0.026238407,0.026099953,0.025879403,0.025589914,0.025248455,0.024871600,0.024475266,0.024076752,0.023701012,0.023373651,0.023119035,0.022960922,0.022918772,0.022994978,0.023189090,0.023502395,0.023937902,0.024499660,0.025190541,0.026014088,0.026975096,0.028079524,0.029336617,0.030766264,0.032394089,0.034250173,0.036369965,0.038786161,0.041497374,0.044486677,0.047727095,0.051178992,0.054787721,0.058481795,0.058481795,0.058481795,0.058481795,0.058481795,0.058481795,0.058481795,0.058481795,0.058481795,0.058481795,0.058481795,0.058481795,0.058481795,0.058481795,0.058481795,0.058481795,0.058481795,0.058481795,0.058481795,0.058481795,0.058481795,0.058481795,0.058481795,0.058481795,0.058481795,0.058481795,0.058481795,0.058481795,0.058481795,0.058481795,0.058481795,0.058481795,0.058481795,0.058481795,0.058481795,0.058481795,0.058481795,0.058481795,0.058481795,0.058481795,0.058481795,0.058481795,0.058481795,0.058481795,0.058481795,0.058481795,0.058481795,0.058481795,0.058481795,0.058481795,0.058481795,0.058481795,0.058481795,0.058481795,0.058481795,0.058481795,0.058481795,0.058481795,0.058481795,0.058481795,0.058481795,0.058481795,0.058481795,0.058481795,0.058481795,0.058481795,0.058481795,0.058481795,0.058481795,0.058481795,0.058481795,0.058481795,0.058481795,0.058481795,0.058481795,0.058481795,0.058481795,0.058481795,0.058481795,0.058481795,0.058481795,0.058481795,0.058481795,0.058481795,0.058481795,0.058481795,0.058481795,0.058481795,0.058481795,0.058481795,0.058481795,0.058481795,0.058481795,0.058481795,0.058481795,0.058481795,0.058481795,0.058481795,0.058481795,0.058481795,0.058481795,0.058481795,0.058481795,0.058481795,0.058481795,0.058481795,0.058481795,0.058481795,0.058481795,0.058481795,0.058481795,0.058481795,0.058481795,0.058481795,0.058481795,0.058481795,0.058481795,0.058481795,0.058481795,0.058481795,0.058481795,0.058481795,0.058481795,0.058481795
0,1,46,0.002585095,0.002585095,0.002585095,0.002585095,0.002585095,0.002585095,0.002585095,0.002585095,0.002585095,0.002585095,0.002585095,0.002585095,0.002585095,0.002585095,0.002585095,0.002585095,0.002585095,0.002585095,0.002585095,0.002585095,0.002585095,0.002585095,0.002585095,0.002585095,0.002585095,0.002585095,0.002585095,0.003084552,0.003630293,0.004180420,0.004672295,0.005039638,0.005265248,0.005360304,0.005349408,0.005264527,0.005139737,0.005007738,0.004898395,0.004839174,0.004857215,0.004975596,0.005193836,0.005508194,0.005916974,0.006418761,0.007010611,0.007686225,0.008434258,0.009236134,0.010064217,0.010887557,0.011696331,0.012488725,0.013265241,0.014028757,0.014784531,0.015539156,0.016297064,0.017062955,0.017842777,0.018640906,0.019450649,0.020261131,0.021059910,0.021833029,0.022565147,0.023242112,0.023858817,0.024413185,0.024903943,0.025330632,0.025693651,0.025994131,0.026233848,0.026415154,0.026540909,0.026612405,0.026623292,0.026565591,0.026431870,0.026219278,0.025940946,0.025613828,0.025254474,0.024878785,0.024501869,0.024140200,0.023818046,0.023560655,0.023392535,0.023333590,0.023386084,0.023549123,0.023823317,0.024210748,0.024714983,0.025340365,0.026089713,0.026966214,0.027974016,0.029120308,0.030422538,0.031903365,0.033589268,0.035511319,0.037706118,0.040207376,0.043013489,0.046106753,0.049459069,0.053029257,0.056760647,0.056760647,0.056760647,0.056760647,0.056760647,0.056760647,0.056760647,0.056760647,0.056760647,0.056760647,0.056760647,0.056760647,0.056760647,0.056760647,0.056760647,0.056760647,0.056760647,0.056760647,0.056760647,0.056760647,0.056760647,0.056760647,0.056760647,0.056760647,0.056760647,0.056760647,0.056760647,0.056760647,0.056760647,0.056760647,0.056760647,0.056760647,0.056760647,0.056760647,0.056760647,0.056760647,0.056760647,0.056760647,0.056760647,0.056760647,0.056760647,0.056760647,0.056760647,0.056760647,0.056760647,0.056760647,0.056760647,0.056760647,0.056760647,0.056760647,0.056760647,0.056760647,0.056760647,0.056760647,0.056760647,0.056760647,0.056760647,0.056760647,0.056760647,0.056760647,0.056760647,0.056760647,0.056760647,0.056760647,0.056760647,0.056760647,0.056760647,0.056760647,0.056760647,0.056760647,0.056760647,0.056760647,0.056760647,0.056760647,0.056760647,0.056760647,0.056760647,0.056760647,0.056760647,0.056760647,0.056760647,0.056760647,0.056760647,0.056760647,0.056760647,0.056760647,0.056760647,0.056760647,0.056760647,0.056760647,0.056760647,0.056760647,0.056760647,0.056760647,0.056760647,0.056760647,0.056760647,0.056760647,0.056760647,0.056760647,0.056760647,0.056760647,0.056760647,0.056760647,0.056760647,0.056760647,0.056760647,0.056760647,0.056760647,0.056760647,0.056760647,0.056760647,0.056760647,0.056760647,0.056760647,0.056760647,0.056760647,0.056760647,0.056760647,0.056760647,0.056760647,0.056760647,0.056760647,0.056760647,0.056760647
0,1,47,0.003081180,0.003081180,0.003081180,0.003081180,0.003081180,0.003081180,0.003081180,0.003081180,0.003081180,0.003081180,0.003081180,0.003081180,0.003081180,0.003081180,0.003081180,0.003081180,0.003081180,0.003081180,0.003081180,0.003081180,0.003081180,0.003081180,0.003081180,0.003081180,0.003081180,0.003081180,0.003081180,0.003626327,0.004175855,0.004667195,0.005034140,0.005259505,0.005354458,0.005343574,0.005258785,0.005134130,0.005002274,0.004893051,0.004833893,0.004851914,0.004970167,0.005188170,0.005502187,0.005910525,0.006411768,0.007002978,0.007677763,0.008424327,0.009223840,0.010048502,0.010867213,0.011669991,0.012454860,0.013222167,0.013974630,0.014717338,0.015457734,0.016204527,0.016964084,0.017743043,0.018546507,0.019368601,0.020199290,0.021026938,0.021838316,0.022618676,0.023351919,0.024023271,0.024627404,0.025162188,0.025626415,0.026019859,0.026343148,0.026597681,0.026785552,0.026909476,0.026972707,0.026976930,0.026916132,0.026782771,0.026573879,0.026302605,0.025985931,0.025640416,0.025281972,0.024925743,0.024586072,0.024278772,0.024027745,0.023858347,0.023791080,0.023828225,0.023968604,0.024212324,0.024560743,0.025016459,0.025583322,0.026265710,0.027066121,0.027987120,0.029034121,0.030222502,0.031572418,0.033107305,0.034854539,0.036846231,0.039120188,0.041711183,0.044617369,0.047820211,0.051290410,0.054985146,0.054985146,0.054985146,0.054985146,0.054985146,0.054985146,0.054985146,0.054985146,0.054985146,0.054985146,0.054985146,0.054985146,0.054985146,0.054985146,0.054985146,0.054985146,0.054985146,0.054985146,0.054985146,0.054985146,0.054985146,0.054985146,0.054985146,0.054985146,0.054985146,0.054985146,0.054985146,0.054985146,0.054985146,0.054985146,0.054985146,0.054985146,0.054985146,0.054985146,0.054985146,0.054985146,0.054985146,0.054985146,0.054985146,0.054985146,0.054985146,0.054985146,0.054985146,0.054985146,0.054985146,0.054985146,0.054985146,0.054985146,0.054985146,0.054985146,0.054985146,0.054985146,0.054985146,0.054985146,0.054985146,0.054985146,0.054985146,0.054985146,0.054985146,0.054985146,0.054985146,0.054985146,0.054985146,0.054985146,0.054985146,0.054985146,0.054985146,0.054985146,0.054985146,0.054985146,0.054985146,0.054985146,0.054985146,0.054985146,0.054985146,0.054985146,0.054985146,0.054985146,0.054985146,0.054985146,0.054985146,0.054985146,0.054985146,0.054985146,0.054985146,0.054985146,0.054985146,0.054985146,0.054985146,0.054985146,0.054985146,0.054985146,0.054985146,0.054985146,0.054985146,0.054985146,0.054985146,0.054985146,0.054985146,0.054985146,0.054985146,0.054985146,0.054985146,0.054985146,0.054985146,0.054985146,0.054985146,0.054985146,0.054985146,0.054985146,0.054985146,0.054985146,0.054985146,0.054985146,0.054985146,0.054985146,0.054985146,0.054985146,0.054985146,0.054985146,0.054985146,0.054985146,0.054985146,0.054985146,0.054985146,0.054985146
0,1,48,0.003626988,0.003626988,0.003626988,0.003626988,0.003626988,0.003626988,0.003626988,0.003626988,0.003626988,0.003626988,0.003626988,0.003626988,0.003626988,0.003626988,0.003626988,0.003626988,0.003626988,0.003626988,0.003626988,0.003626988,0.003626988,0.003626988,0.003626988,0.003626988,0.003626988,0.003626988,0.003626988,0.004176616,0.004668045,0.005035056,0.005260463,0.005355432,0.005344546,0.005259742,0.005135065,0.005003185,0.004893942,0.004834773,0.004852798,0.004971072,0.005189115,0.005503188,0.005911600,0.006412933,0.007004251,0.007679157,0.008425747,0.009224680,0.010047863,0.010864005,0.011662949,0.012442552,0.013203007,0.013946877,0.014679096,0.015406936,0.016139990,0.016889066,0.017662498,0.018466100,0.019294796,0.020139393,0.020989096,0.021831471,0.022652471,0.023436549,0.024166846,0.024827994,0.025414495,0.025924258,0.026356301,0.026710634,0.026988172,0.027190662,0.027320607,0.027381171,0.027376092,0.027307532,0.027169912,0.026960175,0.026691538,0.026381060,0.026045347,0.025700356,0.025361293,0.025042600,0.024758027,0.024523029,0.024361599,0.024294957,0.024325534,0.024452000,0.024674107,0.024992657,0.025409478,0.025927418,0.026550362,0.027282472,0.028125670,0.029083832,0.030170587,0.031403980,0.032804883,0.034397557,0.036210334,0.038276428,0.040634925,0.043321720,0.046334694,0.049654406,0.053250264,0.053250264,0.053250264,0.053250264,0.053250264,0.053250264,0.053250264,0.053250264,0.053250264,0.053250264,0.053250264,0.053250264,0.053250264,0.053250264,0.053250264,0.053250264,0.053250264,0.053250264,0.053250264,0.053250264,0.053250264,0.053250264,0.053250264,0.053250264,0.053250264,0.053250264,0.053250264,0.053250264,0.053250264,0.053250264,0.053250264,0.053250264,0.053250264,0.053250264,0.053250264,0.053250264,0.053250264,0.053250264,0.053250264,0.053250264,0.053250264,0.053250264,0.053250264,0.053250264,0.053250264,0.053250264,0.053250264,0.053250264,0.053250264,0.053250264,0.053250264,0.053250264,0.053250264,0.053250264,0.053250264,0.053250264,0.053250264,0.053250264,0.053250264,0.053250264,0.053250264,0.053250264,0.053250264,0.053250264,0.053250264,0.053250264,0.053250264,0.053250264,0.053250264,0.053250264,0.053250264,0.053250264,0.053250264,0.053250264,0.053250264,0.053250264,0.053250264,0.053250264,0.053250264,0.053250264,0.053250264,0.053250264,0.053250264,0.053250264,0.053250264,0.053250264,0.053250264,0.053250264,0.053250264,0.053250264,0.053250264,0.053250264,0.053250264,0.053250264,0.053250264,0.053250264,0.053250264,0.053250264,0.053250264,0.053250264,0.053250264,0.053250264,0.053250264,0.053250264,0.053250264,0.053250264,0.053250264,0.053250264,0.053250264,0.053250264,0.053250264,0.053250264,0.053250264,0.053250264,0.053250264,0.053250264,0.053250264,0.053250264,0.053250264,0.053250264,0.053250264,0.053250264,0.053250264,0.053250264,0.053250264,0.053250264,0.053250264
0,1,49,0.004184621,0.004184621,0.004184621,0.004184621,0.004184621,0.004184621,0.004184621,0.004184621,0.004184621,0.004184621,0.004184621,0.004184621,0.004184621,0.004184621,0.004184621,0.004184621,0.004184621,0.004184621,0.004184621,0.004184621,0.004184621,0.004184621,0.004184621,0.004184621,0.004184621,0.004184621,0.004184621,0.004676988,0.005044699,0.005270534,0.005365685,0.005354778,0.005269812,0.005144898,0.005012766,0.004903315,0.004844034,0.004862093,0.004980592,0.005199050,0.005513722,0.005922910,0.006425197,0.007017637,0.007693823,0.008441827,0.009242152,0.010066100,0.010882026,0.011679575,0.012456434,0.013212636,0.013950596,0.014675103,0.015393279,0.016114549,0.016850650,0.017614529,0.018413756,0.019244019,0.020096947,0.020962587,0.021829335,0.022683918,0.023511450,0.024295568,0.025018662,0.025664800,0.026228402,0.026707585,0.027101599,0.027410750,0.027636329,0.027780533,0.027846365,0.027837539,0.027758364,0.027611574,0.027396131,0.027125374,0.026816491,0.026486181,0.026150482,0.025824692,0.025523378,0.025260471,0.025049439,0.024905808,0.024849310,0.024882624,0.025004377,0.025214093,0.025512155,0.025899782,0.026379011,0.026952699,0.027624529,0.028398211,0.029277055,0.030273219,0.031402980,0.032685056,0.034141092,0.035796239,0.037679850,0.039826327,0.042276127,0.045066342,0.048194539,0.051640287,0.051640287,0.051640287,0.051640287,0.051640287,0.051640287,0.051640287,0.051640287,0.051640287,0.051640287,0.051640287,0.051640287,0.051640287,0.051640287,0.051640287,0.051640287,0.051640287,0.051640287,0.051640287,0.051640287,0.051640287,0.051640287,0.051640287,0.051640287,0.051640287,0.051640287,0.051640287,0.051640287,0.051640287,0.051640287,0.051640287,0.051640287,0.051640287,0.051640287,0.051640287,0.051640287,0.051640287,0.051640287,0.051640287,0.051640287,0.051640287,0.051640287,0.051640287,0.051640287,0.051640287,0.051640287,0.051640287,0.051640287,0.051640287,0.051640287,0.051640287,0.051640287,0.051640287,0.051640287,0.051640287,0.051640287,0.051640287,0.051640287,0.051640287,0.051640287,0.051640287,0.051640287,0.051640287,0.051640287,0.051640287,0.051640287,0.051640287,0.051640287,0.051640287,0.051640287,0.051640287,0.051640287,0.051640287,0.051640287,0.051640287,0.051640287,0.051640287,0.051640287,0.051640287,0.051640287,0.051640287,0.051640287,0.051640287,0.051640287,0.051640287,0.051640287,0.051640287,0.051640287,0.051640287,0.051640287,0.051640287,0.051640287,0.051640287,0.051640287,0.051640287,0.051640287,0.051640287,0.051640287,0.051640287,0.051640287,0.051640287,0.051640287,0.051640287,0.051640287,0.051640287,0.051640287,0.051640287,0.051640287,0.051640287,0.051640287,0.051640287,0.051640287,0.051640287,0.051640287,0.051640287,0.051640287,0.051640287,0.051640287,0.051640287,0.051640287,0.051640287,0.051640287,0.051640287,0.051640287,0.051640287,0.051640287,0.051640287,0.051640287
0,1,50,0.004696218,0.004696218,0.004696218,0.004696218,0.004696218,0.004696218,0.004696218,0.004696218,0.004696218,0.004696218,0.004696218,0.004696218,0.004696218,0.004696218,0.004696218,0.004696218,0.004696218,0.004696218,0.004696218,0.004696218,0.004696218,0.004696218,0.004696218,0.004696218,0.004696218,0.004696218,0.004696218,0.005065433,0.005292192,0.005387731,0.005376780,0.005291467,0.005166042,0.005033371,0.004923471,0.004863948,0.004882081,0.005001065,0.005220416,0.005536374,0.005947233,0.006451569,0.007046424,0.007725362,0.008476406,0.009279978,0.010107134,0.010925506,0.011724394,0.012501305,0.013256108,0.013991076,0.014710863,0.015422461,0.016135158,0.016860533,0.017612512,0.018403481,0.019230959,0.020087356,0.020963542,0.021848749,0.022730514,0.023594685,0.024425508,0.025205796,0.025917199,0.026543285,0.027078557,0.027521349,0.027871208,0.028128836,0.028296007,0.028375469,0.028370835,0.028286467,0.028127351,0.027900965,0.027622949,0.027310676,0.026980988,0.026650048,0.026333279,0.026045402,0.025800554,0.025612483,0.025494816,0.025458651,0.025504652,0.025631486,0.025838543,0.026125902,0.026494302,0.026945123,0.027480375,0.028102693,0.028815339,0.029623582,0.030539156,0.031576867,0.032753635,0.034088913,0.035605185,0.037328567,0.039289525,0.041523742,0.044073161,0.046976163,0.050229953,0.050229953,0.050229953,0.050229953,0.050229953,0.050229953,0.050229953,0.050229953,0.050229953,0.050229953,0.050229953,0.050229953,0.050229953,0.050229953,0.050229953,0.050229953,0.050229953,0.050229953,0.050229953,0.050229953,0.050229953,0.050229953,0.050229953,0.050229953,0.050229953,0.050229953,0.050229953,0.050229953,0.050229953,0.050229953,0.050229953,0.050229953,0.050229953,0.050229953,0.050229953,0.050229953,0.050229953,0.050229953,0.050229953,0.050229953,0.050229953,0.050229953,0.050229953,0.050229953,0.050229953,0.050229953,0.050229953,0.050229953,0.050229953,0.050229953,0.050229953,0.050229953,0.050229953,0.050229953,0.050229953,0.050229953,0.050229953,0.050229953,0.050229953,0.050229953,0.050229953,0.050229953,0.050229953,0.050229953,0.050229953,0.050229953,0.050229953,0.050229953,0.050229953,0.050229953,0.050229953,0.050229953,0.050229953,0.050229953,0.050229953,0.050229953,0.050229953,0.050229953,0.050229953,0.050229953,0.050229953,0.050229953,0.050229953,0.050229953,0.050229953,0.050229953,0.050229953,0.050229953,0.050229953,0.050229953,0.050229953,0.050229953,0.050229953,0.050229953,0.050229953,0.050229953,0.050229953,0.050229953,0.050229953,0.050229953,0.050229953,0.050229953,0.050229953,0.050229953,0.050229953,0.050229953,0.050229953,0.050229953,0.050229953,0.050229953,0.050229953,0.050229953,0.050229953,0.050229953,0.050229953,0.050229953,0.050229953,0.050229953,0.050229953,0.050229953,0.050229953,0.050229953,0.050229953,0.050229953,0.050229953,0.050229953,0.050229953,0.050229953,0.050229953
0,1,51,0.005099115,0.005099115,0.005099115,0.005099115,0.005099115,0.005099115,0.005099115,0.005099115,0.005099115,0.005099115,0.005099115,0.005099115,0.005099115,0.005099115,0.005099115,0.005099115,0.005099115,0.005099115,0.005099115,0.005099115,0.005099115,0.005099115,0.005099115,0.005099115,0.005099115,0.005099115,0.005099115,0.005327374,0.005423545,0.005412521,0.005326644,0.005200389,0.005066840,0.004956214,0.004896297,0.004914549,0.005034321,0.005255123,0.005573170,0.005986743,0.006494408,0.007093184,0.007776593,0.008532574,0.009341421,0.010173997,0.010997581,0.011800767,0.012580734,0.013337186,0.014072251,0.014790462,0.015498701,0.016206148,0.016924264,0.017666837,0.018447286,0.019268150,0.020123733,0.021005689,0.021904066,0.022807221,0.023701778,0.024572671,0.025403253,0.026175506,0.026870387,0.027471101,0.027972242,0.028372430,0.028671617,0.028871014,0.028972990,0.028980962,0.028899267,0.028733028,0.028492176,0.028201332,0.027880274,0.027546040,0.027214959,0.026902619,0.026623926,0.026393249,0.026224640,0.026132131,0.026124894,0.026194310,0.026336750,0.026551540,0.026838538,0.027198105,0.027631084,0.028138782,0.028722958,0.029385815,0.030132253,0.030976256,0.031932261,0.033015697,0.034244190,0.035637995,0.037220515,0.039018920,0.041064888,0.043395502,0.046054319,0.049081114,0.049081114,0.049081114,0.049081114,0.049081114,0.049081114,0.049081114,0.049081114,0.049081114,0.049081114,0.049081114,0.049081114,0.049081114,0.049081114,0.049081114,0.049081114,0.049081114,0.049081114,0.049081114,0.049081114,0.049081114,0.049081114,0.049081114,0.049081114,0.049081114,0.049081114,0.049081114,0.049081114,0.049081114,0.049081114,0.049081114,0.049081114,0.049081114,0.049081114,0.049081114,0.049081114,0.049081114,0.049081114,0.049081114,0.049081114,0.049081114,0.049081114,0.049081114,0.049081114,0.049081114,0.049081114,0.049081114,0.049081114,0.049081114,0.049081114,0.049081114,0.049081114,0.049081114,0.049081114,0.049081114,0.049081114,0.049081114,0.049081114,0.049081114,0.049081114,0.049081114,0.049081114,0.049081114,0.049081114,0.049081114,0.049081114,0.049081114,0.049081114,0.049081114,0.049081114,0.049081114,0.049081114,0.049081114,0.049081114,0.049081114,0.049081114,0.049081114,0.049081114,0.049081114,0.049081114,0.049081114,0.049081114,0.049081114,0.049081114,0.049081114,0.049081114,0.049081114,0.049081114,0.049081114,0.049081114,0.049081114,0.049081114,0.049081114,0.049081114,0.049081114,0.049081114,0.049081114,0.049081114,0.049081114,0.049081114,0.049081114,0.049081114,0.049081114,0.049081114,0.049081114,0.049081114,0.049081114,0.049081114,0.049081114,0.049081114,0.049081114,0.049081114,0.049081114,0.049081114,0.049081114,0.049081114,0.049081114,0.049081114,0.049081114,0.049081114,0.049081114,0.049081114,0.049081114,0.049081114,0.049081114,0.049081114,0.049081114,0.049081114,0.049081114,0.049081114
0,1,52,0.005375571,0.005375571,0.005375571,0.005375571,0.005375571,0.005375571,0.005375571,0.005375571,0.005375571,0.005375571,0.005375571,0.005375571,0.005375571,0.005375571,0.005375571,0.005375571,0.005375571,0.005375571,0.005375571,0.005375571,0.005375571,0.005375571,0.005375571,0.005375571,0.005375571,0.005375571,0.005375571,0.005472607,0.005461484,0.005374835,0.005247444,0.005112693,0.005001070,0.004940613,0.004959030,0.005079881,0.005302670,0.005623578,0.006040870,0.006553094,0.007157242,0.007846773,0.008609518,0.009425589,0.010265589,0.011096505,0.011906675,0.012692574,0.013453586,0.014191697,0.014911325,0.015619256,0.016324591,0.017038709,0.017775304,0.018547659,0.019359362,0.020209958,0.021093060,0.021999502,0.022918447,0.023837317,0.024741783,0.025615829,0.026441903,0.027201196,0.027874097,0.028443434,0.028903963,0.029254701,0.029496125,0.029630079,0.029659655,0.029589065,0.029423491,0.029173190,0.028865742,0.028530155,0.028185896,0.027849502,0.027536757,0.027262780,0.027042193,0.026889370,0.026818769,0.026839976,0.026941954,0.027111347,0.027345002,0.027642612,0.028004229,0.028430247,0.028921378,0.029478639,0.030103333,0.030799347,0.031580522,0.032463733,0.033464061,0.034597612,0.035882782,0.037340703,0.038995775,0.040876314,0.043015316,0.045451378,0.048229806,0.048229806,0.048229806,0.048229806,0.048229806,0.048229806,0.048229806,0.048229806,0.048229806,0.048229806,0.048229806,0.048229806,0.048229806,0.048229806,0.048229806,0.048229806,0.048229806,0.048229806,0.048229806,0.048229806,0.048229806,0.048229806,0.048229806,0.048229806,0.048229806,0.048229806,0.048229806,0.048229806,0.048229806,0.048229806,0.048229806,0.048229806,0.048229806,0.048229806,0.048229806,0.048229806,0.048229806,0.048229806,0.048229806,0.048229806,0.048229806,0.048229806,0.048229806,0.048229806,0.048229806,0.048229806,0.048229806,0.048229806,0.048229806,0.048229806,0.048229806,0.048229806,0.048229806,0.048229806,0.048229806,0.048229806,0.048229806,0.048229806,0.048229806,0.048229806,0.048229806,0.048229806,0.048229806,0.048229806,0.048229806,0.048229806,0.048229806,0.048229806,0.048229806,0.048229806,0.048229806,0.048229806,0.048229806,0.048229806,0.048229806,0.048229806,0.048229806,0.048229806,0.048229806,0.048229806,0.048229806,0.048229806,0.048229806,0.048229806,0.048229806,0.048229806,0.048229806,0.048229806,0.048229806,0.048229806,0.048229806,0.048229806,0.048229806,0.048229806,0.048229806,0.048229806,0.048229806,0.048229806,0.048229806,0.048229806,0.048229806,0.048229806,0.048229806,0.048229806,0.048229806,0.048229806,0.048229806,0.048229806,0.048229806,0.048229806,0.048229806,0.048229806,0.048229806,0.048229806,0.048229806,0.048229806,0.048229806,0.048229806,0.048229806,0.048229806,0.048229806,0.048229806,0.048229806,0.048229806,0.048229806,0.048229806,0.048229806,0.048229806,0.048229806,0.048229806,0.048229806
0,1,53,0.005533807,0.005533807,0.005533807,0.005533807,0.005533807,0.005533807,0.005533807,0.005533807,0.005533807,0.005533807,0.005533807,0.005533807,0.005533807,0.005533807,0.005533807,0.005533807,0.005533807,0.005533807,0.005533807,0.005533807,0.005533807,0.005533807,0.005533807,0.005533807,0.005533807,0.005533807,0.005533807,0.005522561,0.005434947,0.005306139,0.005169889,0.005057024,0.004995894,0.005014516,0.005136712,0.005361980,0.005686457,0.006108386,0.006626297,0.007237144,0.007934312,0.008705491,0.009530572,0.010379830,0.011219888,0.012038957,0.012833309,0.013601595,0.014345501,0.015069331,0.015779793,0.016485925,0.017199058,0.017932831,0.018700436,0.019505250,0.020347905,0.021227509,0.022136925,0.023066095,0.024003239,0.024934796,0.025845446,0.026718205,0.027534650,0.028275305,0.028919963,0.029451131,0.029863836,0.030157625,0.030333633,0.030394472,0.030344095,0.030187641,0.029935628,0.029616500,0.029262457,0.028902346,0.028555162,0.028236910,0.027962939,0.027748141,0.027607227,0.027555089,0.027601736,0.027736084,0.027942148,0.028206659,0.028526631,0.028901848,0.029332309,0.029818207,0.030359910,0.030957941,0.031615333,0.032345139,0.033164180,0.034090121,0.035138744,0.036326891,0.037673791,0.039201521,0.040935564,0.042905471,0.045145658,0.047696354,0.047696354,0.047696354,0.047696354,0.047696354,0.047696354,0.047696354,0.047696354,0.047696354,0.047696354,0.047696354,0.047696354,0.047696354,0.047696354,0.047696354,0.047696354,0.047696354,0.047696354,0.047696354,0.047696354,0.047696354,0.047696354,0.047696354,0.047696354,0.047696354,0.047696354,0.047696354,0.047696354,0.047696354,0.047696354,0.047696354,0.047696354,0.047696354,0.047696354,0.047696354,0.047696354,0.047696354,0.047696354,0.047696354,0.047696354,0.047696354,0.047696354,0.047696354,0.047696354,0.047696354,0.047696354,0.047696354,0.047696354,0.047696354,0.047696354,0.047696354,0.047696354,0.047696354,0.047696354,0.047696354,0.047696354,0.047696354,0.047696354,0.047696354,0.047696354,0.047696354,0.047696354,0.047696354,0.047696354,0.047696354,0.047696354,0.047696354,0.047696354,0.047696354,0.047696354,0.047696354,0.047696354,0.047696354,0.047696354,0.047696354,0.047696354,0.047696354,0.047696354,0.047696354,0.047696354,0.047696354,0.047696354,0.047696354,0.047696354,0.047696354,0.047696354,0.047696354,0.047696354,0.047696354,0.047696354,0.047696354,0.047696354,0.047696354,0.047696354,0.047696354,0.047696354,0.047696354,0.047696354,0.047696354,0.047696354,0.047696354,0.047696354,0.047696354,0.047696354,0.047696354,0.047696354,0.047696354,0.047696354,0.047696354,0.047696354,0.047696354,0.047696354,0.047696354,0.047696354,0.047696354,0.047696354,0.047696354,0.047696354,0.047696354,0.047696354,0.047696354,0.047696354,0.047696354,0.047696354,0.047696354,0.047696354,0.047696354,0.047696354,0.047696354,0.047696354,0.047696354,0.047696354
0,1,54,0.005594665,0.005594665,0.005594665,0.005594665,0.005594665,0.005594665,0.005594665,0.005594665,0.005594665,0.005594665,0.005594665,0.005594665,0.005594665,0.005594665,0.005594665,0.005594665,0.005594665,0.005594665,0.005594665,0.005594665,0.005594665,0.005594665,0.005594665,0.005594665,0.005594665,0.005594665,0.005594665,0.005505913,0.005375433,0.005237412,0.005123081,0.005061156,0.005080021,0.005203804,0.005431999,0.005760688,0.006188090,0.006712714,0.007331469,0.008037649,0.008818784,0.009654497,0.010514681,0.011365527,0.012195096,0.012999615,0.013777542,0.014529811,0.015260450,0.015976094,0.016685737,0.017400685,0.018134559,0.018900495,0.019701680,0.020538504,0.021411224,0.022318463,0.023252267,0.024201629,0.025153770,0.026094108,0.027006307,0.027872445,0.028673344,0.029388830,0.029998147,0.030483580,0.030840561,0.031069310,0.031171768,0.031151465,0.031013356,0.030768128,0.030445068,0.030077477,0.029697509,0.029333678,0.029004479,0.028725505,0.028511922,0.028378785,0.028341424,0.028410270,0.028574162,0.028816944,0.029122615,0.029477609,0.029878818,0.030325869,0.030818472,0.031356406,0.031939496,0.032570036,0.033260486,0.034026934,0.034887025,0.035859285,0.036960245,0.038207543,0.039621306,0.041224627,0.043044152,0.045110756,0.047460376,0.047460376,0.047460376,0.047460376,0.047460376,0.047460376,0.047460376,0.047460376,0.047460376,0.047460376,0.047460376,0.047460376,0.047460376,0.047460376,0.047460376,0.047460376,0.047460376,0.047460376,0.047460376,0.047460376,0.047460376,0.047460376,0.047460376,0.047460376,0.047460376,0.047460376,0.047460376,0.047460376,0.047460376,0.047460376,0.047460376,0.047460376,0.047460376,0.047460376,0.047460376,0.047460376,0.047460376,0.047460376,0.047460376,0.047460376,0.047460376,0.047460376,0.047460376,0.047460376,0.047460376,0.047460376,0.047460376,0.047460376,0.047460376,0.047460376,0.047460376,0.047460376,0.047460376,0.047460376,0.047460376,0.047460376,0.047460376,0.047460376,0.047460376,0.047460376,0.047460376,0.047460376,0.047460376,0.047460376,0.047460376,0.047460376,0.047460376,0.047460376,0.047460376,0.047460376,0.047460376,0.047460376,0.047460376,0.047460376,0.047460376,0.047460376,0.047460376,0.047460376,0.047460376,0.047460376,0.047460376,0.047460376,0.047460376,0.047460376,0.047460376,0.047460376,0.047460376,0.047460376,0.047460376,0.047460376,0.047460376,0.047460376,0.047460376,0.047460376,0.047460376,0.047460376,0.047460376,0.047460376,0.047460376,0.047460376,0.047460376,0.047460376,0.047460376,0.047460376,0.047460376,0.047460376,0.047460376,0.047460376,0.047460376,0.047460376,0.047460376,0.047460376,0.047460376,0.047460376,0.047460376,0.047460376,0.047460376,0.047460376,0.047460376,0.047460376,0.047460376,0.047460376,0.047460376,0.047460376,0.047460376,0.047460376,0.047460376,0.047460376,0.047460376,0.047460376,0.047460376,0.047460376,0.047460376
0,1,55,0.005586659,0.005586659,0.005586659,0.005586659,0.005586659,0.005586659,0.005586659,0.005586659,0.005586659,0.005586659,0.005586659,0.005586659,0.005586659,0.005586659,0.005586659,0.005586659,0.005586659,0.005586659,0.005586659,0.005586659,0.005586659,0.005586659,0.005586659,0.005586659,0.005586659,0.005586659,0.005586659,0.005454275,0.005314241,0.005198241,0.005135413,0.005154553,0.005280143,0.005511667,0.005845148,0.006278777,0.006811036,0.007438786,0.008155219,0.008947676,0.009795484,0.010668093,0.011531209,0.012372720,0.013188800,0.013977888,0.014740743,0.015480633,0.016203943,0.016919637,0.017639015,0.018375710,0.019142836,0.019943399,0.020777561,0.021645330,0.022546543,0.023479292,0.024434747,0.025400897,0.026363919,0.027308180,0.028216355,0.029069697,0.029848238,0.030531142,0.031097203,0.031528605,0.031821342,0.031976462,0.031996871,0.031887172,0.031658086,0.031339685,0.030966379,0.030571523,0.030187021,0.029841033,0.029551681,0.029334411,0.029204612,0.029178054,0.029265576,0.029455905,0.029732685,0.030079747,0.030480665,0.030921222,0.031397916,0.031909979,0.032456621,0.033037013,0.033652787,0.034315951,0.035042072,0.035848053,0.036752425,0.037774636,0.038932027,0.040243087,0.041728900,0.043413653,0.045325226,0.047495913,0.047495913,0.047495913,0.047495913,0.047495913,0.047495913,0.047495913,0.047495913,0.047495913,0.047495913,0.047495913,0.047495913,0.047495913,0.047495913,0.047495913,0.047495913,0.047495913,0.047495913,0.047495913,0.047495913,0.047495913,0.047495913,0.047495913,0.047495913,0.047495913,0.047495913,0.047495913,0.047495913,0.047495913,0.047495913,0.047495913,0.047495913,0.047495913,0.047495913,0.047495913,0.047495913,0.047495913,0.047495913,0.047495913,0.047495913,0.047495913,0.047495913,0.047495913,0.047495913,0.047495913,0.047495913,0.047495913,0.047495913,0.047495913,0.047495913,0.047495913,0.047495913,0.047495913,0.047495913,0.047495913,0.047495913,0.047495913,0.047495913,0.047495913,0.047495913,0.047495913,0.047495913,0.047495913,0.047495913,0.047495913,0.047495913,0.047495913,0.047495913,0.047495913,0.047495913,0.047495913,0.047495913,0.047495913,0.047495913,0.047495913,0.047495913,0.047495913,0.047495913,0.047495913,0.047495913,0.047495913,0.047495913,0.047495913,0.047495913,0.047495913,0.047495913,0.047495913,0.047495913,0.047495913,0.047495913,0.047495913,0.047495913,0.047495913,0.047495913,0.047495913,0.047495913,0.047495913,0.047495913,0.047495913,0.047495913,0.047495913,0.047495913,0.047495913,0.047495913,0.047495913,0.047495913,0.047495913,0.047495913,0.047495913,0.047495913,0.047495913,0.047495913,0.047495913,0.047495913,0.047495913,0.047495913,0.047495913,0.047495913,0.047495913,0.047495913,0.047495913,0.047495913,0.047495913,0.047495913,0.047495913,0.047495913,0.047495913,0.047495913,0.047495913,0.047495913,0.047495913,0.047495913,0.047495913,0.047495913
0,1,56,0.005541591,0.005541591,0.005541591,0.005541591,0.005541591,0.005541591,0.005541591,0.005541591,0.005541591,0.005541591,0.005541591,0.005541591,0.005541591,0.005541591,0.005541591,0.005541591,0.005541591,0.005541591,0.005541591,0.005541591,0.005541591,0.005541591,0.005541591,0.005541591,0.005541591,0.005541591,0.005541591,0.005399328,0.005281480,0.005217651,0.005237096,0.005364686,0.005599896,0.005938684,0.006379208,0.006919921,0.007557630,0.008285413,0.009090406,0.009951601,0.010837966,0.011714663,0.012569392,0.013398268,0.014199708,0.014974486,0.015725719,0.016459025,0.017183151,0.017909409,0.018651466,0.019422440,0.020225171,0.021059595,0.021925482,0.022822411,0.023749759,0.024705046,0.025678512,0.026657091,0.027625888,0.028568239,0.029465937,0.030299372,0.031047817,0.031689868,0.032203986,0.032572410,0.032791859,0.032864382,0.032794022,0.032591359,0.032287147,0.031916873,0.031515115,0.031115044,0.030748275,0.030442749,0.030216499,0.030085244,0.030065176,0.030167522,0.030380855,0.030688582,0.031074348,0.031521554,0.032012965,0.032533371,0.033078623,0.033647346,0.034238058,0.034851763,0.035500120,0.036198324,0.036962751,0.037811177,0.038763084,0.039838905,0.041056845,0.042436300,0.043999377,0.045771419,0.047781623,0.047781623,0.047781623,0.047781623,0.047781623,0.047781623,0.047781623,0.047781623,0.047781623,0.047781623,0.047781623,0.047781623,0.047781623,0.047781623,0.047781623,0.047781623,0.047781623,0.047781623,0.047781623,0.047781623,0.047781623,0.047781623,0.047781623,0.047781623,0.047781623,0.047781623,0.047781623,0.047781623,0.047781623,0.047781623,0.047781623,0.047781623,0.047781623,0.047781623,0.047781623,0.047781623,0.047781623,0.047781623,0.047781623,0.047781623,0.047781623,0.047781623,0.047781623,0.047781623,0.047781623,0.047781623,0.047781623,0.047781623,0.047781623,0.047781623,0.047781623,0.047781623,0.047781623,0.047781623,0.047781623,0.047781623,0.047781623,0.047781623,0.047781623,0.047781623,0.047781623,0.047781623,0.047781623,0.047781623,0.047781623,0.047781623,0.047781623,0.047781623,0.047781623,0.047781623,0.047781623,0.047781623,0.047781623,0.047781623,0.047781623,0.047781623,0.047781623,0.047781623,0.047781623,0.047781623,0.047781623,0.047781623,0.047781623,0.047781623,0.047781623,0.047781623,0.047781623,0.047781623,0.047781623,0.047781623,0.047781623,0.047781623,0.047781623,0.047781623,0.047781623,0.047781623,0.047781623,0.047781623,0.047781623,0.047781623,0.047781623,0.047781623,0.047781623,0.047781623,0.047781623,0.047781623,0.047781623,0.047781623,0.047781623,0.047781623,0.047781623,0.047781623,0.047781623,0.047781623,0.047781623,0.047781623,0.047781623,0.047781623,0.047781623,0.047781623,0.047781623,0.047781623,0.047781623,0.047781623,0.047781623,0.047781623,0.047781623,0.047781623,0.047781623,0.047781623,0.047781623,0.047781623,0.047781623,0.047781623,0.047781623
0,1,57,0.005491576,0.005491576,0.005491576,0.005491576,0.005491576,0.005491576,0.005491576,0.005491576,0.005491576,0.005491576,0.005491576,0.005491576,0.005491576,0.005491576,0.005491576,0.005491576,0.005491576,0.005491576,0.005491576,0.005491576,0.005491576,0.005491576,0.005491576,0.005491576,0.005491576,0.005491576,0.005491576,0.005371726,0.005306812,0.005326587,0.005456345,0.005695551,0.006040091,0.006488088,0.007037965,0.007686468,0.008426553,0.009245130,0.010120834,0.011022105,0.011913517,0.012782567,0.013625307,0.014440129,0.015227822,0.015991558,0.016736836,0.017471627,0.018207060,0.018956855,0.019734157,0.020541646,0.021379039,0.022245871,0.023141473,0.024064959,0.025015206,0.025989120,0.026975966,0.027961592,0.028930042,0.029863732,0.030743528,0.031548980,0.032258694,0.032850813,0.033303615,0.033599566,0.033736295,0.033717037,0.033552021,0.033272530,0.032915040,0.032515337,0.032107901,0.031725652,0.031400033,0.031159069,0.031021151,0.031002872,0.031115820,0.031348353,0.031683600,0.032104995,0.032595758,0.033138462,0.033714697,0.034307936,0.034913153,0.035528175,0.036153370,0.036800098,0.037483293,0.038218956,0.039024326,0.039918112,0.040920805,0.042053891,0.043336491,0.044788961,0.046434493,0.048299652,0.048299652,0.048299652,0.048299652,0.048299652,0.048299652,0.048299652,0.048299652,0.048299652,0.048299652,0.048299652,0.048299652,0.048299652,0.048299652,0.048299652,0.048299652,0.048299652,0.048299652,0.048299652,0.048299652,0.048299652,0.048299652,0.048299652,0.048299652,0.048299652,0.048299652,0.048299652,0.048299652,0.048299652,0.048299652,0.048299652,0.048299652,0.048299652,0.048299652,0.048299652,0.048299652,0.048299652,0.048299652,0.048299652,0.048299652,0.048299652,0.048299652,0.048299652,0.048299652,0.048299652,0.048299652,0.048299652,0.048299652,0.048299652,0.048299652,0.048299652,0.048299652,0.048299652,0.048299652,0.048299652,0.048299652,0.048299652,0.048299652,0.048299652,0.048299652,0.048299652,0.048299652,0.048299652,0.048299652,0.048299652,0.048299652,0.048299652,0.048299652,0.048299652,0.048299652,0.048299652,0.048299652,0.048299652,0.048299652,0.048299652,0.048299652,0.048299652,0.048299652,0.048299652,0.048299652,0.048299652,0.048299652,0.048299652,0.048299652,0.048299652,0.048299652,0.048299652,0.048299652,0.048299652,0.048299652,0.048299652,0.048299652,0.048299652,0.048299652,0.048299652,0.048299652,0.048299652,0.048299652,0.048299652,0.048299652,0.048299652,0.048299652,0.048299652,0.048299652,0.048299652,0.048299652,0.048299652,0.048299652,0.048299652,0.048299652,0.048299652,0.048299652,0.048299652,0.048299652,0.048299652,0.048299652,0.048299652,0.048299652,0.048299652,0.048299652,0.048299652,0.048299652,0.048299652,0.048299652,0.048299652,0.048299652,0.048299652,0.048299652,0.048299652,0.048299652,0.048299652,0.048299652,0.048299652,0.048299652,0.048299652,0.048299652
0,1,58,0.005467842,0.005467842,0.005467842,0.005467842,0.005467842,0.005467842,0.005467842,0.005467842,0.005467842,0.005467842,0.005467842,0.005467842,0.005467842,0.005467842,0.005467842,0.005467842,0.005467842,0.005467842,0.005467842,0.005467842,0.005467842,0.005467842,0.005467842,0.005467842,0.005467842,0.005467842,0.005467842,0.005401773,0.005421900,0.005553967,0.005797428,0.006148092,0.006604047,0.007163680,0.007823676,0.008576858,0.009409898,0.010301046,0.011218183,0.012125258,0.013009551,0.013867045,0.014696108,0.015497545,0.016274586,0.017032825,0.017780149,0.018526904,0.019286658,0.020072599,0.020887254,0.021730124,0.022600512,0.023497506,0.024419961,0.025366483,0.026335416,0.027323024,0.028317563,0.029303803,0.030264839,0.031182111,0.032035582,0.032804047,0.033465556,0.033997947,0.034379487,0.034593069,0.034637431,0.034522193,0.034278962,0.033945068,0.033557438,0.033151858,0.032762609,0.032422455,0.032162958,0.032012708,0.031991083,0.032109989,0.032357505,0.032716426,0.033169944,0.033701085,0.034292231,0.034924748,0.035578698,0.036235944,0.036890377,0.037541673,0.038200896,0.038882774,0.039603044,0.040378565,0.041227493,0.042169523,0.043226223,0.044420189,0.045771510,0.047301558,0.049034663,0.049034663,0.049034663,0.049034663,0.049034663,0.049034663,0.049034663,0.049034663,0.049034663,0.049034663,0.049034663,0.049034663,0.049034663,0.049034663,0.049034663,0.049034663,0.049034663,0.049034663,0.049034663,0.049034663,0.049034663,0.049034663,0.049034663,0.049034663,0.049034663,0.049034663,0.049034663,0.049034663,0.049034663,0.049034663,0.049034663,0.049034663,0.049034663,0.049034663,0.049034663,0.049034663,0.049034663,0.049034663,0.049034663,0.049034663,0.049034663,0.049034663,0.049034663,0.049034663,0.049034663,0.049034663,0.049034663,0.049034663,0.049034663,0.049034663,0.049034663,0.049034663,0.049034663,0.049034663,0.049034663,0.049034663,0.049034663,0.049034663,0.049034663,0.049034663,0.049034663,0.049034663,0.049034663,0.049034663,0.049034663,0.049034663,0.049034663,0.049034663,0.049034663,0.049034663,0.049034663,0.049034663,0.049034663,0.049034663,0.049034663,0.049034663,0.049034663,0.049034663,0.049034663,0.049034663,0.049034663,0.049034663,0.049034663,0.049034663,0.049034663,0.049034663,0.049034663,0.049034663,0.049034663,0.049034663,0.049034663,0.049034663,0.049034663,0.049034663,0.049034663,0.049034663,0.049034663,0.049034663,0.049034663,0.049034663,0.049034663,0.049034663,0.049034663,0.049034663,0.049034663,0.049034663,0.049034663,0.049034663,0.049034663,0.049034663,0.049034663,0.049034663,0.049034663,0.049034663,0.049034663,0.049034663,0.049034663,0.049034663,0.049034663,0.049034663,0.049034663,0.049034663,0.049034663,0.049034663,0.049034663,0.049034663,0.049034663,0.049034663,0.049034663,0.049034663,0.049034663,0.049034663,0.049034663,0.049034663,0.049034663,0.049034663,0.049034663
0,1,59,0.005501333,0.005501333,0.005501333,0.005501333,0.005501333,0.005501333,0.005501333,0.005501333,0.005501333,0.005501333,0.005501333,0.005501333,0.005501333,0.005501333,0.005501333,0.005501333,0.005501333,0.005501333,0.005501333,0.005501333,0.005501333,0.005501333,0.005501333,0.005501333,0.005501333,0.005501333,0.005501333,0.005521829,0.005656317,0.005904237,0.006261322,0.006725616,0.007295476,0.007967517,0.008734424,0.009582620,0.010489953,0.011423714,0.012347201,0.013247463,0.014120414,0.014964396,0.015780229,0.016571204,0.017343020,0.018103703,0.018863545,0.019635326,0.020432053,0.021256107,0.022106773,0.022983126,0.023884011,0.024808029,0.025753520,0.026718553,0.027700912,0.028696195,0.029691661,0.030671111,0.031616631,0.032508705,0.033326472,0.034048084,0.034651176,0.035113453,0.035413373,0.035534474,0.035481958,0.035287490,0.034989063,0.034624625,0.034231218,0.033844498,0.033498617,0.033226453,0.033060161,0.033029571,0.033149326,0.033407150,0.033785442,0.034267107,0.034834953,0.035471172,0.036156917,0.036871983,0.037594581,0.038304699,0.038997885,0.039684856,0.040380133,0.041099248,0.041858788,0.042676519,0.043571566,0.044564668,0.045678524,0.046936903,0.048360911,0.049972984,0.049972984,0.049972984,0.049972984,0.049972984,0.049972984,0.049972984,0.049972984,0.049972984,0.049972984,0.049972984,0.049972984,0.049972984,0.049972984,0.049972984,0.049972984,0.049972984,0.049972984,0.049972984,0.049972984,0.049972984,0.049972984,0.049972984,0.049972984,0.049972984,0.049972984,0.049972984,0.049972984,0.049972984,0.049972984,0.049972984,0.049972984,0.049972984,0.049972984,0.049972984,0.049972984,0.049972984,0.049972984,0.049972984,0.049972984,0.049972984,0.049972984,0.049972984,0.049972984,0.049972984,0.049972984,0.049972984,0.049972984,0.049972984,0.049972984,0.049972984,0.049972984,0.049972984,0.049972984,0.049972984,0.049972984,0.049972984,0.049972984,0.049972984,0.049972984,0.049972984,0.049972984,0.049972984,0.049972984,0.049972984,0.049972984,0.049972984,0.049972984,0.049972984,0.049972984,0.049972984,0.049972984,0.049972984,0.049972984,0.049972984,0.049972984,0.049972984,0.049972984,0.049972984,0.049972984,0.049972984,0.049972984,0.049972984,0.049972984,0.049972984,0.049972984,0.049972984,0.049972984,0.049972984,0.049972984,0.049972984,0.049972984,0.049972984,0.049972984,0.049972984,0.049972984,0.049972984,0.049972984,0.049972984,0.049972984,0.049972984,0.049972984,0.049972984,0.049972984,0.049972984,0.049972984,0.049972984,0.049972984,0.049972984,0.049972984,0.049972984,0.049972984,0.049972984,0.049972984,0.049972984,0.049972984,0.049972984,0.049972984,0.049972984,0.049972984,0.049972984,0.049972984,0.049972984,0.049972984,0.049972984,0.049972984,0.049972984,0.049972984,0.049972984,0.049972984,0.049972984,0.049972984,0.049972984,0.049972984,0.049972984,0.049972984,0.049972984,0.049972984
0,1,60,0.005625077,0.005625077,0.005625077,0.005625077,0.005625077,0.005625077,0.005625077,0.005625077,0.005625077,0.005625077,0.005625077,0.005625077,0.005625077,0.005625077,0.005625077,0.005625077,0.005625077,0.005625077,0.005625077,0.005625077,0.005625077,0.005625077,0.005625077,0.005625077,0.005625077,0.005625077,0.005625077,0.005762065,0.006014592,0.006378308,0.006851218,0.007431640,0.008116122,0.008897205,0.009761052,0.010685097,0.011636025,0.012576457,0.013493206,0.014382115,0.015241496,0.016072190,0.016877549,0.017663376,0.018437847,0.019211439,0.019996908,0.020806406,0.021641917,0.022502516,0.023387048,0.024294118,0.025222071,0.026168988,0.027132665,0.028110607,0.029100020,0.030095859,0.031084496,0.032048699,0.032969560,0.033826685,0.034598495,0.035262636,0.035796500,0.036177857,0.036385584,0.036409378,0.036277029,0.036026940,0.035697902,0.035328112,0.034954565,0.034612826,0.034337171,0.034161050,0.034117888,0.034232875,0.034495835,0.034888693,0.035394017,0.035994366,0.036671729,0.037407057,0.038179900,0.038968142,0.039747854,0.040499943,0.041231152,0.041955745,0.042689040,0.043447411,0.044248345,0.045110559,0.046054199,0.047101100,0.048275148,0.049601343,0.051101852,0.051101852,0.051101852,0.051101852,0.051101852,0.051101852,0.051101852,0.051101852,0.051101852,0.051101852,0.051101852,0.051101852,0.051101852,0.051101852,0.051101852,0.051101852,0.051101852,0.051101852,0.051101852,0.051101852,0.051101852,0.051101852,0.051101852,0.051101852,0.051101852,0.051101852,0.051101852,0.051101852,0.051101852,0.051101852,0.051101852,0.051101852,0.051101852,0.051101852,0.051101852,0.051101852,0.051101852,0.051101852,0.051101852,0.051101852,0.051101852,0.051101852,0.051101852,0.051101852,0.051101852,0.051101852,0.051101852,0.051101852,0.051101852,0.051101852,0.051101852,0.051101852,0.051101852,0.051101852,0.051101852,0.051101852,0.051101852,0.051101852,0.051101852,0.051101852,0.051101852,0.051101852,0.051101852,0.051101852,0.051101852,0.051101852,0.051101852,0.051101852,0.051101852,0.051101852,0.051101852,0.051101852,0.051101852,0.051101852,0.051101852,0.051101852,0.051101852,0.051101852,0.051101852,0.051101852,0.051101852,0.051101852,0.051101852,0.051101852,0.051101852,0.051101852,0.051101852,0.051101852,0.051101852,0.051101852,0.051101852,0.051101852,0.051101852,0.051101852,0.051101852,0.051101852,0.051101852,0.051101852,0.051101852,0.051101852,0.051101852,0.051101852,0.051101852,0.051101852,0.051101852,0.051101852,0.051101852,0.051101852,0.051101852,0.051101852,0.051101852,0.051101852,0.051101852,0.051101852,0.051101852,0.051101852,0.051101852,0.051101852,0.051101852,0.051101852,0.051101852,0.051101852,0.051101852,0.051101852,0.051101852,0.051101852,0.051101852,0.051101852,0.051101852,0.051101852,0.051101852,0.051101852,0.051101852,0.051101852,0.051101852,0.051101852,0.051101852,0.051101852,0.051101852
0,1,61,0.005870037,0.005870037,0.005870037,0.005870037,0.005870037,0.005870037,0.005870037,0.005870037,0.005870037,0.005870037,0.005870037,0.005870037,0.005870037,0.005870037,0.005870037,0.005870037,0.005870037,0.005870037,0.005870037,0.005870037,0.005870037,0.005870037,0.005870037,0.005870037,0.005870037,0.005870037,0.005870037,0.006127267,0.006497752,0.006979456,0.007570659,0.008267838,0.009063389,0.009943209,0.010884309,0.011852754,0.012810475,0.013744045,0.014649233,0.015524324,0.016370177,0.017190206,0.017990325,0.018778857,0.019566472,0.020366155,0.021190007,0.022038893,0.022911413,0.023806183,0.024721566,0.025655658,0.026606274,0.027570942,0.028546891,0.029531049,0.030520073,0.031508392,0.032481421,0.033420910,0.034307030,0.035118609,0.035833485,0.036428963,0.036882392,0.037171833,0.037282224,0.037226017,0.037037999,0.036757573,0.036423929,0.036075313,0.035748689,0.035479766,0.035303380,0.035254222,0.035360902,0.035623299,0.036025399,0.036549369,0.037177479,0.037891492,0.038672157,0.039498801,0.040349015,0.041198471,0.042023975,0.042817211,0.043588357,0.044352460,0.045125671,0.045925252,0.046769630,0.047678523,0.048673142,0.049776470,0.051013635,0.052410918,0.052410918,0.052410918,0.052410918,0.052410918,0.052410918,0.052410918,0.052410918,0.052410918,0.052410918,0.052410918,0.052410918,0.052410918,0.052410918,0.052410918,0.052410918,0.052410918,0.052410918,0.052410918,0.052410918,0.052410918,0.052410918,0.052410918,0.052410918,0.052410918,0.052410918,0.052410918,0.052410918,0.052410918,0.052410918,0.052410918,0.052410918,0.052410918,0.052410918,0.052410918,0.052410918,0.052410918,0.052410918,0.052410918,0.052410918,0.052410918,0.052410918,0.052410918,0.052410918,0.052410918,0.052410918,0.052410918,0.052410918,0.052410918,0.052410918,0.052410918,0.052410918,0.052410918,0.052410918,0.052410918,0.052410918,0.052410918,0.052410918,0.052410918,0.052410918,0.052410918,0.052410918,0.052410918,0.052410918,0.052410918,0.052410918,0.052410918,0.052410918,0.052410918,0.052410918,0.052410918,0.052410918,0.052410918,0.052410918,0.052410918,0.052410918,0.052410918,0.052410918,0.052410918,0.052410918,0.052410918,0.052410918,0.052410918,0.052410918,0.052410918,0.052410918,0.052410918,0.052410918,0.052410918,0.052410918,0.052410918,0.052410918,0.052410918,0.052410918,0.052410918,0.052410918,0.052410918,0.052410918,0.052410918,0.052410918,0.052410918,0.052410918,0.052410918,0.052410918,0.052410918,0.052410918,0.052410918,0.052410918,0.052410918,0.052410918,0.052410918,0.052410918,0.052410918,0.052410918,0.052410918,0.052410918,0.052410918,0.052410918,0.052410918,0.052410918,0.052410918,0.052410918,0.052410918,0.052410918,0.052410918,0.052410918,0.052410918,0.052410918,0.052410918,0.052410918,0.052410918,0.052410918,0.052410918,0.052410918,0.052410918,0.052410918,0.052410918,0.052410918,0.052410918,0.052410918
0,1,62,0.006242040,0.006242040,0.006242040,0.006242040,0.006242040,0.006242040,0.006242040,0.006242040,0.006242040,0.006242040,0.006242040,0.006242040,0.006242040,0.006242040,0.006242040,0.006242040,0.006242040,0.006242040,0.006242040,0.006242040,0.006242040,0.006242040,0.006242040,0.006242040,0.006242040,0.006242040,0.006242040,0.006619418,0.007110077,0.007712259,0.008422367,0.009232648,0.010128731,0.011087194,0.012073470,0.013048789,0.013999481,0.014921238,0.015812316,0.016673594,0.017508553,0.018323213,0.019126051,0.019927932,0.020742076,0.021580799,0.022444697,0.023331120,0.024238181,0.025164000,0.026106421,0.027062995,0.028030980,0.029007330,0.029988698,0.030971465,0.031951860,0.032923720,0.033871512,0.034776032,0.035616623,0.036371464,0.037017968,0.037533294,0.037894964,0.038087083,0.038117666,0.038006109,0.037788334,0.037504313,0.037193413,0.036893926,0.036642998,0.036476911,0.036431727,0.036537070,0.036795397,0.037200928,0.037738066,0.038388732,0.039134431,0.039955698,0.040831642,0.041739595,0.042654870,0.043553893,0.044424406,0.045260812,0.046073849,0.046879386,0.047694452,0.048537236,0.049427149,0.050384957,0.051432986,0.052595416,0.053898670,0.053898670,0.053898670,0.053898670,0.053898670,0.053898670,0.053898670,0.053898670,0.053898670,0.053898670,0.053898670,0.053898670,0.053898670,0.053898670,0.053898670,0.053898670,0.053898670,0.053898670,0.053898670,0.053898670,0.053898670,0.053898670,0.053898670,0.053898670,0.053898670,0.053898670,0.053898670,0.053898670,0.053898670,0.053898670,0.053898670,0.053898670,0.053898670,0.053898670,0.053898670,0.053898670,0.053898670,0.053898670,0.053898670,0.053898670,0.053898670,0.053898670,0.053898670,0.053898670,0.053898670,0.053898670,0.053898670,0.053898670,0.053898670,0.053898670,0.053898670,0.053898670,0.053898670,0.053898670,0.053898670,0.053898670,0.053898670,0.053898670,0.053898670,0.053898670,0.053898670,0.053898670,0.053898670,0.053898670,0.053898670,0.053898670,0.053898670,0.053898670,0.053898670,0.053898670,0.053898670,0.053898670,0.053898670,0.053898670,0.053898670,0.053898670,0.053898670,0.053898670,0.053898670,0.053898670,0.053898670,0.053898670,0.053898670,0.053898670,0.053898670,0.053898670,0.053898670,0.053898670,0.053898670,0.053898670,0.053898670,0.053898670,0.053898670,0.053898670,0.053898670,0.053898670,0.053898670,0.053898670,0.053898670,0.053898670,0.053898670,0.053898670,0.053898670,0.053898670,0.053898670,0.053898670,0.053898670,0.053898670,0.053898670,0.053898670,0.053898670,0.053898670,0.053898670,0.053898670,0.053898670,0.053898670,0.053898670,0.053898670,0.053898670,0.053898670,0.053898670,0.053898670,0.053898670,0.053898670,0.053898670,0.053898670,0.053898670,0.053898670,0.053898670,0.053898670,0.053898670,0.053898670,0.053898670,0.053898670,0.053898670,0.053898670,0.053898670,0.053898670,0.053898670,0.053898670,0.053898670
0,1,63,0.006743347,0.006743347,0.006743347,0.006743347,0.006743347,0.006743347,0.006743347,0.006743347,0.006743347,0.006743347,0.006743347,0.006743347,0.006743347,0.006743347,0.006743347,0.006743347,0.006743347,0.006743347,0.006743347,0.006743347,0.006743347,0.006743347,0.006743347,0.006743347,0.006743347,0.006743347,0.006743347,0.007243124,0.007856485,0.008579759,0.009405038,0.010317679,0.011293817,0.012298245,0.013291478,0.014259595,0.015198215,0.016105564,0.016982539,0.017832688,0.018662143,0.019479537,0.020295932,0.021124786,0.021978637,0.022858088,0.023760139,0.024681578,0.025619991,0.026572964,0.027537786,0.028511440,0.029490608,0.030471663,0.031450713,0.032423720,0.033386422,0.034332068,0.035244238,0.036102859,0.036886566,0.037573038,0.038139448,0.038563021,0.038827301,0.038939831,0.038915688,0.038775266,0.038555176,0.038295714,0.038036396,0.037815762,0.037671559,0.037641303,0.037755747,0.038017398,0.038422866,0.038967222,0.039634789,0.040406765,0.041263444,0.042183712,0.043144653,0.044121264,0.045089642,0.046037514,0.046955231,0.047836900,0.048693853,0.049542818,0.050401742,0.051289789,0.052227399,0.053236432,0.054340378,0.055564668,0.055564668,0.055564668,0.055564668,0.055564668,0.055564668,0.055564668,0.055564668,0.055564668,0.055564668,0.055564668,0.055564668,0.055564668,0.055564668,0.055564668,0.055564668,0.055564668,0.055564668,0.055564668,0.055564668,0.055564668,0.055564668,0.055564668,0.055564668,0.055564668,0.055564668,0.055564668,0.055564668,0.055564668,0.055564668,0.055564668,0.055564668,0.055564668,0.055564668,0.055564668,0.055564668,0.055564668,0.055564668,0.055564668,0.055564668,0.055564668,0.055564668,0.055564668,0.055564668,0.055564668,0.055564668,0.055564668,0.055564668,0.055564668,0.055564668,0.055564668,0.055564668,0.055564668,0.055564668,0.055564668,0.055564668,0.055564668,0.055564668,0.055564668,0.055564668,0.055564668,0.055564668,0.055564668,0.055564668,0.055564668,0.055564668,0.055564668,0.055564668,0.055564668,0.055564668,0.055564668,0.055564668,0.055564668,0.055564668,0.055564668,0.055564668,0.055564668,0.055564668,0.055564668,0.055564668,0.055564668,0.055564668,0.055564668,0.055564668,0.055564668,0.055564668,0.055564668,0.055564668,0.055564668,0.055564668,0.055564668,0.055564668,0.055564668,0.055564668,0.055564668,0.055564668,0.055564668,0.055564668,0.055564668,0.055564668,0.055564668,0.055564668,0.055564668,0.055564668,0.055564668,0.055564668,0.055564668,0.055564668,0.055564668,0.055564668,0.055564668,0.055564668,0.055564668,0.055564668,0.055564668,0.055564668,0.055564668,0.055564668,0.055564668,0.055564668,0.055564668,0.055564668,0.055564668,0.055564668,0.055564668,0.055564668,0.055564668,0.055564668,0.055564668,0.055564668,0.055564668,0.055564668,0.055564668,0.055564668,0.055564668,0.055564668,0.055564668,0.055564668,0.055564668,0.055564668,0.055564668,0.055564668
0,1,64,0.007378643,0.007378643,0.007378643,0.007378643,0.007378643,0.007378643,0.007378643,0.007378643,0.007378643,0.007378643,0.007378643,0.007378643,0.007378643,0.007378643,0.007378643,0.007378643,0.007378643,0.007378643,0.007378643,0.007378643,0.007378643,0.007378643,0.007378643,0.007378643,0.007378643,0.007378643,0.007378643,0.008003388,0.008740066,0.009580616,0.010510114,0.011504246,0.012527152,0.013538618,0.014524471,0.015480252,0.016404159,0.017297107,0.018162713,0.019007221,0.019839424,0.020670583,0.021514402,0.022383641,0.023278912,0.024197159,0.025134791,0.026087991,0.027053778,0.028029173,0.029010885,0.029995316,0.030978560,0.031956449,0.032924677,0.033878725,0.034813850,0.035722770,0.036588252,0.037389467,0.038104483,0.038710658,0.039185127,0.039511119,0.039695938,0.039754354,0.039702493,0.039561312,0.039367844,0.039162665,0.038985622,0.038875913,0.038872547,0.039007501,0.039283437,0.039696690,0.040244752,0.040923095,0.041715484,0.042601928,0.043561072,0.044569755,0.045602680,0.046635662,0.047656475,0.048655557,0.049622747,0.050551848,0.051454807,0.052349260,0.053254114,0.054189549,0.055177086,0.056239725,0.057402174,0.057402174,0.057402174,0.057402174,0.057402174,0.057402174,0.057402174,0.057402174,0.057402174,0.057402174,0.057402174,0.057402174,0.057402174,0.057402174,0.057402174,0.057402174,0.057402174,0.057402174,0.057402174,0.057402174,0.057402174,0.057402174,0.057402174,0.057402174,0.057402174,0.057402174,0.057402174,0.057402174,0.057402174,0.057402174,0.057402174,0.057402174,0.057402174,0.057402174,0.057402174,0.057402174,0.057402174,0.057402174,0.057402174,0.057402174,0.057402174,0.057402174,0.057402174,0.057402174,0.057402174,0.057402174,0.057402174,0.057402174,0.057402174,0.057402174,0.057402174,0.057402174,0.057402174,0.057402174,0.057402174,0.057402174,0.057402174,0.057402174,0.057402174,0.057402174,0.057402174,0.057402174,0.057402174,0.057402174,0.057402174,0.057402174,0.057402174,0.057402174,0.057402174,0.057402174,0.057402174,0.057402174,0.057402174,0.057402174,0.057402174,0.057402174,0.057402174,0.057402174,0.057402174,0.057402174,0.057402174,0.057402174,0.057402174,0.057402174,0.057402174,0.057402174,0.057402174,0.057402174,0.057402174,0.057402174,0.057402174,0.057402174,0.057402174,0.057402174,0.057402174,0.057402174,0.057402174,0.057402174,0.057402174,0.057402174,0.057402174,0.057402174,0.057402174,0.057402174,0.057402174,0.057402174,0.057402174,0.057402174,0.057402174,0.057402174,0.057402174,0.057402174,0.057402174,0.057402174,0.057402174,0.057402174,0.057402174,0.057402174,0.057402174,0.057402174,0.057402174,0.057402174,0.057402174,0.057402174,0.057402174,0.057402174,0.057402174,0.057402174,0.057402174,0.057402174,0.057402174,0.057402174,0.057402174,0.057402174,0.057402174,0.057402174,0.057402174,0.057402174,0.057402174,0.057402174,0.057402174,0.057402174,0.057402174
0,1,65,0.008153014,0.008153014,0.008153014,0.008153014,0.008153014,0.008153014,0.008153014,0.008153014,0.008153014,0.008153014,0.008153014,0.008153014,0.008153014,0.008153014,0.008153014,0.008153014,0.008153014,0.008153014,0.008153014,0.008153014,0.008153014,0.008153014,0.008153014,0.008153014,0.008153014,0.008153014,0.008153014,0.008903341,0.009759439,0.010706099,0.011718550,0.012760264,0.013790290,0.014794194,0.015767440,0.016708196,0.017617398,0.018498730,0.019358554,0.020205823,0.021052003,0.021911043,0.022795934,0.023707296,0.024642014,0.025596432,0.026566325,0.027547228,0.028535563,0.029527760,0.030519937,0.031507905,0.032487217,0.033453295,0.034401363,0.035326433,0.036223335,0.037084330,0.037891478,0.038623323,0.039257538,0.039771351,0.040147882,0.040394412,0.040525610,0.040557400,0.040506544,0.040394297,0.040258051,0.040138825,0.040077204,0.040113696,0.040281563,0.040583705,0.041016267,0.041576365,0.042261929,0.043068389,0.043978487,0.044970590,0.046021279,0.047104976,0.048197244,0.049285962,0.050361723,0.051414457,0.052433467,0.053412236,0.054363363,0.055305428,0.056258345,0.057243360,0.058283120,0.059401816,0.059401816,0.059401816,0.059401816,0.059401816,0.059401816,0.059401816,0.059401816,0.059401816,0.059401816,0.059401816,0.059401816,0.059401816,0.059401816,0.059401816,0.059401816,0.059401816,0.059401816,0.059401816,0.059401816,0.059401816,0.059401816,0.059401816,0.059401816,0.059401816,0.059401816,0.059401816,0.059401816,0.059401816,0.059401816,0.059401816,0.059401816,0.059401816,0.059401816,0.059401816,0.059401816,0.059401816,0.059401816,0.059401816,0.059401816,0.059401816,0.059401816,0.059401816,0.059401816,0.059401816,0.059401816,0.059401816,0.059401816,0.059401816,0.059401816,0.059401816,0.059401816,0.059401816,0.059401816,0.059401816,0.059401816,0.059401816,0.059401816,0.059401816,0.059401816,0.059401816,0.059401816,0.059401816,0.059401816,0.059401816,0.059401816,0.059401816,0.059401816,0.059401816,0.059401816,0.059401816,0.059401816,0.059401816,0.059401816,0.059401816,0.059401816,0.059401816,0.059401816,0.059401816,0.059401816,0.059401816,0.059401816,0.059401816,0.059401816,0.059401816,0.059401816,0.059401816,0.059401816,0.059401816,0.059401816,0.059401816,0.059401816,0.059401816,0.059401816,0.059401816,0.059401816,0.059401816,0.059401816,0.059401816,0.059401816,0.059401816,0.059401816,0.059401816,0.059401816,0.059401816,0.059401816,0.059401816,0.059401816,0.059401816,0.059401816,0.059401816,0.059401816,0.059401816,0.059401816,0.059401816,0.059401816,0.059401816,0.059401816,0.059401816,0.059401816,0.059401816,0.059401816,0.059401816,0.059401816,0.059401816,0.059401816,0.059401816,0.059401816,0.059401816,0.059401816,0.059401816,0.059401816,0.059401816,0.059401816,0.059401816,0.059401816,0.059401816,0.059401816,0.059401816,0.059401816,0.059401816,0.059401816,0.059401816,0.059401816
0,1,66,0.009069639,0.009069639,0.009069639,0.009069639,0.009069639,0.009069639,0.009069639,0.009069639,0.009069639,0.009069639,0.009069639,0.009069639,0.009069639,0.009069639,0.009069639,0.009069639,0.009069639,0.009069639,0.009069639,0.009069639,0.009069639,0.009069639,0.009069639,0.009069639,0.009069639,0.009069639,0.009069639,0.009941567,0.010905698,0.011936797,0.012997657,0.014046573,0.015068849,0.016059869,0.017017771,0.017943511,0.018840844,0.019716251,0.020578846,0.021440306,0.022314830,0.023215641,0.024143368,0.025094837,0.026066325,0.027053529,0.028051548,0.029055233,0.030060387,0.031062838,0.032058108,0.033041463,0.034008051,0.034952833,0.035870575,0.036755880,0.037603230,0.038404521,0.039141227,0.039791429,0.040332587,0.040747897,0.041044801,0.041238055,0.041343565,0.041378018,0.041358574,0.041306716,0.041260341,0.041261309,0.041351589,0.041565755,0.041907004,0.042371361,0.042955630,0.043657249,0.044474153,0.045401308,0.046419974,0.047506449,0.048634863,0.049780555,0.050931548,0.052078652,0.053211957,0.054320862,0.055394112,0.056424856,0.057426374,0.058418239,0.059421417,0.060458266,0.061552608,0.061552608,0.061552608,0.061552608,0.061552608,0.061552608,0.061552608,0.061552608,0.061552608,0.061552608,0.061552608,0.061552608,0.061552608,0.061552608,0.061552608,0.061552608,0.061552608,0.061552608,0.061552608,0.061552608,0.061552608,0.061552608,0.061552608,0.061552608,0.061552608,0.061552608,0.061552608,0.061552608,0.061552608,0.061552608,0.061552608,0.061552608,0.061552608,0.061552608,0.061552608,0.061552608,0.061552608,0.061552608,0.061552608,0.061552608,0.061552608,0.061552608,0.061552608,0.061552608,0.061552608,0.061552608,0.061552608,0.061552608,0.061552608,0.061552608,0.061552608,0.061552608,0.061552608,0.061552608,0.061552608,0.061552608,0.061552608,0.061552608,0.061552608,0.061552608,0.061552608,0.061552608,0.061552608,0.061552608,0.061552608,0.061552608,0.061552608,0.061552608,0.061552608,0.061552608,0.061552608,0.061552608,0.061552608,0.061552608,0.061552608,0.061552608,0.061552608,0.061552608,0.061552608,0.061552608,0.061552608,0.061552608,0.061552608,0.061552608,0.061552608,0.061552608,0.061552608,0.061552608,0.061552608,0.061552608,0.061552608,0.061552608,0.061552608,0.061552608,0.061552608,0.061552608,0.061552608,0.061552608,0.061552608,0.061552608,0.061552608,0.061552608,0.061552608,0.061552608,0.061552608,0.061552608,0.061552608,0.061552608,0.061552608,0.061552608,0.061552608,0.061552608,0.061552608,0.061552608,0.061552608,0.061552608,0.061552608,0.061552608,0.061552608,0.061552608,0.061552608,0.061552608,0.061552608,0.061552608,0.061552608,0.061552608,0.061552608,0.061552608,0.061552608,0.061552608,0.061552608,0.061552608,0.061552608,0.061552608,0.061552608,0.061552608,0.061552608,0.061552608,0.061552608,0.061552608,0.061552608,0.061552608,0.061552608,0.061552608,0.061552608
0,1,67,0.010127059,0.010127059,0.010127059,0.010127059,0.010127059,0.010127059,0.010127059,0.010127059,0.010127059,0.010127059,0.010127059,0.010127059,0.010127059,0.010127059,0.010127059,0.010127059,0.010127059,0.010127059,0.010127059,0.010127059,0.010127059,0.010127059,0.010127059,0.010127059,0.010127059,0.010127059,0.010127059,0.011108977,0.012159059,0.013239407,0.014307549,0.015348523,0.016357631,0.017332980,0.018275549,0.019189162,0.020080421,0.020958609,0.021835611,0.022725885,0.023642889,0.024587259,0.025555763,0.026544609,0.027549414,0.028565190,0.029586320,0.030606951,0.031622253,0.032627450,0.033617515,0.034587316,0.035531542,0.036444708,0.037321188,0.038155259,0.038941147,0.039670494,0.040324339,0.040880476,0.041322321,0.041657640,0.041901435,0.042069759,0.042179390,0.042247572,0.042291814,0.042333963,0.042412803,0.042571678,0.042846458,0.043240680,0.043750291,0.044371832,0.045102298,0.045939009,0.046879488,0.047917824,0.049033366,0.050199938,0.051392653,0.052599719,0.053812204,0.055020425,0.056213951,0.057381625,0.058511606,0.059596699,0.060650898,0.061694811,0.062750506,0.063841501,0.063841501,0.063841501,0.063841501,0.063841501,0.063841501,0.063841501,0.063841501,0.063841501,0.063841501,0.063841501,0.063841501,0.063841501,0.063841501,0.063841501,0.063841501,0.063841501,0.063841501,0.063841501,0.063841501,0.063841501,0.063841501,0.063841501,0.063841501,0.063841501,0.063841501,0.063841501,0.063841501,0.063841501,0.063841501,0.063841501,0.063841501,0.063841501,0.063841501,0.063841501,0.063841501,0.063841501,0.063841501,0.063841501,0.063841501,0.063841501,0.063841501,0.063841501,0.063841501,0.063841501,0.063841501,0.063841501,0.063841501,0.063841501,0.063841501,0.063841501,0.063841501,0.063841501,0.063841501,0.063841501,0.063841501,0.063841501,0.063841501,0.063841501,0.063841501,0.063841501,0.063841501,0.063841501,0.063841501,0.063841501,0.063841501,0.063841501,0.063841501,0.063841501,0.063841501,0.063841501,0.063841501,0.063841501,0.063841501,0.063841501,0.063841501,0.063841501,0.063841501,0.063841501,0.063841501,0.063841501,0.063841501,0.063841501,0.063841501,0.063841501,0.063841501,0.063841501,0.063841501,0.063841501,0.063841501,0.063841501,0.063841501,0.063841501,0.063841501,0.063841501,0.063841501,0.063841501,0.063841501,0.063841501,0.063841501,0.063841501,0.063841501,0.063841501,0.063841501,0.063841501,0.063841501,0.063841501,0.063841501,0.063841501,0.063841501,0.063841501,0.063841501,0.063841501,0.063841501,0.063841501,0.063841501,0.063841501,0.063841501,0.063841501,0.063841501,0.063841501,0.063841501,0.063841501,0.063841501,0.063841501,0.063841501,0.063841501,0.063841501,0.063841501,0.063841501,0.063841501,0.063841501,0.063841501,0.063841501,0.063841501,0.063841501,0.063841501,0.063841501,0.063841501,0.063841501,0.063841501,0.063841501,0.063841501,0.063841501,0.063841501,0.063841501
0,1,68,0.011316001,0.011316001,0.011316001,0.011316001,0.011316001,0.011316001,0.011316001,0.011316001,0.011316001,0.011316001,0.011316001,0.011316001,0.011316001,0.011316001,0.011316001,0.011316001,0.011316001,0.011316001,0.011316001,0.011316001,0.011316001,0.011316001,0.011316001,0.011316001,0.011316001,0.011316001,0.011316001,0.012385407,0.013485593,0.014573303,0.015633306,0.016660820,0.017653923,0.018613614,0.019543791,0.020451178,0.021345227,0.022238040,0.023144333,0.024077805,0.025039102,0.026024930,0.027031425,0.028054128,0.029087955,0.030127194,0.031165491,0.032196273,0.033214076,0.034213573,0.035189338,0.036135786,0.037047169,0.037917627,0.038741224,0.039512010,0.040224069,0.040868923,0.041427342,0.041883068,0.042244324,0.042526496,0.042745922,0.042919609,0.043065029,0.043199968,0.043342452,0.043515052,0.043758071,0.044108624,0.044570591,0.045139866,0.045812751,0.046585828,0.047455836,0.048419554,0.049473692,0.050611069,0.051808719,0.053041526,0.054297897,0.055569200,0.056846028,0.058118183,0.059374684,0.060603797,0.061793071,0.062934950,0.064044177,0.065142445,0.066252968,0.066252968,0.066252968,0.066252968,0.066252968,0.066252968,0.066252968,0.066252968,0.066252968,0.066252968,0.066252968,0.066252968,0.066252968,0.066252968,0.066252968,0.066252968,0.066252968,0.066252968,0.066252968,0.066252968,0.066252968,0.066252968,0.066252968,0.066252968,0.066252968,0.066252968,0.066252968,0.066252968,0.066252968,0.066252968,0.066252968,0.066252968,0.066252968,0.066252968,0.066252968,0.066252968,0.066252968,0.066252968,0.066252968,0.066252968,0.066252968,0.066252968,0.066252968,0.066252968,0.066252968,0.066252968,0.066252968,0.066252968,0.066252968,0.066252968,0.066252968,0.066252968,0.066252968,0.066252968,0.066252968,0.066252968,0.066252968,0.066252968,0.066252968,0.066252968,0.066252968,0.066252968,0.066252968,0.066252968,0.066252968,0.066252968,0.066252968,0.066252968,0.066252968,0.066252968,0.066252968,0.066252968,0.066252968,0.066252968,0.066252968,0.066252968,0.066252968,0.066252968,0.066252968,0.066252968,0.066252968,0.066252968,0.066252968,0.066252968,0.066252968,0.066252968,0.066252968,0.066252968,0.066252968,0.066252968,0.066252968,0.066252968,0.066252968,0.066252968,0.066252968,0.066252968,0.066252968,0.066252968,0.066252968,0.066252968,0.066252968,0.066252968,0.066252968,0.066252968,0.066252968,0.066252968,0.066252968,0.066252968,0.066252968,0.066252968,0.066252968,0.066252968,0.066252968,0.066252968,0.066252968,0.066252968,0.066252968,0.066252968,0.066252968,0.066252968,0.066252968,0.066252968,0.066252968,0.066252968,0.066252968,0.066252968,0.066252968,0.066252968,0.066252968,0.066252968,0.066252968,0.066252968,0.066252968,0.066252968,0.066252968,0.066252968,0.066252968,0.066252968,0.066252968,0.066252968,0.066252968,0.066252968,0.066252968,0.066252968,0.066252968,0.066252968,0.066252968
0,1,69,0.012615915,0.012615915,0.012615915,0.012615915,0.012615915,0.012615915,0.012615915,0.012615915,0.012615915,0.012615915,0.012615915,0.012615915,0.012615915,0.012615915,0.012615915,0.012615915,0.012615915,0.012615915,0.012615915,0.012615915,0.012615915,0.012615915,0.012615915,0.012615915,0.012615915,0.012615915,0.012615915,0.013736292,0.014843919,0.015923287,0.016969532,0.017980700,0.018957812,0.019904841,0.020828635,0.021738818,0.022647713,0.023570300,0.024520521,0.025499031,0.026502475,0.027526917,0.028567816,0.029619997,0.030677643,0.031734290,0.032782835,0.033815982,0.034827690,0.035812232,0.036763734,0.037676181,0.038543463,0.039359429,0.040117943,0.040812941,0.041438500,0.041986171,0.042442752,0.042817023,0.043124866,0.043383010,0.043608809,0.043820079,0.044035005,0.044272124,0.044550368,0.044893643,0.045335821,0.045881111,0.046525347,0.047264595,0.048095026,0.049012807,0.050013991,0.051094413,0.052249585,0.053470700,0.054736125,0.056034475,0.057357444,0.058695936,0.060040040,0.061379022,0.062701329,0.063994621,0.065245814,0.066446978,0.067613638,0.068768620,0.068768620,0.068768620,0.068768620,0.068768620,0.068768620,0.068768620,0.068768620,0.068768620,0.068768620,0.068768620,0.068768620,0.068768620,0.068768620,0.068768620,0.068768620,0.068768620,0.068768620,0.068768620,0.068768620,0.068768620,0.068768620,0.068768620,0.068768620,0.068768620,0.068768620,0.068768620,0.068768620,0.068768620,0.068768620,0.068768620,0.068768620,0.068768620,0.068768620,0.068768620,0.068768620,0.068768620,0.068768620,0.068768620,0.068768620,0.068768620,0.068768620,0.068768620,0.068768620,0.068768620,0.068768620,0.068768620,0.068768620,0.068768620,0.068768620,0.068768620,0.068768620,0.068768620,0.068768620,0.068768620,0.068768620,0.068768620,0.068768620,0.068768620,0.068768620,0.068768620,0.068768620,0.068768620,0.068768620,0.068768620,0.068768620,0.068768620,0.068768620,0.068768620,0.068768620,0.068768620,0.068768620,0.068768620,0.068768620,0.068768620,0.068768620,0.068768620,0.068768620,0.068768620,0.068768620,0.068768620,0.068768620,0.068768620,0.068768620,0.068768620,0.068768620,0.068768620,0.068768620,0.068768620,0.068768620,0.068768620,0.068768620,0.068768620,0.068768620,0.068768620,0.068768620,0.068768620,0.068768620,0.068768620,0.068768620,0.068768620,0.068768620,0.068768620,0.068768620,0.068768620,0.068768620,0.068768620,0.068768620,0.068768620,0.068768620,0.068768620,0.068768620,0.068768620,0.068768620,0.068768620,0.068768620,0.068768620,0.068768620,0.068768620,0.068768620,0.068768620,0.068768620,0.068768620,0.068768620,0.068768620,0.068768620,0.068768620,0.068768620,0.068768620,0.068768620,0.068768620,0.068768620,0.068768620,0.068768620,0.068768620,0.068768620,0.068768620,0.068768620,0.068768620,0.068768620,0.068768620,0.068768620,0.068768620,0.068768620,0.068768620,0.068768620,0.068768620,0.068768620
0,1,70,0.013991586,0.013991586,0.013991586,0.013991586,0.013991586,0.013991586,0.013991586,0.013991586,0.013991586,0.013991586,0.013991586,0.013991586,0.013991586,0.013991586,0.013991586,0.013991586,0.013991586,0.013991586,0.013991586,0.013991586,0.013991586,0.013991586,0.013991586,0.013991586,0.013991586,0.013991586,0.013991586,0.015119483,0.016218559,0.017283864,0.018313413,0.019308250,0.020272423,0.021212907,0.022139503,0.023064756,0.024003914,0.024971169,0.025967184,0.026988540,0.028031230,0.029090628,0.030161467,0.031237825,0.032313124,0.033380135,0.034431003,0.035457766,0.036453962,0.037413416,0.038329833,0.039196845,0.040008072,0.040757184,0.041437963,0.042044372,0.042570627,0.043014664,0.043388623,0.043708959,0.043992878,0.044258163,0.044523066,0.044806265,0.045126908,0.045504717,0.045960182,0.046510346,0.047155190,0.047890463,0.048711964,0.049615436,0.050596456,0.051650341,0.052772047,0.053956080,0.055196413,0.056486420,0.057818856,0.059185750,0.060578345,0.061987057,0.063401451,0.064810228,0.066201241,0.067561519,0.068877319,0.070140322,0.071366872,0.071366872,0.071366872,0.071366872,0.071366872,0.071366872,0.071366872,0.071366872,0.071366872,0.071366872,0.071366872,0.071366872,0.071366872,0.071366872,0.071366872,0.071366872,0.071366872,0.071366872,0.071366872,0.071366872,0.071366872,0.071366872,0.071366872,0.071366872,0.071366872,0.071366872,0.071366872,0.071366872,0.071366872,0.071366872,0.071366872,0.071366872,0.071366872,0.071366872,0.071366872,0.071366872,0.071366872,0.071366872,0.071366872,0.071366872,0.071366872,0.071366872,0.071366872,0.071366872,0.071366872,0.071366872,0.071366872,0.071366872,0.071366872,0.071366872,0.071366872,0.071366872,0.071366872,0.071366872,0.071366872,0.071366872,0.071366872,0.071366872,0.071366872,0.071366872,0.071366872,0.071366872,0.071366872,0.071366872,0.071366872,0.071366872,0.071366872,0.071366872,0.071366872,0.071366872,0.071366872,0.071366872,0.071366872,0.071366872,0.071366872,0.071366872,0.071366872,0.071366872,0.071366872,0.071366872,0.071366872,0.071366872,0.071366872,0.071366872,0.071366872,0.071366872,0.071366872,0.071366872,0.071366872,0.071366872,0.071366872,0.071366872,0.071366872,0.071366872,0.071366872,0.071366872,0.071366872,0.071366872,0.071366872,0.071366872,0.071366872,0.071366872,0.071366872,0.071366872,0.071366872,0.071366872,0.071366872,0.071366872,0.071366872,0.071366872,0.071366872,0.071366872,0.071366872,0.071366872,0.071366872,0.071366872,0.071366872,0.071366872,0.071366872,0.071366872,0.071366872,0.071366872,0.071366872,0.071366872,0.071366872,0.071366872,0.071366872,0.071366872,0.071366872,0.071366872,0.071366872,0.071366872,0.071366872,0.071366872,0.071366872,0.071366872,0.071366872,0.071366872,0.071366872,0.071366872,0.071366872,0.071366872,0.071366872,0.071366872,0.071366872,0.071366872,0.071366872,0.071366872,0.071366872
0,1,71,0.015400083,0.015400083,0.015400083,0.015400083,0.015400083,0.015400083,0.015400083,0.015400083,0.015400083,0.015400083,0.015400083,0.015400083,0.015400083,0.015400083,0.015400083,0.015400083,0.015400083,0.015400083,0.015400083,0.015400083,0.015400083,0.015400083,0.015400083,0.015400083,0.015400083,0.015400083,0.015400083,0.016519214,0.017603914,0.018652165,0.019665036,0.020646650,0.021604113,0.022547403,0.023489293,0.024445305,0.025429883,0.026443698,0.027483268,0.028544511,0.029622716,0.030712522,0.031807901,0.032902157,0.033987935,0.035057244,0.036101531,0.037112327,0.038082704,0.039006070,0.039875786,0.040685231,0.041427869,0.042097316,0.042687414,0.043192307,0.043612785,0.043972695,0.044291914,0.044588179,0.044879756,0.045185390,0.045524320,0.045916374,0.046382144,0.046943248,0.047613378,0.048374461,0.049217461,0.050137864,0.051130930,0.052191607,0.053314434,0.054493458,0.055722157,0.056993366,0.058303468,0.059661505,0.061063989,0.062502512,0.063967842,0.065449884,0.066937652,0.068419263,0.069881948,0.071312080,0.072695230,0.074022676,0.074022676,0.074022676,0.074022676,0.074022676,0.074022676,0.074022676,0.074022676,0.074022676,0.074022676,0.074022676,0.074022676,0.074022676,0.074022676,0.074022676,0.074022676,0.074022676,0.074022676,0.074022676,0.074022676,0.074022676,0.074022676,0.074022676,0.074022676,0.074022676,0.074022676,0.074022676,0.074022676,0.074022676,0.074022676,0.074022676,0.074022676,0.074022676,0.074022676,0.074022676,0.074022676,0.074022676,0.074022676,0.074022676,0.074022676,0.074022676,0.074022676,0.074022676,0.074022676,0.074022676,0.074022676,0.074022676,0.074022676,0.074022676,0.074022676,0.074022676,0.074022676,0.074022676,0.074022676,0.074022676,0.074022676,0.074022676,0.074022676,0.074022676,0.074022676,0.074022676,0.074022676,0.074022676,0.074022676,0.074022676,0.074022676,0.074022676,0.074022676,0.074022676,0.074022676,0.074022676,0.074022676,0.074022676,0.074022676,0.074022676,0.074022676,0.074022676,0.074022676,0.074022676,0.074022676,0.074022676,0.074022676,0.074022676,0.074022676,0.074022676,0.074022676,0.074022676,0.074022676,0.074022676,0.074022676,0.074022676,0.074022676,0.074022676,0.074022676,0.074022676,0.074022676,0.074022676,0.074022676,0.074022676,0.074022676,0.074022676,0.074022676,0.074022676,0.074022676,0.074022676,0.074022676,0.074022676,0.074022676,0.074022676,0.074022676,0.074022676,0.074022676,0.074022676,0.074022676,0.074022676,0.074022676,0.074022676,0.074022676,0.074022676,0.074022676,0.074022676,0.074022676,0.074022676,0.074022676,0.074022676,0.074022676,0.074022676,0.074022676,0.074022676,0.074022676,0.074022676,0.074022676,0.074022676,0.074022676,0.074022676,0.074022676,0.074022676,0.074022676,0.074022676,0.074022676,0.074022676,0.074022676,0.074022676,0.074022676,0.074022676,0.074022676,0.074022676,0.074022676,0.074022676,0.074022676
0,1,72,0.016825347,0.016825347,0.016825347,0.016825347,0.016825347,0.016825347,0.016825347,0.016825347,0.016825347,0.016825347,0.016825347,0.016825347,0.016825347,0.016825347,0.016825347,0.016825347,0.016825347,0.016825347,0.016825347,0.016825347,0.016825347,0.016825347,0.016825347,0.016825347,0.016825347,0.016825347,0.016825347,0.017929782,0.018997063,0.020028280,0.021027637,0.022002371,0.022962642,0.023921453,0.024894606,0.025896800,0.026928715,0.027986804,0.029066910,0.030164235,0.031273321,0.032388032,0.033501555,0.034606406,0.035694454,0.036756999,0.037784955,0.038769302,0.039702674,0.040578147,0.041388843,0.042128005,0.042789070,0.043365748,0.043852101,0.044248980,0.044583517,0.044887575,0.045182307,0.045486488,0.045819382,0.046200819,0.046651350,0.047192484,0.047847023,0.048630003,0.049519406,0.050487230,0.051523766,0.052623721,0.053781337,0.054990311,0.056243720,0.057533955,0.058852674,0.060195128,0.061574023,0.063003144,0.064478794,0.065992107,0.067533356,0.069091907,0.070656205,0.072213753,0.073751136,0.075254044,0.076707336,0.076707336,0.076707336,0.076707336,0.076707336,0.076707336,0.076707336,0.076707336,0.076707336,0.076707336,0.076707336,0.076707336,0.076707336,0.076707336,0.076707336,0.076707336,0.076707336,0.076707336,0.076707336,0.076707336,0.076707336,0.076707336,0.076707336,0.076707336,0.076707336,0.076707336,0.076707336,0.076707336,0.076707336,0.076707336,0.076707336,0.076707336,0.076707336,0.076707336,0.076707336,0.076707336,0.076707336,0.076707336,0.076707336,0.076707336,0.076707336,0.076707336,0.076707336,0.076707336,0.076707336,0.076707336,0.076707336,0.076707336,0.076707336,0.076707336,0.076707336,0.076707336,0.076707336,0.076707336,0.076707336,0.076707336,0.076707336,0.076707336,0.076707336,0.076707336,0.076707336,0.076707336,0.076707336,0.076707336,0.076707336,0.076707336,0.076707336,0.076707336,0.076707336,0.076707336,0.076707336,0.076707336,0.076707336,0.076707336,0.076707336,0.076707336,0.076707336,0.076707336,0.076707336,0.076707336,0.076707336,0.076707336,0.076707336,0.076707336,0.076707336,0.076707336,0.076707336,0.076707336,0.076707336,0.076707336,0.076707336,0.076707336,0.076707336,0.076707336,0.076707336,0.076707336,0.076707336,0.076707336,0.076707336,0.076707336,0.076707336,0.076707336,0.076707336,0.076707336,0.076707336,0.076707336,0.076707336,0.076707336,0.076707336,0.076707336,0.076707336,0.076707336,0.076707336,0.076707336,0.076707336,0.076707336,0.076707336,0.076707336,0.076707336,0.076707336,0.076707336,0.076707336,0.076707336,0.076707336,0.076707336,0.076707336,0.076707336,0.076707336,0.076707336,0.076707336,0.076707336,0.076707336,0.076707336,0.076707336,0.076707336,0.076707336,0.076707336,0.076707336,0.076707336,0.076707336,0.076707336,0.076707336,0.076707336,0.076707336,0.076707336,0.076707336,0.076707336,0.076707336,0.076707336,0.076707336,0.076707336
0,1,73,0.018261570,0.018261570,0.018261570,0.018261570,0.018261570,0.018261570,0.018261570,0.018261570,0.018261570,0.018261570,0.018261570,0.018261570,0.018261570,0.018261570,0.018261570,0.018261570,0.018261570,0.018261570,0.018261570,0.018261570,0.018261570,0.018261570,0.018261570,0.018261570,0.018261570,0.018261570,0.018261570,0.019348212,0.020398094,0.021415501,0.022407802,0.023385345,0.024361366,0.025351950,0.026372058,0.027422378,0.028499296,0.029598578,0.030715339,0.031844023,0.032978384,0.034111488,0.035235721,0.036342810,0.037423906,0.038469768,0.039470730,0.040417251,0.041301620,0.042116685,0.042855453,0.043511165,0.044077386,0.044548081,0.044924158,0.045233203,0.045510501,0.045789369,0.046092008,0.046438198,0.046848359,0.047343766,0.047946860,0.048681649,0.049564563,0.050574566,0.051679466,0.052849728,0.054074425,0.055346995,0.056660193,0.058006033,0.059375741,0.060759711,0.062152004,0.063564634,0.065015375,0.066518707,0.068070716,0.069662055,0.071282473,0.072920782,0.074564824,0.076201469,0.077816627,0.079395282,0.079395282,0.079395282,0.079395282,0.079395282,0.079395282,0.079395282,0.079395282,0.079395282,0.079395282,0.079395282,0.079395282,0.079395282,0.079395282,0.079395282,0.079395282,0.079395282,0.079395282,0.079395282,0.079395282,0.079395282,0.079395282,0.079395282,0.079395282,0.079395282,0.079395282,0.079395282,0.079395282,0.079395282,0.079395282,0.079395282,0.079395282,0.079395282,0.079395282,0.079395282,0.079395282,0.079395282,0.079395282,0.079395282,0.079395282,0.079395282,0.079395282,0.079395282,0.079395282,0.079395282,0.079395282,0.079395282,0.079395282,0.079395282,0.079395282,0.079395282,0.079395282,0.079395282,0.079395282,0.079395282,0.079395282,0.079395282,0.079395282,0.079395282,0.079395282,0.079395282,0.079395282,0.079395282,0.079395282,0.079395282,0.079395282,0.079395282,0.079395282,0.079395282,0.079395282,0.079395282,0.079395282,0.079395282,0.079395282,0.079395282,0.079395282,0.079395282,0.079395282,0.079395282,0.079395282,0.079395282,0.079395282,0.079395282,0.079395282,0.079395282,0.079395282,0.079395282,0.079395282,0.079395282,0.079395282,0.079395282,0.079395282,0.079395282,0.079395282,0.079395282,0.079395282,0.079395282,0.079395282,0.079395282,0.079395282,0.079395282,0.079395282,0.079395282,0.079395282,0.079395282,0.079395282,0.079395282,0.079395282,0.079395282,0.079395282,0.079395282,0.079395282,0.079395282,0.079395282,0.079395282,0.079395282,0.079395282,0.079395282,0.079395282,0.079395282,0.079395282,0.079395282,0.079395282,0.079395282,0.079395282,0.079395282,0.079395282,0.079395282,0.079395282,0.079395282,0.079395282,0.079395282,0.079395282,0.079395282,0.079395282,0.079395282,0.079395282,0.079395282,0.079395282,0.079395282,0.079395282,0.079395282,0.079395282,0.079395282,0.079395282,0.079395282,0.079395282,0.079395282,0.079395282,0.079395282,0.079395282,0.079395282
0,1,74,0.019705721,0.019705721,0.019705721,0.019705721,0.019705721,0.019705721,0.019705721,0.019705721,0.019705721,0.019705721,0.019705721,0.019705721,0.019705721,0.019705721,0.019705721,0.019705721,0.019705721,0.019705721,0.019705721,0.019705721,0.019705721,0.019705721,0.019705721,0.019705721,0.019705721,0.019705721,0.019705721,0.020774592,0.021810359,0.022820530,0.023815639,0.024809163,0.025817474,0.026855797,0.027924830,0.029020892,0.030139668,0.031276187,0.032424791,0.033579123,0.034732127,0.035876054,0.037002490,0.038102434,0.039166487,0.040184820,0.041147218,0.042043715,0.042866364,0.043607913,0.044261394,0.044820205,0.045278203,0.045636341,0.045922677,0.046173042,0.046424201,0.046710694,0.047055763,0.047480381,0.048006519,0.048657524,0.049458594,0.050427562,0.051544472,0.052778097,0.054094575,0.055462190,0.056868266,0.058304494,0.059761701,0.061229825,0.062697890,0.064158662,0.065623400,0.067109284,0.068634996,0.070215738,0.071847367,0.073520029,0.075222933,0.076944303,0.078671360,0.080390311,0.082086366,0.082086366,0.082086366,0.082086366,0.082086366,0.082086366,0.082086366,0.082086366,0.082086366,0.082086366,0.082086366,0.082086366,0.082086366,0.082086366,0.082086366,0.082086366,0.082086366,0.082086366,0.082086366,0.082086366,0.082086366,0.082086366,0.082086366,0.082086366,0.082086366,0.082086366,0.082086366,0.082086366,0.082086366,0.082086366,0.082086366,0.082086366,0.082086366,0.082086366,0.082086366,0.082086366,0.082086366,0.082086366,0.082086366,0.082086366,0.082086366,0.082086366,0.082086366,0.082086366,0.082086366,0.082086366,0.082086366,0.082086366,0.082086366,0.082086366,0.082086366,0.082086366,0.082086366,0.082086366,0.082086366,0.082086366,0.082086366,0.082086366,0.082086366,0.082086366,0.082086366,0.082086366,0.082086366,0.082086366,0.082086366,0.082086366,0.082086366,0.082086366,0.082086366,0.082086366,0.082086366,0.082086366,0.082086366,0.082086366,0.082086366,0.082086366,0.082086366,0.082086366,0.082086366,0.082086366,0.082086366,0.082086366,0.082086366,0.082086366,0.082086366,0.082086366,0.082086366,0.082086366,0.082086366,0.082086366,0.082086366,0.082086366,0.082086366,0.082086366,0.082086366,0.082086366,0.082086366,0.082086366,0.082086366,0.082086366,0.082086366,0.082086366,0.082086366,0.082086366,0.082086366,0.082086366,0.082086366,0.082086366,0.082086366,0.082086366,0.082086366,0.082086366,0.082086366,0.082086366,0.082086366,0.082086366,0.082086366,0.082086366,0.082086366,0.082086366,0.082086366,0.082086366,0.082086366,0.082086366,0.082086366,0.082086366,0.082086366,0.082086366,0.082086366,0.082086366,0.082086366,0.082086366,0.082086366,0.082086366,0.082086366,0.082086366,0.082086366,0.082086366,0.082086366,0.082086366,0.082086366,0.082086366,0.082086366,0.082086366,0.082086366,0.082086366,0.082086366,0.082086366,0.082086366,0.082086366,0.082086366,0.082086366,0.082086366
0,1,75,0.021157888,0.021157888,0.021157888,0.021157888,0.021157888,0.021157888,0.021157888,0.021157888,0.021157888,0.021157888,0.021157888,0.021157888,0.021157888,0.021157888,0.021157888,0.021157888,0.021157888,0.021157888,0.021157888,0.021157888,0.021157888,0.021157888,0.021157888,0.021157888,0.021157888,0.021157888,0.021157888,0.022212333,0.023240679,0.024253655,0.025264979,0.026291315,0.027348160,0.028436220,0.029551743,0.030690338,0.031846940,0.033015790,0.034190418,0.035363644,0.036527584,0.037673677,0.038792769,0.039875302,0.040911279,0.041890316,0.042801747,0.043635294,0.044382906,0.045037378,0.045591928,0.046040285,0.046383434,0.046649917,0.046876139,0.047099387,0.047357666,0.047686739,0.048111106,0.048653368,0.049337715,0.050190483,0.051230871,0.052440043,0.053787868,0.055241557,0.056764884,0.058323311,0.059901900,0.061490142,0.063076534,0.064648582,0.066197623,0.067734042,0.069274363,0.070836648,0.072440520,0.074101934,0.075816504,0.077573848,0.079362605,0.081170391,0.082983777,0.084788282,0.084788282,0.084788282,0.084788282,0.084788282,0.084788282,0.084788282,0.084788282,0.084788282,0.084788282,0.084788282,0.084788282,0.084788282,0.084788282,0.084788282,0.084788282,0.084788282,0.084788282,0.084788282,0.084788282,0.084788282,0.084788282,0.084788282,0.084788282,0.084788282,0.084788282,0.084788282,0.084788282,0.084788282,0.084788282,0.084788282,0.084788282,0.084788282,0.084788282,0.084788282,0.084788282,0.084788282,0.084788282,0.084788282,0.084788282,0.084788282,0.084788282,0.084788282,0.084788282,0.084788282,0.084788282,0.084788282,0.084788282,0.084788282,0.084788282,0.084788282,0.084788282,0.084788282,0.084788282,0.084788282,0.084788282,0.084788282,0.084788282,0.084788282,0.084788282,0.084788282,0.084788282,0.084788282,0.084788282,0.084788282,0.084788282,0.084788282,0.084788282,0.084788282,0.084788282,0.084788282,0.084788282,0.084788282,0.084788282,0.084788282,0.084788282,0.084788282,0.084788282,0.084788282,0.084788282,0.084788282,0.084788282,0.084788282,0.084788282,0.084788282,0.084788282,0.084788282,0.084788282,0.084788282,0.084788282,0.084788282,0.084788282,0.084788282,0.084788282,0.084788282,0.084788282,0.084788282,0.084788282,0.084788282,0.084788282,0.084788282,0.084788282,0.084788282,0.084788282,0.084788282,0.084788282,0.084788282,0.084788282,0.084788282,0.084788282,0.084788282,0.084788282,0.084788282,0.084788282,0.084788282,0.084788282,0.084788282,0.084788282,0.084788282,0.084788282,0.084788282,0.084788282,0.084788282,0.084788282,0.084788282,0.084788282,0.084788282,0.084788282,0.084788282,0.084788282,0.084788282,0.084788282,0.084788282,0.084788282,0.084788282,0.084788282,0.084788282,0.084788282,0.084788282,0.084788282,0.084788282,0.084788282,0.084788282,0.084788282,0.084788282,0.084788282,0.084788282,0.084788282,0.084788282,0.084788282,0.084788282,0.084788282,0.084788282,0.084788282
0,1,76,0.022621544,0.022621544,0.022621544,0.022621544,0.022621544,0.022621544,0.022621544,0.022621544,0.022621544,0.022621544,0.022621544,0.022621544,0.022621544,0.022621544,0.022621544,0.022621544,0.022621544,0.022621544,0.022621544,0.022621544,0.022621544,0.022621544,0.022621544,0.022621544,0.022621544,0.022621544,0.022621544,0.023668376,0.024699522,0.025728948,0.026773614,0.027849292,0.028956696,0.030092005,0.031250745,0.032427760,0.033617187,0.034812441,0.036006215,0.037190489,0.038356554,0.039495098,0.040596402,0.041650300,0.042646236,0.043573367,0.044420691,0.045177755,0.045836557,0.046390107,0.046831986,0.047163198,0.047412777,0.047617724,0.047815883,0.048045745,0.048346544,0.048755509,0.049298869,0.050001559,0.050890958,0.051987552,0.053273612,0.054720168,0.056295658,0.057965016,0.059688960,0.061429509,0.063168974,0.064894230,0.066591088,0.068249273,0.069878144,0.071493447,0.073112554,0.074754447,0.076439727,0.078185131,0.079986017,0.081831448,0.083709470,0.085607066,0.087510129,0.087510129,0.087510129,0.087510129,0.087510129,0.087510129,0.087510129,0.087510129,0.087510129,0.087510129,0.087510129,0.087510129,0.087510129,0.087510129,0.087510129,0.087510129,0.087510129,0.087510129,0.087510129,0.087510129,0.087510129,0.087510129,0.087510129,0.087510129,0.087510129,0.087510129,0.087510129,0.087510129,0.087510129,0.087510129,0.087510129,0.087510129,0.087510129,0.087510129,0.087510129,0.087510129,0.087510129,0.087510129,0.087510129,0.087510129,0.087510129,0.087510129,0.087510129,0.087510129,0.087510129,0.087510129,0.087510129,0.087510129,0.087510129,0.087510129,0.087510129,0.087510129,0.087510129,0.087510129,0.087510129,0.087510129,0.087510129,0.087510129,0.087510129,0.087510129,0.087510129,0.087510129,0.087510129,0.087510129,0.087510129,0.087510129,0.087510129,0.087510129,0.087510129,0.087510129,0.087510129,0.087510129,0.087510129,0.087510129,0.087510129,0.087510129,0.087510129,0.087510129,0.087510129,0.087510129,0.087510129,0.087510129,0.087510129,0.087510129,0.087510129,0.087510129,0.087510129,0.087510129,0.087510129,0.087510129,0.087510129,0.087510129,0.087510129,0.087510129,0.087510129,0.087510129,0.087510129,0.087510129,0.087510129,0.087510129,0.087510129,0.087510129,0.087510129,0.087510129,0.087510129,0.087510129,0.087510129,0.087510129,0.087510129,0.087510129,0.087510129,0.087510129,0.087510129,0.087510129,0.087510129,0.087510129,0.087510129,0.087510129,0.087510129,0.087510129,0.087510129,0.087510129,0.087510129,0.087510129,0.087510129,0.087510129,0.087510129,0.087510129,0.087510129,0.087510129,0.087510129,0.087510129,0.087510129,0.087510129,0.087510129,0.087510129,0.087510129,0.087510129,0.087510129,0.087510129,0.087510129,0.087510129,0.087510129,0.087510129,0.087510129,0.087510129,0.087510129,0.087510129,0.087510129,0.087510129,0.087510129,0.087510129,0.087510129,0.087510129,0.087510129
0,1,77,0.024103750,0.024103750,0.024103750,0.024103750,0.024103750,0.024103750,0.024103750,0.024103750,0.024103750,0.024103750,0.024103750,0.024103750,0.024103750,0.024103750,0.024103750,0.024103750,0.024103750,0.024103750,0.024103750,0.024103750,0.024103750,0.024103750,0.024103750,0.024103750,0.024103750,0.024103750,0.024103750,0.025153375,0.026201208,0.027264513,0.028359339,0.029486409,0.030641831,0.031821048,0.033018811,0.034229150,0.035445365,0.036660019,0.037864952,0.039051306,0.040209610,0.041329981,0.042402082,0.043415180,0.044358252,0.045220118,0.045989580,0.046656169,0.047212103,0.047650790,0.047973237,0.048208971,0.048395608,0.048571577,0.048775899,0.049048251,0.049429334,0.049958346,0.050663993,0.051574566,0.052711715,0.054058745,0.055587855,0.057268795,0.059067836,0.060946919,0.062863035,0.064774158,0.066659400,0.068502659,0.070291838,0.072035065,0.073747138,0.075444622,0.077145777,0.078870536,0.080640523,0.082473281,0.084363899,0.086300862,0.088271595,0.090262421,0.090262421,0.090262421,0.090262421,0.090262421,0.090262421,0.090262421,0.090262421,0.090262421,0.090262421,0.090262421,0.090262421,0.090262421,0.090262421,0.090262421,0.090262421,0.090262421,0.090262421,0.090262421,0.090262421,0.090262421,0.090262421,0.090262421,0.090262421,0.090262421,0.090262421,0.090262421,0.090262421,0.090262421,0.090262421,0.090262421,0.090262421,0.090262421,0.090262421,0.090262421,0.090262421,0.090262421,0.090262421,0.090262421,0.090262421,0.090262421,0.090262421,0.090262421,0.090262421,0.090262421,0.090262421,0.090262421,0.090262421,0.090262421,0.090262421,0.090262421,0.090262421,0.090262421,0.090262421,0.090262421,0.090262421,0.090262421,0.090262421,0.090262421,0.090262421,0.090262421,0.090262421,0.090262421,0.090262421,0.090262421,0.090262421,0.090262421,0.090262421,0.090262421,0.090262421,0.090262421,0.090262421,0.090262421,0.090262421,0.090262421,0.090262421,0.090262421,0.090262421,0.090262421,0.090262421,0.090262421,0.090262421,0.090262421,0.090262421,0.090262421,0.090262421,0.090262421,0.090262421,0.090262421,0.090262421,0.090262421,0.090262421,0.090262421,0.090262421,0.090262421,0.090262421,0.090262421,0.090262421,0.090262421,0.090262421,0.090262421,0.090262421,0.090262421,0.090262421,0.090262421,0.090262421,0.090262421,0.090262421,0.090262421,0.090262421,0.090262421,0.090262421,0.090262421,0.090262421,0.090262421,0.090262421,0.090262421,0.090262421,0.090262421,0.090262421,0.090262421,0.090262421,0.090262421,0.090262421,0.090262421,0.090262421,0.090262421,0.090262421,0.090262421,0.090262421,0.090262421,0.090262421,0.090262421,0.090262421,0.090262421,0.090262421,0.090262421,0.090262421,0.090262421,0.090262421,0.090262421,0.090262421,0.090262421,0.090262421,0.090262421,0.090262421,0.090262421,0.090262421,0.090262421,0.090262421,0.090262421,0.090262421,0.090262421,0.090262421,0.090262421,0.090262421
0,1,78,0.025615348,0.025615348,0.025615348,0.025615348,0.025615348,0.025615348,0.025615348,0.025615348,0.025615348,0.025615348,0.025615348,0.025615348,0.025615348,0.025615348,0.025615348,0.025615348,0.025615348,0.025615348,0.025615348,0.025615348,0.025615348,0.025615348,0.025615348,0.025615348,0.025615348,0.025615348,0.025615348,0.026681899,0.027764155,0.028878449,0.030025513,0.031201380,0.032401411,0.033620261,0.034851852,0.036089365,0.037325234,0.038551157,0.039758122,0.040936498,0.042076234,0.043166821,0.044197348,0.045156608,0.046033239,0.046815859,0.047493239,0.048055073,0.048493989,0.048810974,0.049036048,0.049207454,0.049364235,0.049545976,0.049792844,0.050145929,0.050647910,0.051340746,0.052256695,0.053418405,0.054810091,0.056405062,0.058174408,0.060085842,0.062102731,0.064183322,0.066280224,0.068346809,0.070358596,0.072301415,0.074181910,0.076013722,0.077812428,0.079595444,0.081381955,0.083192885,0.085050916,0.086974429,0.088958227,0.090990192,0.093057103,0.093057103,0.093057103,0.093057103,0.093057103,0.093057103,0.093057103,0.093057103,0.093057103,0.093057103,0.093057103,0.093057103,0.093057103,0.093057103,0.093057103,0.093057103,0.093057103,0.093057103,0.093057103,0.093057103,0.093057103,0.093057103,0.093057103,0.093057103,0.093057103,0.093057103,0.093057103,0.093057103,0.093057103,0.093057103,0.093057103,0.093057103,0.093057103,0.093057103,0.093057103,0.093057103,0.093057103,0.093057103,0.093057103,0.093057103,0.093057103,0.093057103,0.093057103,0.093057103,0.093057103,0.093057103,0.093057103,0.093057103,0.093057103,0.093057103,0.093057103,0.093057103,0.093057103,0.093057103,0.093057103,0.093057103,0.093057103,0.093057103,0.093057103,0.093057103,0.093057103,0.093057103,0.093057103,0.093057103,0.093057103,0.093057103,0.093057103,0.093057103,0.093057103,0.093057103,0.093057103,0.093057103,0.093057103,0.093057103,0.093057103,0.093057103,0.093057103,0.093057103,0.093057103,0.093057103,0.093057103,0.093057103,0.093057103,0.093057103,0.093057103,0.093057103,0.093057103,0.093057103,0.093057103,0.093057103,0.093057103,0.093057103,0.093057103,0.093057103,0.093057103,0.093057103,0.093057103,0.093057103,0.093057103,0.093057103,0.093057103,0.093057103,0.093057103,0.093057103,0.093057103,0.093057103,0.093057103,0.093057103,0.093057103,0.093057103,0.093057103,0.093057103,0.093057103,0.093057103,0.093057103,0.093057103,0.093057103,0.093057103,0.093057103,0.093057103,0.093057103,0.093057103,0.093057103,0.093057103,0.093057103,0.093057103,0.093057103,0.093057103,0.093057103,0.093057103,0.093057103,0.093057103,0.093057103,0.093057103,0.093057103,0.093057103,0.093057103,0.093057103,0.093057103,0.093057103,0.093057103,0.093057103,0.093057103,0.093057103,0.093057103,0.093057103,0.093057103,0.093057103,0.093057103,0.093057103,0.093057103,0.093057103,0.093057103,0.093057103,0.093057103,0.093057103,0.093057103
0,1,79,0.027171163,0.027171163,0.027171163,0.027171163,0.027171163,0.027171163,0.027171163,0.027171163,0.027171163,0.027171163,0.027171163,0.027171163,0.027171163,0.027171163,0.027171163,0.027171163,0.027171163,0.027171163,0.027171163,0.027171163,0.027171163,0.027171163,0.027171163,0.027171163,0.027171163,0.027171163,0.027171163,0.028272688,0.029406774,0.030574163,0.031770813,0.032991999,0.034232278,0.035485466,0.036744621,0.038002044,0.039249290,0.040477192,0.041675956,0.042835359,0.043944720,0.044992944,0.045968642,0.046860263,0.047656241,0.048345164,0.048915953,0.049358661,0.049673631,0.049891371,0.050050759,0.050191473,0.050353695,0.050578123,0.050906293,0.051381215,0.052048345,0.052953535,0.054123528,0.055543264,0.057187047,0.059027264,0.061033118,0.063169531,0.065396236,0.067667098,0.069929731,0.072132409,0.074252067,0.076293574,0.078269142,0.080193139,0.082081957,0.083953899,0.085829113,0.087729552,0.089678994,0.091696685,0.093777130,0.095907580,0.095907580,0.095907580,0.095907580,0.095907580,0.095907580,0.095907580,0.095907580,0.095907580,0.095907580,0.095907580,0.095907580,0.095907580,0.095907580,0.095907580,0.095907580,0.095907580,0.095907580,0.095907580,0.095907580,0.095907580,0.095907580,0.095907580,0.095907580,0.095907580,0.095907580,0.095907580,0.095907580,0.095907580,0.095907580,0.095907580,0.095907580,0.095907580,0.095907580,0.095907580,0.095907580,0.095907580,0.095907580,0.095907580,0.095907580,0.095907580,0.095907580,0.095907580,0.095907580,0.095907580,0.095907580,0.095907580,0.095907580,0.095907580,0.095907580,0.095907580,0.095907580,0.095907580,0.095907580,0.095907580,0.095907580,0.095907580,0.095907580,0.095907580,0.095907580,0.095907580,0.095907580,0.095907580,0.095907580,0.095907580,0.095907580,0.095907580,0.095907580,0.095907580,0.095907580,0.095907580,0.095907580,0.095907580,0.095907580,0.095907580,0.095907580,0.095907580,0.095907580,0.095907580,0.095907580,0.095907580,0.095907580,0.095907580,0.095907580,0.095907580,0.095907580,0.095907580,0.095907580,0.095907580,0.095907580,0.095907580,0.095907580,0.095907580,0.095907580,0.095907580,0.095907580,0.095907580,0.095907580,0.095907580,0.095907580,0.095907580,0.095907580,0.095907580,0.095907580,0.095907580,0.095907580,0.095907580,0.095907580,0.095907580,0.095907580,0.095907580,0.095907580,0.095907580,0.095907580,0.095907580,0.095907580,0.095907580,0.095907580,0.095907580,0.095907580,0.095907580,0.095907580,0.095907580,0.095907580,0.095907580,0.095907580,0.095907580,0.095907580,0.095907580,0.095907580,0.095907580,0.095907580,0.095907580,0.095907580,0.095907580,0.095907580,0.095907580,0.095907580,0.095907580,0.095907580,0.095907580,0.095907580,0.095907580,0.095907580,0.095907580,0.095907580,0.095907580,0.095907580,0.095907580,0.095907580,0.095907580,0.095907580,0.095907580,0.095907580,0.095907580,0.095907580,0.095907580,0.095907580
0,1,80,0.028790260,0.028790260,0.028790260,0.028790260,0.028790260,0.028790260,0.028790260,0.028790260,0.028790260,0.028790260,0.028790260,0.028790260,0.028790260,0.028790260,0.028790260,0.028790260,0.028790260,0.028790260,0.028790260,0.028790260,0.028790260,0.028790260,0.028790260,0.028790260,0.028790260,0.028790260,0.028790260,0.029944467,0.031132516,0.032350290,0.033592977,0.034855035,0.036130168,0.037411312,0.038690634,0.039959540,0.041208710,0.042428179,0.043607558,0.044735982,0.045802176,0.046794563,0.047701402,0.048510941,0.049211581,0.049792064,0.050241661,0.050558219,0.050772104,0.050922834,0.051050737,0.051196621,0.051401758,0.051708177,0.052159282,0.052800799,0.053682105,0.054843822,0.056274768,0.057950066,0.059843297,0.061925128,0.064162104,0.066515599,0.068940997,0.071387130,0.073796061,0.076116002,0.078342837,0.080487038,0.082561487,0.084581316,0.086563762,0.088528058,0.090495348,0.092488654,0.094532890,0.096648195,0.098828758,0.098828758,0.098828758,0.098828758,0.098828758,0.098828758,0.098828758,0.098828758,0.098828758,0.098828758,0.098828758,0.098828758,0.098828758,0.098828758,0.098828758,0.098828758,0.098828758,0.098828758,0.098828758,0.098828758,0.098828758,0.098828758,0.098828758,0.098828758,0.098828758,0.098828758,0.098828758,0.098828758,0.098828758,0.098828758,0.098828758,0.098828758,0.098828758,0.098828758,0.098828758,0.098828758,0.098828758,0.098828758,0.098828758,0.098828758,0.098828758,0.098828758,0.098828758,0.098828758,0.098828758,0.098828758,0.098828758,0.098828758,0.098828758,0.098828758,0.098828758,0.098828758,0.098828758,0.098828758,0.098828758,0.098828758,0.098828758,0.098828758,0.098828758,0.098828758,0.098828758,0.098828758,0.098828758,0.098828758,0.098828758,0.098828758,0.098828758,0.098828758,0.098828758,0.098828758,0.098828758,0.098828758,0.098828758,0.098828758,0.098828758,0.098828758,0.098828758,0.098828758,0.098828758,0.098828758,0.098828758,0.098828758,0.098828758,0.098828758,0.098828758,0.098828758,0.098828758,0.098828758,0.098828758,0.098828758,0.098828758,0.098828758,0.098828758,0.098828758,0.098828758,0.098828758,0.098828758,0.098828758,0.098828758,0.098828758,0.098828758,0.098828758,0.098828758,0.098828758,0.098828758,0.098828758,0.098828758,0.098828758,0.098828758,0.098828758,0.098828758,0.098828758,0.098828758,0.098828758,0.098828758,0.098828758,0.098828758,0.098828758,0.098828758,0.098828758,0.098828758,0.098828758,0.098828758,0.098828758,0.098828758,0.098828758,0.098828758,0.098828758,0.098828758,0.098828758,0.098828758,0.098828758,0.098828758,0.098828758,0.098828758,0.098828758,0.098828758,0.098828758,0.098828758,0.098828758,0.098828758,0.098828758,0.098828758,0.098828758,0.098828758,0.098828758,0.098828758,0.098828758,0.098828758,0.098828758,0.098828758,0.098828758,0.098828758,0.098828758,0.098828758,0.098828758,0.098828758,0.098828758,0.098828758
0,1,81,0.030491682,0.030491682,0.030491682,0.030491682,0.030491682,0.030491682,0.030491682,0.030491682,0.030491682,0.030491682,0.030491682,0.030491682,0.030491682,0.030491682,0.030491682,0.030491682,0.030491682,0.030491682,0.030491682,0.030491682,0.030491682,0.030491682,0.030491682,0.030491682,0.030491682,0.030491682,0.030491682,0.031700733,0.032939977,0.034204516,0.035488705,0.036786136,0.038089621,0.039391189,0.040682099,0.041952869,0.043193368,0.044393030,0.045540813,0.046625252,0.047634582,0.048556871,0.049380175,0.050092709,0.050683031,0.051140240,0.051461518,0.051675189,0.051820782,0.051939283,0.052072149,0.052261263,0.052549195,0.052979801,0.053599148,0.054456821,0.055596873,0.057021965,0.058711297,0.060639478,0.062778550,0.065096674,0.067556957,0.070116483,0.072725600,0.075327512,0.077863821,0.080300554,0.082638861,0.084889812,0.087066992,0.089186331,0.091265951,0.093326046,0.095388800,0.097478340,0.099620754,0.101837103,0.101837103,0.101837103,0.101837103,0.101837103,0.101837103,0.101837103,0.101837103,0.101837103,0.101837103,0.101837103,0.101837103,0.101837103,0.101837103,0.101837103,0.101837103,0.101837103,0.101837103,0.101837103,0.101837103,0.101837103,0.101837103,0.101837103,0.101837103,0.101837103,0.101837103,0.101837103,0.101837103,0.101837103,0.101837103,0.101837103,0.101837103,0.101837103,0.101837103,0.101837103,0.101837103,0.101837103,0.101837103,0.101837103,0.101837103,0.101837103,0.101837103,0.101837103,0.101837103,0.101837103,0.101837103,0.101837103,0.101837103,0.101837103,0.101837103,0.101837103,0.101837103,0.101837103,0.101837103,0.101837103,0.101837103,0.101837103,0.101837103,0.101837103,0.101837103,0.101837103,0.101837103,0.101837103,0.101837103,0.101837103,0.101837103,0.101837103,0.101837103,0.101837103,0.101837103,0.101837103,0.101837103,0.101837103,0.101837103,0.101837103,0.101837103,0.101837103,0.101837103,0.101837103,0.101837103,0.101837103,0.101837103,0.101837103,0.101837103,0.101837103,0.101837103,0.101837103,0.101837103,0.101837103,0.101837103,0.101837103,0.101837103,0.101837103,0.101837103,0.101837103,0.101837103,0.101837103,0.101837103,0.101837103,0.101837103,0.101837103,0.101837103,0.101837103,0.101837103,0.101837103,0.101837103,0.101837103,0.101837103,0.101837103,0.101837103,0.101837103,0.101837103,0.101837103,0.101837103,0.101837103,0.101837103,0.101837103,0.101837103,0.101837103,0.101837103,0.101837103,0.101837103,0.101837103,0.101837103,0.101837103,0.101837103,0.101837103,0.101837103,0.101837103,0.101837103,0.101837103,0.101837103,0.101837103,0.101837103,0.101837103,0.101837103,0.101837103,0.101837103,0.101837103,0.101837103,0.101837103,0.101837103,0.101837103,0.101837103,0.101837103,0.101837103,0.101837103,0.101837103,0.101837103,0.101837103,0.101837103,0.101837103,0.101837103,0.101837103,0.101837103,0.101837103,0.101837103,0.101837103,0.101837103,0.101837103
0,1,82,0.032278975,0.032278975,0.032278975,0.032278975,0.032278975,0.032278975,0.032278975,0.032278975,0.032278975,0.032278975,0.032278975,0.032278975,0.032278975,0.032278975,0.032278975,0.032278975,0.032278975,0.032278975,0.032278975,0.032278975,0.032278975,0.032278975,0.032278975,0.032278975,0.032278975,0.032278975,0.032278975,0.033540041,0.034826786,0.036133464,0.037453551,0.038779734,0.040103900,0.041417160,0.042709868,0.043971724,0.045191983,0.046359420,0.047462383,0.048488913,0.049426885,0.050264161,0.050988766,0.051589075,0.052054009,0.052380711,0.052597339,0.052741484,0.052854156,0.052977480,0.053153978,0.053426807,0.053840328,0.054441017,0.055278748,0.056397576,0.057803095,0.059488807,0.061433733,0.063611141,0.065990731,0.068537355,0.071209915,0.073960489,0.076733757,0.079472445,0.082135919,0.084694067,0.087148188,0.089509981,0.091793769,0.094016315,0.096196664,0.098356012,0.100517616,0.102706749,0.104950713,0.104950713,0.104950713,0.104950713,0.104950713,0.104950713,0.104950713,0.104950713,0.104950713,0.104950713,0.104950713,0.104950713,0.104950713,0.104950713,0.104950713,0.104950713,0.104950713,0.104950713,0.104950713,0.104950713,0.104950713,0.104950713,0.104950713,0.104950713,0.104950713,0.104950713,0.104950713,0.104950713,0.104950713,0.104950713,0.104950713,0.104950713,0.104950713,0.104950713,0.104950713,0.104950713,0.104950713,0.104950713,0.104950713,0.104950713,0.104950713,0.104950713,0.104950713,0.104950713,0.104950713,0.104950713,0.104950713,0.104950713,0.104950713,0.104950713,0.104950713,0.104950713,0.104950713,0.104950713,0.104950713,0.104950713,0.104950713,0.104950713,0.104950713,0.104950713,0.104950713,0.104950713,0.104950713,0.104950713,0.104950713,0.104950713,0.104950713,0.104950713,0.104950713,0.104950713,0.104950713,0.104950713,0.104950713,0.104950713,0.104950713,0.104950713,0.104950713,0.104950713,0.104950713,0.104950713,0.104950713,0.104950713,0.104950713,0.104950713,0.104950713,0.104950713,0.104950713,0.104950713,0.104950713,0.104950713,0.104950713,0.104950713,0.104950713,0.104950713,0.104950713,0.104950713,0.104950713,0.104950713,0.104950713,0.104950713,0.104950713,0.104950713,0.104950713,0.104950713,0.104950713,0.104950713,0.104950713,0.104950713,0.104950713,0.104950713,0.104950713,0.104950713,0.104950713,0.104950713,0.104950713,0.104950713,0.104950713,0.104950713,0.104950713,0.104950713,0.104950713,0.104950713,0.104950713,0.104950713,0.104950713,0.104950713,0.104950713,0.104950713,0.104950713,0.104950713,0.104950713,0.104950713,0.104950713,0.104950713,0.104950713,0.104950713,0.104950713,0.104950713,0.104950713,0.104950713,0.104950713,0.104950713,0.104950713,0.104950713,0.104950713,0.104950713,0.104950713,0.104950713,0.104950713,0.104950713,0.104950713,0.104950713,0.104950713,0.104950713,0.104950713,0.104950713,0.104950713,0.104950713,0.104950713,0.104950713,0.104950713
0,1,83,0.034150650,0.034150650,0.034150650,0.034150650,0.034150650,0.034150650,0.034150650,0.034150650,0.034150650,0.034150650,0.034150650,0.034150650,0.034150650,0.034150650,0.034150650,0.034150650,0.034150650,0.034150650,0.034150650,0.034150650,0.034150650,0.034150650,0.034150650,0.034150650,0.034150650,0.034150650,0.034150650,0.035459961,0.036789489,0.038132596,0.039481836,0.040828958,0.042164918,0.043479907,0.044763449,0.046004622,0.047192015,0.048313783,0.049357773,0.050311663,0.051163121,0.051899977,0.052510420,0.052983194,0.053315399,0.053535674,0.053681585,0.053792177,0.053909601,0.054077045,0.054338290,0.054738256,0.055323891,0.056145432,0.057247021,0.058633598,0.060301568,0.062244911,0.064441648,0.066862883,0.069475155,0.072239218,0.075109025,0.078030978,0.080949295,0.083824779,0.086620393,0.089304622,0.091878929,0.094355677,0.096749963,0.099079419,0.101364050,0.103626092,0.105889916,0.108181979,0.108181979,0.108181979,0.108181979,0.108181979,0.108181979,0.108181979,0.108181979,0.108181979,0.108181979,0.108181979,0.108181979,0.108181979,0.108181979,0.108181979,0.108181979,0.108181979,0.108181979,0.108181979,0.108181979,0.108181979,0.108181979,0.108181979,0.108181979,0.108181979,0.108181979,0.108181979,0.108181979,0.108181979,0.108181979,0.108181979,0.108181979,0.108181979,0.108181979,0.108181979,0.108181979,0.108181979,0.108181979,0.108181979,0.108181979,0.108181979,0.108181979,0.108181979,0.108181979,0.108181979,0.108181979,0.108181979,0.108181979,0.108181979,0.108181979,0.108181979,0.108181979,0.108181979,0.108181979,0.108181979,0.108181979,0.108181979,0.108181979,0.108181979,0.108181979,0.108181979,0.108181979,0.108181979,0.108181979,0.108181979,0.108181979,0.108181979,0.108181979,0.108181979,0.108181979,0.108181979,0.108181979,0.108181979,0.108181979,0.108181979,0.108181979,0.108181979,0.108181979,0.108181979,0.108181979,0.108181979,0.108181979,0.108181979,0.108181979,0.108181979,0.108181979,0.108181979,0.108181979,0.108181979,0.108181979,0.108181979,0.108181979,0.108181979,0.108181979,0.108181979,0.108181979,0.108181979,0.108181979,0.108181979,0.108181979,0.108181979,0.108181979,0.108181979,0.108181979,0.108181979,0.108181979,0.108181979,0.108181979,0.108181979,0.108181979,0.108181979,0.108181979,0.108181979,0.108181979,0.108181979,0.108181979,0.108181979,0.108181979,0.108181979,0.108181979,0.108181979,0.108181979,0.108181979,0.108181979,0.108181979,0.108181979,0.108181979,0.108181979,0.108181979,0.108181979,0.108181979,0.108181979,0.108181979,0.108181979,0.108181979,0.108181979,0.108181979,0.108181979,0.108181979,0.108181979,0.108181979,0.108181979,0.108181979,0.108181979,0.108181979,0.108181979,0.108181979,0.108181979,0.108181979,0.108181979,0.108181979,0.108181979,0.108181979,0.108181979,0.108181979,0.108181979,0.108181979,0.108181979,0.108181979,0.108181979,0.108181979,0.108181979
0,1,84,0.036104217,0.036104217,0.036104217,0.036104217,0.036104217,0.036104217,0.036104217,0.036104217,0.036104217,0.036104217,0.036104217,0.036104217,0.036104217,0.036104217,0.036104217,0.036104217,0.036104217,0.036104217,0.036104217,0.036104217,0.036104217,0.036104217,0.036104217,0.036104217,0.036104217,0.036104217,0.036104217,0.037456963,0.038823456,0.040196119,0.041566557,0.042925572,0.044263187,0.045568750,0.046831158,0.048038809,0.049179666,0.050241380,0.051211427,0.052077276,0.052826565,0.053447292,0.053928021,0.054265811,0.054489787,0.054638148,0.054749923,0.054865268,0.055027388,0.055280723,0.055670798,0.056245091,0.057054279,0.058142666,0.059514598,0.061165639,0.063092802,0.065289781,0.067732774,0.070389887,0.073223689,0.076190064,0.079237316,0.082311429,0.085375008,0.088392582,0.091325350,0.094140350,0.096839230,0.099435051,0.101943717,0.104383773,0.106776219,0.109144370,0.111513749,0.111513749,0.111513749,0.111513749,0.111513749,0.111513749,0.111513749,0.111513749,0.111513749,0.111513749,0.111513749,0.111513749,0.111513749,0.111513749,0.111513749,0.111513749,0.111513749,0.111513749,0.111513749,0.111513749,0.111513749,0.111513749,0.111513749,0.111513749,0.111513749,0.111513749,0.111513749,0.111513749,0.111513749,0.111513749,0.111513749,0.111513749,0.111513749,0.111513749,0.111513749,0.111513749,0.111513749,0.111513749,0.111513749,0.111513749,0.111513749,0.111513749,0.111513749,0.111513749,0.111513749,0.111513749,0.111513749,0.111513749,0.111513749,0.111513749,0.111513749,0.111513749,0.111513749,0.111513749,0.111513749,0.111513749,0.111513749,0.111513749,0.111513749,0.111513749,0.111513749,0.111513749,0.111513749,0.111513749,0.111513749,0.111513749,0.111513749,0.111513749,0.111513749,0.111513749,0.111513749,0.111513749,0.111513749,0.111513749,0.111513749,0.111513749,0.111513749,0.111513749,0.111513749,0.111513749,0.111513749,0.111513749,0.111513749,0.111513749,0.111513749,0.111513749,0.111513749,0.111513749,0.111513749,0.111513749,0.111513749,0.111513749,0.111513749,0.111513749,0.111513749,0.111513749,0.111513749,0.111513749,0.111513749,0.111513749,0.111513749,0.111513749,0.111513749,0.111513749,0.111513749,0.111513749,0.111513749,0.111513749,0.111513749,0.111513749,0.111513749,0.111513749,0.111513749,0.111513749,0.111513749,0.111513749,0.111513749,0.111513749,0.111513749,0.111513749,0.111513749,0.111513749,0.111513749,0.111513749,0.111513749,0.111513749,0.111513749,0.111513749,0.111513749,0.111513749,0.111513749,0.111513749,0.111513749,0.111513749,0.111513749,0.111513749,0.111513749,0.111513749,0.111513749,0.111513749,0.111513749,0.111513749,0.111513749,0.111513749,0.111513749,0.111513749,0.111513749,0.111513749,0.111513749,0.111513749,0.111513749,0.111513749,0.111513749,0.111513749,0.111513749,0.111513749,0.111513749,0.111513749,0.111513749,0.111513749,0.111513749,0.111513749,0.111513749
0,1,85,0.038136067,0.038136067,0.038136067,0.038136067,0.038136067,0.038136067,0.038136067,0.038136067,0.038136067,0.038136067,0.038136067,0.038136067,0.038136067,0.038136067,0.038136067,0.038136067,0.038136067,0.038136067,0.038136067,0.038136067,0.038136067,0.038136067,0.038136067,0.038136067,0.038136067,0.038136067,0.038136067,0.039526317,0.040922773,0.042316894,0.043699322,0.045059913,0.046387835,0.047671801,0.048900018,0.050060252,0.051139954,0.052126398,0.053006853,0.053768758,0.054399920,0.054888721,0.055232177,0.055459907,0.055610754,0.055724402,0.055840992,0.056001697,0.056250961,0.056634957,0.057201750,0.058002523,0.059081819,0.060443445,0.062082175,0.063994145,0.066176221,0.068621045,0.071302159,0.074183841,0.077223895,0.080372610,0.083577942,0.086804579,0.090018986,0.093183978,0.096258933,0.099209402,0.102037236,0.104756230,0.107383138,0.109937449,0.112441204,0.114918832,0.114918832,0.114918832,0.114918832,0.114918832,0.114918832,0.114918832,0.114918832,0.114918832,0.114918832,0.114918832,0.114918832,0.114918832,0.114918832,0.114918832,0.114918832,0.114918832,0.114918832,0.114918832,0.114918832,0.114918832,0.114918832,0.114918832,0.114918832,0.114918832,0.114918832,0.114918832,0.114918832,0.114918832,0.114918832,0.114918832,0.114918832,0.114918832,0.114918832,0.114918832,0.114918832,0.114918832,0.114918832,0.114918832,0.114918832,0.114918832,0.114918832,0.114918832,0.114918832,0.114918832,0.114918832,0.114918832,0.114918832,0.114918832,0.114918832,0.114918832,0.114918832,0.114918832,0.114918832,0.114918832,0.114918832,0.114918832,0.114918832,0.114918832,0.114918832,0.114918832,0.114918832,0.114918832,0.114918832,0.114918832,0.114918832,0.114918832,0.114918832,0.114918832,0.114918832,0.114918832,0.114918832,0.114918832,0.114918832,0.114918832,0.114918832,0.114918832,0.114918832,0.114918832,0.114918832,0.114918832,0.114918832,0.114918832,0.114918832,0.114918832,0.114918832,0.114918832,0.114918832,0.114918832,0.114918832,0.114918832,0.114918832,0.114918832,0.114918832,0.114918832,0.114918832,0.114918832,0.114918832,0.114918832,0.114918832,0.114918832,0.114918832,0.114918832,0.114918832,0.114918832,0.114918832,0.114918832,0.114918832,0.114918832,0.114918832,0.114918832,0.114918832,0.114918832,0.114918832,0.114918832,0.114918832,0.114918832,0.114918832,0.114918832,0.114918832,0.114918832,0.114918832,0.114918832,0.114918832,0.114918832,0.114918832,0.114918832,0.114918832,0.114918832,0.114918832,0.114918832,0.114918832,0.114918832,0.114918832,0.114918832,0.114918832,0.114918832,0.114918832,0.114918832,0.114918832,0.114918832,0.114918832,0.114918832,0.114918832,0.114918832,0.114918832,0.114918832,0.114918832,0.114918832,0.114918832,0.114918832,0.114918832,0.114918832,0.114918832,0.114918832,0.114918832,0.114918832,0.114918832,0.114918832,0.114918832,0.114918832,0.114918832,0.114918832,0.114918832
0,1,86,0.040241371,0.040241371,0.040241371,0.040241371,0.040241371,0.040241371,0.040241371,0.040241371,0.040241371,0.040241371,0.040241371,0.040241371,0.040241371,0.040241371,0.040241371,0.040241371,0.040241371,0.040241371,0.040241371,0.040241371,0.040241371,0.040241371,0.040241371,0.040241371,0.040241371,0.040241371,0.040241371,0.041661993,0.043080166,0.044486371,0.045870291,0.047220915,0.048526766,0.049775859,0.050955761,0.052053718,0.053056802,0.053952078,0.054726785,0.055368534,0.055865524,0.056214729,0.056446268,0.056599637,0.056715184,0.056833723,0.056996413,0.057245622,0.057627513,0.058190790,0.058987205,0.060061614,0.061417338,0.063048408,0.064950132,0.067118458,0.069549348,0.072233613,0.075141309,0.078232073,0.081458190,0.084769702,0.088133588,0.091518538,0.094889367,0.098207116,0.101429288,0.104519908,0.107481049,0.110327282,0.113076246,0.115748419,0.118366914,0.118366914,0.118366914,0.118366914,0.118366914,0.118366914,0.118366914,0.118366914,0.118366914,0.118366914,0.118366914,0.118366914,0.118366914,0.118366914,0.118366914,0.118366914,0.118366914,0.118366914,0.118366914,0.118366914,0.118366914,0.118366914,0.118366914,0.118366914,0.118366914,0.118366914,0.118366914,0.118366914,0.118366914,0.118366914,0.118366914,0.118366914,0.118366914,0.118366914,0.118366914,0.118366914,0.118366914,0.118366914,0.118366914,0.118366914,0.118366914,0.118366914,0.118366914,0.118366914,0.118366914,0.118366914,0.118366914,0.118366914,0.118366914,0.118366914,0.118366914,0.118366914,0.118366914,0.118366914,0.118366914,0.118366914,0.118366914,0.118366914,0.118366914,0.118366914,0.118366914,0.118366914,0.118366914,0.118366914,0.118366914,0.118366914,0.118366914,0.118366914,0.118366914,0.118366914,0.118366914,0.118366914,0.118366914,0.118366914,0.118366914,0.118366914,0.118366914,0.118366914,0.118366914,0.118366914,0.118366914,0.118366914,0.118366914,0.118366914,0.118366914,0.118366914,0.118366914,0.118366914,0.118366914,0.118366914,0.118366914,0.118366914,0.118366914,0.118366914,0.118366914,0.118366914,0.118366914,0.118366914,0.118366914,0.118366914,0.118366914,0.118366914,0.118366914,0.118366914,0.118366914,0.118366914,0.118366914,0.118366914,0.118366914,0.118366914,0.118366914,0.118366914,0.118366914,0.118366914,0.118366914,0.118366914,0.118366914,0.118366914,0.118366914,0.118366914,0.118366914,0.118366914,0.118366914,0.118366914,0.118366914,0.118366914,0.118366914,0.118366914,0.118366914,0.118366914,0.118366914,0.118366914,0.118366914,0.118366914,0.118366914,0.118366914,0.118366914,0.118366914,0.118366914,0.118366914,0.118366914,0.118366914,0.118366914,0.118366914,0.118366914,0.118366914,0.118366914,0.118366914,0.118366914,0.118366914,0.118366914,0.118366914,0.118366914,0.118366914,0.118366914,0.118366914,0.118366914,0.118366914,0.118366914,0.118366914,0.118366914,0.118366914,0.118366914,0.118366914,0.118366914
0,1,87,0.042413976,0.042413976,0.042413976,0.042413976,0.042413976,0.042413976,0.042413976,0.042413976,0.042413976,0.042413976,0.042413976,0.042413976,0.042413976,0.042413976,0.042413976,0.042413976,0.042413976,0.042413976,0.042413976,0.042413976,0.042413976,0.042413976,0.042413976,0.042413976,0.042413976,0.042413976,0.042413976,0.043856575,0.045286923,0.046694531,0.048068202,0.049396268,0.050666551,0.051866414,0.052982898,0.054002868,0.054913181,0.055700876,0.056353367,0.056858665,0.057213701,0.057449105,0.057605032,0.057722506,0.057843021,0.058008423,0.058261070,0.058645003,0.059208902,0.060005152,0.061078986,0.062433295,0.064061412,0.065957862,0.068117722,0.070535985,0.073206946,0.076118805,0.079237319,0.082516704,0.085909125,0.089383972,0.092912376,0.096461449,0.099994298,0.103470134,0.106844525,0.110079937,0.113178690,0.116156168,0.119030936,0.121824499,0.121824499,0.121824499,0.121824499,0.121824499,0.121824499,0.121824499,0.121824499,0.121824499,0.121824499,0.121824499,0.121824499,0.121824499,0.121824499,0.121824499,0.121824499,0.121824499,0.121824499,0.121824499,0.121824499,0.121824499,0.121824499,0.121824499,0.121824499,0.121824499,0.121824499,0.121824499,0.121824499,0.121824499,0.121824499,0.121824499,0.121824499,0.121824499,0.121824499,0.121824499,0.121824499,0.121824499,0.121824499,0.121824499,0.121824499,0.121824499,0.121824499,0.121824499,0.121824499,0.121824499,0.121824499,0.121824499,0.121824499,0.121824499,0.121824499,0.121824499,0.121824499,0.121824499,0.121824499,0.121824499,0.121824499,0.121824499,0.121824499,0.121824499,0.121824499,0.121824499,0.121824499,0.121824499,0.121824499,0.121824499,0.121824499,0.121824499,0.121824499,0.121824499,0.121824499,0.121824499,0.121824499,0.121824499,0.121824499,0.121824499,0.121824499,0.121824499,0.121824499,0.121824499,0.121824499,0.121824499,0.121824499,0.121824499,0.121824499,0.121824499,0.121824499,0.121824499,0.121824499,0.121824499,0.121824499,0.121824499,0.121824499,0.121824499,0.121824499,0.121824499,0.121824499,0.121824499,0.121824499,0.121824499,0.121824499,0.121824499,0.121824499,0.121824499,0.121824499,0.121824499,0.121824499,0.121824499,0.121824499,0.121824499,0.121824499,0.121824499,0.121824499,0.121824499,0.121824499,0.121824499,0.121824499,0.121824499,0.121824499,0.121824499,0.121824499,0.121824499,0.121824499,0.121824499,0.121824499,0.121824499,0.121824499,0.121824499,0.121824499,0.121824499,0.121824499,0.121824499,0.121824499,0.121824499,0.121824499,0.121824499,0.121824499,0.121824499,0.121824499,0.121824499,0.121824499,0.121824499,0.121824499,0.121824499,0.121824499,0.121824499,0.121824499,0.121824499,0.121824499,0.121824499,0.121824499,0.121824499,0.121824499,0.121824499,0.121824499,0.121824499,0.121824499,0.121824499,0.121824499,0.121824499,0.121824499,0.121824499,0.121824499,0.121824499,0.121824499,0.121824499,0.121824499
0,1,88,0.044646324,0.044646324,0.044646324,0.044646324,0.044646324,0.044646324,0.044646324,0.044646324,0.044646324,0.044646324,0.044646324,0.044646324,0.044646324,0.044646324,0.044646324,0.044646324,0.044646324,0.044646324,0.044646324,0.044646324,0.044646324,0.044646324,0.044646324,0.044646324,0.044646324,0.044646324,0.044646324,0.046101187,0.047532844,0.048929910,0.050280528,0.051572316,0.052792436,0.053927720,0.054964823,0.055890394,0.056691265,0.057354654,0.057868379,0.058229331,0.058468654,0.058627177,0.058746605,0.058869125,0.059037277,0.059294122,0.059683702,0.060252528,0.061052950,0.062130647,0.063488127,0.065118072,0.067014269,0.069170963,0.071582225,0.074241330,0.077140137,0.080263475,0.083572014,0.087019998,0.090579279,0.094223553,0.097922454,0.101641459,0.105341904,0.108981116,0.112512678,0.115897457,0.119138050,0.122250693,0.125254919,0.125254919,0.125254919,0.125254919,0.125254919,0.125254919,0.125254919,0.125254919,0.125254919,0.125254919,0.125254919,0.125254919,0.125254919,0.125254919,0.125254919,0.125254919,0.125254919,0.125254919,0.125254919,0.125254919,0.125254919,0.125254919,0.125254919,0.125254919,0.125254919,0.125254919,0.125254919,0.125254919,0.125254919,0.125254919,0.125254919,0.125254919,0.125254919,0.125254919,0.125254919,0.125254919,0.125254919,0.125254919,0.125254919,0.125254919,0.125254919,0.125254919,0.125254919,0.125254919,0.125254919,0.125254919,0.125254919,0.125254919,0.125254919,0.125254919,0.125254919,0.125254919,0.125254919,0.125254919,0.125254919,0.125254919,0.125254919,0.125254919,0.125254919,0.125254919,0.125254919,0.125254919,0.125254919,0.125254919,0.125254919,0.125254919,0.125254919,0.125254919,0.125254919,0.125254919,0.125254919,0.125254919,0.125254919,0.125254919,0.125254919,0.125254919,0.125254919,0.125254919,0.125254919,0.125254919,0.125254919,0.125254919,0.125254919,0.125254919,0.125254919,0.125254919,0.125254919,0.125254919,0.125254919,0.125254919,0.125254919,0.125254919,0.125254919,0.125254919,0.125254919,0.125254919,0.125254919,0.125254919,0.125254919,0.125254919,0.125254919,0.125254919,0.125254919,0.125254919,0.125254919,0.125254919,0.125254919,0.125254919,0.125254919,0.125254919,0.125254919,0.125254919,0.125254919,0.125254919,0.125254919,0.125254919,0.125254919,0.125254919,0.125254919,0.125254919,0.125254919,0.125254919,0.125254919,0.125254919,0.125254919,0.125254919,0.125254919,0.125254919,0.125254919,0.125254919,0.125254919,0.125254919,0.125254919,0.125254919,0.125254919,0.125254919,0.125254919,0.125254919,0.125254919,0.125254919,0.125254919,0.125254919,0.125254919,0.125254919,0.125254919,0.125254919,0.125254919,0.125254919,0.125254919,0.125254919,0.125254919,0.125254919,0.125254919,0.125254919,0.125254919,0.125254919,0.125254919,0.125254919,0.125254919,0.125254919,0.125254919,0.125254919,0.125254919,0.125254919,0.125254919,0.125254919,0.125254919
0,1,89,0.046929372,0.046929372,0.046929372,0.046929372,0.046929372,0.046929372,0.046929372,0.046929372,0.046929372,0.046929372,0.046929372,0.046929372,0.046929372,0.046929372,0.046929372,0.046929372,0.046929372,0.046929372,0.046929372,0.046929372,0.046929372,0.046929372,0.046929372,0.046929372,0.046929372,0.046929372,0.046929372,0.048385444,0.049806259,0.051179764,0.052493379,0.053734055,0.054888415,0.055942900,0.056883950,0.057698189,0.058372631,0.058894904,0.059261856,0.059505155,0.059666310,0.059787721,0.059912273,0.060083214,0.060344319,0.060740353,0.061317844,0.062126933,0.063213064,0.064578415,0.066215060,0.068116090,0.070274960,0.072684857,0.075338075,0.078225405,0.081335522,0.084649145,0.088127368,0.091744479,0.095476793,0.099296594,0.103171961,0.107066675,0.110940243,0.114748053,0.118441653,0.121980281,0.125366837,0.128618454,0.128618454,0.128618454,0.128618454,0.128618454,0.128618454,0.128618454,0.128618454,0.128618454,0.128618454,0.128618454,0.128618454,0.128618454,0.128618454,0.128618454,0.128618454,0.128618454,0.128618454,0.128618454,0.128618454,0.128618454,0.128618454,0.128618454,0.128618454,0.128618454,0.128618454,0.128618454,0.128618454,0.128618454,0.128618454,0.128618454,0.128618454,0.128618454,0.128618454,0.128618454,0.128618454,0.128618454,0.128618454,0.128618454,0.128618454,0.128618454,0.128618454,0.128618454,0.128618454,0.128618454,0.128618454,0.128618454,0.128618454,0.128618454,0.128618454,0.128618454,0.128618454,0.128618454,0.128618454,0.128618454,0.128618454,0.128618454,0.128618454,0.128618454,0.128618454,0.128618454,0.128618454,0.128618454,0.128618454,0.128618454,0.128618454,0.128618454,0.128618454,0.128618454,0.128618454,0.128618454,0.128618454,0.128618454,0.128618454,0.128618454,0.128618454,0.128618454,0.128618454,0.128618454,0.128618454,0.128618454,0.128618454,0.128618454,0.128618454,0.128618454,0.128618454,0.128618454,0.128618454,0.128618454,0.128618454,0.128618454,0.128618454,0.128618454,0.128618454,0.128618454,0.128618454,0.128618454,0.128618454,0.128618454,0.128618454,0.128618454,0.128618454,0.128618454,0.128618454,0.128618454,0.128618454,0.128618454,0.128618454,0.128618454,0.128618454,0.128618454,0.128618454,0.128618454,0.128618454,0.128618454,0.128618454,0.128618454,0.128618454,0.128618454,0.128618454,0.128618454,0.128618454,0.128618454,0.128618454,0.128618454,0.128618454,0.128618454,0.128618454,0.128618454,0.128618454,0.128618454,0.128618454,0.128618454,0.128618454,0.128618454,0.128618454,0.128618454,0.128618454,0.128618454,0.128618454,0.128618454,0.128618454,0.128618454,0.128618454,0.128618454,0.128618454,0.128618454,0.128618454,0.128618454,0.128618454,0.128618454,0.128618454,0.128618454,0.128618454,0.128618454,0.128618454,0.128618454,0.128618454,0.128618454,0.128618454,0.128618454,0.128618454,0.128618454,0.128618454,0.128618454,0.128618454,0.128618454,0.128618454
0,1,90,0.049252545,0.049252545,0.049252545,0.049252545,0.049252545,0.049252545,0.049252545,0.049252545,0.049252545,0.049252545,0.049252545,0.049252545,0.049252545,0.049252545,0.049252545,0.049252545,0.049252545,0.049252545,0.049252545,0.049252545,0.049252545,0.049252545,0.049252545,0.049252545,0.049252545,0.049252545,0.049252545,0.050697466,0.052094201,0.053429964,0.054691499,0.055865213,0.056937334,0.057894086,0.058721883,0.059407537,0.059938480,0.060311517,0.060558849,0.060722673,0.060846094,0.060972709,0.061146478,0.061411901,0.061814481,0.062401506,0.063223161,0.064322443,0.065700490,0.067348811,0.069259842,0.071426288,0.073840488,0.076493794,0.079375959,0.082474539,0.085774307,0.089257493,0.092905853,0.096698295,0.100609814,0.104611225,0.108668987,0.112745124,0.116797261,0.120778792,0.124639183,0.128336017,0.131872526,0.131872526,0.131872526,0.131872526,0.131872526,0.131872526,0.131872526,0.131872526,0.131872526,0.131872526,0.131872526,0.131872526,0.131872526,0.131872526,0.131872526,0.131872526,0.131872526,0.131872526,0.131872526,0.131872526,0.131872526,0.131872526,0.131872526,0.131872526,0.131872526,0.131872526,0.131872526,0.131872526,0.131872526,0.131872526,0.131872526,0.131872526,0.131872526,0.131872526,0.131872526,0.131872526,0.131872526,0.131872526,0.131872526,0.131872526,0.131872526,0.131872526,0.131872526,0.131872526,0.131872526,0.131872526,0.131872526,0.131872526,0.131872526,0.131872526,0.131872526,0.131872526,0.131872526,0.131872526,0.131872526,0.131872526,0.131872526,0.131872526,0.131872526,0.131872526,0.131872526,0.131872526,0.131872526,0.131872526,0.131872526,0.131872526,0.131872526,0.131872526,0.131872526,0.131872526,0.131872526,0.131872526,0.131872526,0.131872526,0.131872526,0.131872526,0.131872526,0.131872526,0.131872526,0.131872526,0.131872526,0.131872526,0.131872526,0.131872526,0.131872526,0.131872526,0.131872526,0.131872526,0.131872526,0.131872526,0.131872526,0.131872526,0.131872526,0.131872526,0.131872526,0.131872526,0.131872526,0.131872526,0.131872526,0.131872526,0.131872526,0.131872526,0.131872526,0.131872526,0.131872526,0.131872526,0.131872526,0.131872526,0.131872526,0.131872526,0.131872526,0.131872526,0.131872526,0.131872526,0.131872526,0.131872526,0.131872526,0.131872526,0.131872526,0.131872526,0.131872526,0.131872526,0.131872526,0.131872526,0.131872526,0.131872526,0.131872526,0.131872526,0.131872526,0.131872526,0.131872526,0.131872526,0.131872526,0.131872526,0.131872526,0.131872526,0.131872526,0.131872526,0.131872526,0.131872526,0.131872526,0.131872526,0.131872526,0.131872526,0.131872526,0.131872526,0.131872526,0.131872526,0.131872526,0.131872526,0.131872526,0.131872526,0.131872526,0.131872526,0.131872526,0.131872526,0.131872526,0.131872526,0.131872526,0.131872526,0.131872526,0.131872526,0.131872526,0.131872526,0.131872526,0.131872526,0.131872526,0.131872526,0.131872526
0,1,91,0.051603754,0.051603754,0.051603754,0.051603754,0.051603754,0.051603754,0.051603754,0.051603754,0.051603754,0.051603754,0.051603754,0.051603754,0.051603754,0.051603754,0.051603754,0.051603754,0.051603754,0.051603754,0.051603754,0.051603754,0.051603754,0.051603754,0.051603754,0.051603754,0.051603754,0.051603754,0.051603754,0.053024063,0.054382301,0.055664999,0.056858348,0.057948359,0.058921039,0.059762588,0.060459613,0.060999349,0.061378558,0.061629978,0.061796509,0.061921969,0.062050674,0.062227313,0.062497115,0.062906332,0.063503024,0.064338187,0.065454706,0.066850407,0.068515496,0.070441794,0.072621291,0.075045516,0.077704910,0.080588223,0.083681917,0.086969600,0.090437858,0.094090934,0.097915618,0.101889589,0.105986461,0.110175514,0.114421529,0.118684710,0.122920745,0.127080985,0.131112771,0.134972008,0.134972008,0.134972008,0.134972008,0.134972008,0.134972008,0.134972008,0.134972008,0.134972008,0.134972008,0.134972008,0.134972008,0.134972008,0.134972008,0.134972008,0.134972008,0.134972008,0.134972008,0.134972008,0.134972008,0.134972008,0.134972008,0.134972008,0.134972008,0.134972008,0.134972008,0.134972008,0.134972008,0.134972008,0.134972008,0.134972008,0.134972008,0.134972008,0.134972008,0.134972008,0.134972008,0.134972008,0.134972008,0.134972008,0.134972008,0.134972008,0.134972008,0.134972008,0.134972008,0.134972008,0.134972008,0.134972008,0.134972008,0.134972008,0.134972008,0.134972008,0.134972008,0.134972008,0.134972008,0.134972008,0.134972008,0.134972008,0.134972008,0.134972008,0.134972008,0.134972008,0.134972008,0.134972008,0.134972008,0.134972008,0.134972008,0.134972008,0.134972008,0.134972008,0.134972008,0.134972008,0.134972008,0.134972008,0.134972008,0.134972008,0.134972008,0.134972008,0.134972008,0.134972008,0.134972008,0.134972008,0.134972008,0.134972008,0.134972008,0.134972008,0.134972008,0.134972008,0.134972008,0.134972008,0.134972008,0.134972008,0.134972008,0.134972008,0.134972008,0.134972008,0.134972008,0.134972008,0.134972008,0.134972008,0.134972008,0.134972008,0.134972008,0.134972008,0.134972008,0.134972008,0.134972008,0.134972008,0.134972008,0.134972008,0.134972008,0.134972008,0.134972008,0.134972008,0.134972008,0.134972008,0.134972008,0.134972008,0.134972008,0.134972008,0.134972008,0.134972008,0.134972008,0.134972008,0.134972008,0.134972008,0.134972008,0.134972008,0.134972008,0.134972008,0.134972008,0.134972008,0.134972008,0.134972008,0.134972008,0.134972008,0.134972008,0.134972008,0.134972008,0.134972008,0.134972008,0.134972008,0.134972008,0.134972008,0.134972008,0.134972008,0.134972008,0.134972008,0.134972008,0.134972008,0.134972008,0.134972008,0.134972008,0.134972008,0.134972008,0.134972008,0.134972008,0.134972008,0.134972008,0.134972008,0.134972008,0.134972008,0.134972008,0.134972008,0.134972008,0.134972008,0.134972008,0.134972008,0.134972008,0.134972008,0.134972008
0,1,92,0.053969577,0.053969577,0.053969577,0.053969577,0.053969577,0.053969577,0.053969577,0.053969577,0.053969577,0.053969577,0.053969577,0.053969577,0.053969577,0.053969577,0.053969577,0.053969577,0.053969577,0.053969577,0.053969577,0.053969577,0.053969577,0.053969577,0.053969577,0.053969577,0.053969577,0.053969577,0.053969577,0.055350620,0.056654789,0.057868057,0.058976214,0.059965048,0.060820545,0.061529102,0.062077755,0.062463222,0.062718788,0.062888064,0.063015591,0.063146417,0.063325964,0.063600206,0.064016153,0.064622646,0.065471505,0.066606291,0.068023935,0.069711007,0.071657942,0.073856055,0.076296095,0.078967625,0.081858419,0.084953874,0.088236455,0.091691621,0.095328527,0.099157616,0.103164801,0.107326467,0.111614781,0.115997427,0.120437442,0.124893156,0.129318266,0.133662033,0.137869633,0.137869633,0.137869633,0.137869633,0.137869633,0.137869633,0.137869633,0.137869633,0.137869633,0.137869633,0.137869633,0.137869633,0.137869633,0.137869633,0.137869633,0.137869633,0.137869633,0.137869633,0.137869633,0.137869633,0.137869633,0.137869633,0.137869633,0.137869633,0.137869633,0.137869633,0.137869633,0.137869633,0.137869633,0.137869633,0.137869633,0.137869633,0.137869633,0.137869633,0.137869633,0.137869633,0.137869633,0.137869633,0.137869633,0.137869633,0.137869633,0.137869633,0.137869633,0.137869633,0.137869633,0.137869633,0.137869633,0.137869633,0.137869633,0.137869633,0.137869633,0.137869633,0.137869633,0.137869633,0.137869633,0.137869633,0.137869633,0.137869633,0.137869633,0.137869633,0.137869633,0.137869633,0.137869633,0.137869633,0.137869633,0.137869633,0.137869633,0.137869633,0.137869633,0.137869633,0.137869633,0.137869633,0.137869633,0.137869633,0.137869633,0.137869633,0.137869633,0.137869633,0.137869633,0.137869633,0.137869633,0.137869633,0.137869633,0.137869633,0.137869633,0.137869633,0.137869633,0.137869633,0.137869633,0.137869633,0.137869633,0.137869633,0.137869633,0.137869633,0.137869633,0.137869633,0.137869633,0.137869633,0.137869633,0.137869633,0.137869633,0.137869633,0.137869633,0.137869633,0.137869633,0.137869633,0.137869633,0.137869633,0.137869633,0.137869633,0.137869633,0.137869633,0.137869633,0.137869633,0.137869633,0.137869633,0.137869633,0.137869633,0.137869633,0.137869633,0.137869633,0.137869633,0.137869633,0.137869633,0.137869633,0.137869633,0.137869633,0.137869633,0.137869633,0.137869633,0.137869633,0.137869633,0.137869633,0.137869633,0.137869633,0.137869633,0.137869633,0.137869633,0.137869633,0.137869633,0.137869633,0.137869633,0.137869633,0.137869633,0.137869633,0.137869633,0.137869633,0.137869633,0.137869633,0.137869633,0.137869633,0.137869633,0.137869633,0.137869633,0.137869633,0.137869633,0.137869633,0.137869633,0.137869633,0.137869633,0.137869633,0.137869633,0.137869633,0.137869633,0.137869633,0.137869633,0.137869633,0.137869633,0.137869633,0.137869633,0.137869633
0,1,93,0.056335153,0.056335153,0.056335153,0.056335153,0.056335153,0.056335153,0.056335153,0.056335153,0.056335153,0.056335153,0.056335153,0.056335153,0.056335153,0.056335153,0.056335153,0.056335153,0.056335153,0.056335153,0.056335153,0.056335153,0.056335153,0.056335153,0.056335153,0.056335153,0.056335153,0.056335153,0.056335153,0.057661104,0.058894577,0.060021139,0.061026357,0.061895998,0.062616248,0.063173943,0.063565755,0.063825525,0.063997584,0.064127207,0.064260183,0.064442679,0.064721423,0.065144192,0.065760622,0.066623364,0.067776667,0.069217374,0.070930934,0.072903993,0.075126385,0.077588113,0.080277891,0.083182542,0.086286422,0.089570873,0.093020251,0.096642886,0.100454462,0.104465671,0.108661491,0.113016951,0.117502705,0.122084774,0.126724391,0.131377956,0.135997123,0.140529022,0.140529022,0.140529022,0.140529022,0.140529022,0.140529022,0.140529022,0.140529022,0.140529022,0.140529022,0.140529022,0.140529022,0.140529022,0.140529022,0.140529022,0.140529022,0.140529022,0.140529022,0.140529022,0.140529022,0.140529022,0.140529022,0.140529022,0.140529022,0.140529022,0.140529022,0.140529022,0.140529022,0.140529022,0.140529022,0.140529022,0.140529022,0.140529022,0.140529022,0.140529022,0.140529022,0.140529022,0.140529022,0.140529022,0.140529022,0.140529022,0.140529022,0.140529022,0.140529022,0.140529022,0.140529022,0.140529022,0.140529022,0.140529022,0.140529022,0.140529022,0.140529022,0.140529022,0.140529022,0.140529022,0.140529022,0.140529022,0.140529022,0.140529022,0.140529022,0.140529022,0.140529022,0.140529022,0.140529022,0.140529022,0.140529022,0.140529022,0.140529022,0.140529022,0.140529022,0.140529022,0.140529022,0.140529022,0.140529022,0.140529022,0.140529022,0.140529022,0.140529022,0.140529022,0.140529022,0.140529022,0.140529022,0.140529022,0.140529022,0.140529022,0.140529022,0.140529022,0.140529022,0.140529022,0.140529022,0.140529022,0.140529022,0.140529022,0.140529022,0.140529022,0.140529022,0.140529022,0.140529022,0.140529022,0.140529022,0.140529022,0.140529022,0.140529022,0.140529022,0.140529022,0.140529022,0.140529022,0.140529022,0.140529022,0.140529022,0.140529022,0.140529022,0.140529022,0.140529022,0.140529022,0.140529022,0.140529022,0.140529022,0.140529022,0.140529022,0.140529022,0.140529022,0.140529022,0.140529022,0.140529022,0.140529022,0.140529022,0.140529022,0.140529022,0.140529022,0.140529022,0.140529022,0.140529022,0.140529022,0.140529022,0.140529022,0.140529022,0.140529022,0.140529022,0.140529022,0.140529022,0.140529022,0.140529022,0.140529022,0.140529022,0.140529022,0.140529022,0.140529022,0.140529022,0.140529022,0.140529022,0.140529022,0.140529022,0.140529022,0.140529022,0.140529022,0.140529022,0.140529022,0.140529022,0.140529022,0.140529022,0.140529022,0.140529022,0.140529022,0.140529022,0.140529022,0.140529022,0.140529022,0.140529022,0.140529022,0.140529022,0.140529022
0,1,94,0.058684181,0.058684181,0.058684181,0.058684181,0.058684181,0.058684181,0.058684181,0.058684181,0.058684181,0.058684181,0.058684181,0.058684181,0.058684181,0.058684181,0.058684181,0.058684181,0.058684181,0.058684181,0.058684181,0.058684181,0.058684181,0.058684181,0.058684181,0.058684181,0.058684181,0.058684181,0.058684181,0.059938147,0.061083376,0.062105209,0.062989192,0.063721299,0.064288161,0.064686407,0.064950439,0.065125319,0.065257067,0.065392222,0.065577707,0.065861016,0.066290702,0.066917203,0.067794018,0.068966089,0.070430168,0.072171425,0.074175342,0.076427783,0.078917165,0.081631379,0.084556323,0.087675331,0.090968642,0.094419524,0.098035518,0.101831541,0.105823784,0.110023169,0.114413687,0.118968937,0.123657995,0.128445157,0.133289791,0.138146311,0.142964282,0.142964282,0.142964282,0.142964282,0.142964282,0.142964282,0.142964282,0.142964282,0.142964282,0.142964282,0.142964282,0.142964282,0.142964282,0.142964282,0.142964282,0.142964282,0.142964282,0.142964282,0.142964282,0.142964282,0.142964282,0.142964282,0.142964282,0.142964282,0.142964282,0.142964282,0.142964282,0.142964282,0.142964282,0.142964282,0.142964282,0.142964282,0.142964282,0.142964282,0.142964282,0.142964282,0.142964282,0.142964282,0.142964282,0.142964282,0.142964282,0.142964282,0.142964282,0.142964282,0.142964282,0.142964282,0.142964282,0.142964282,0.142964282,0.142964282,0.142964282,0.142964282,0.142964282,0.142964282,0.142964282,0.142964282,0.142964282,0.142964282,0.142964282,0.142964282,0.142964282,0.142964282,0.142964282,0.142964282,0.142964282,0.142964282,0.142964282,0.142964282,0.142964282,0.142964282,0.142964282,0.142964282,0.142964282,0.142964282,0.142964282,0.142964282,0.142964282,0.142964282,0.142964282,0.142964282,0.142964282,0.142964282,0.142964282,0.142964282,0.142964282,0.142964282,0.142964282,0.142964282,0.142964282,0.142964282,0.142964282,0.142964282,0.142964282,0.142964282,0.142964282,0.142964282,0.142964282,0.142964282,0.142964282,0.142964282,0.142964282,0.142964282,0.142964282,0.142964282,0.142964282,0.142964282,0.142964282,0.142964282,0.142964282,0.142964282,0.142964282,0.142964282,0.142964282,0.142964282,0.142964282,0.142964282,0.142964282,0.142964282,0.142964282,0.142964282,0.142964282,0.142964282,0.142964282,0.142964282,0.142964282,0.142964282,0.142964282,0.142964282,0.142964282,0.142964282,0.142964282,0.142964282,0.142964282,0.142964282,0.142964282,0.142964282,0.142964282,0.142964282,0.142964282,0.142964282,0.142964282,0.142964282,0.142964282,0.142964282,0.142964282,0.142964282,0.142964282,0.142964282,0.142964282,0.142964282,0.142964282,0.142964282,0.142964282,0.142964282,0.142964282,0.142964282,0.142964282,0.142964282,0.142964282,0.142964282,0.142964282,0.142964282,0.142964282,0.142964282,0.142964282,0.142964282,0.142964282,0.142964282,0.142964282,0.142964282,0.142964282,0.142964282,0.142964282
0,1,95,0.060999011,0.060999011,0.060999011,0.060999011,0.060999011,0.060999011,0.060999011,0.060999011,0.060999011,0.060999011,0.060999011,0.060999011,0.060999011,0.060999011,0.060999011,0.060999011,0.060999011,0.060999011,0.060999011,0.060999011,0.060999011,0.060999011,0.060999011,0.060999011,0.060999011,0.060999011,0.060999011,0.062163169,0.063201849,0.064100375,0.064844503,0.065420659,0.065825426,0.066093779,0.066271520,0.066405422,0.066542785,0.066731302,0.067019237,0.067455933,0.068092644,0.068983721,0.070174812,0.071662577,0.073431896,0.075467964,0.077755428,0.080278530,0.083023457,0.085975202,0.089116100,0.092425295,0.095884988,0.099501957,0.103290392,0.107265691,0.111444542,0.115838080,0.120429244,0.125190139,0.130088196,0.135085917,0.140140749,0.145205070,0.145205070,0.145205070,0.145205070,0.145205070,0.145205070,0.145205070,0.145205070,0.145205070,0.145205070,0.145205070,0.145205070,0.145205070,0.145205070,0.145205070,0.145205070,0.145205070,0.145205070,0.145205070,0.145205070,0.145205070,0.145205070,0.145205070,0.145205070,0.145205070,0.145205070,0.145205070,0.145205070,0.145205070,0.145205070,0.145205070,0.145205070,0.145205070,0.145205070,0.145205070,0.145205070,0.145205070,0.145205070,0.145205070,0.145205070,0.145205070,0.145205070,0.145205070,0.145205070,0.145205070,0.145205070,0.145205070,0.145205070,0.145205070,0.145205070,0.145205070,0.145205070,0.145205070,0.145205070,0.145205070,0.145205070,0.145205070,0.145205070,0.145205070,0.145205070,0.145205070,0.145205070,0.145205070,0.145205070,0.145205070,0.145205070,0.145205070,0.145205070,0.145205070,0.145205070,0.145205070,0.145205070,0.145205070,0.145205070,0.145205070,0.145205070,0.145205070,0.145205070,0.145205070,0.145205070,0.145205070,0.145205070,0.145205070,0.145205070,0.145205070,0.145205070,0.145205070,0.145205070,0.145205070,0.145205070,0.145205070,0.145205070,0.145205070,0.145205070,0.145205070,0.145205070,0.145205070,0.145205070,0.145205070,0.145205070,0.145205070,0.145205070,0.145205070,0.145205070,0.145205070,0.145205070,0.145205070,0.145205070,0.145205070,0.145205070,0.145205070,0.145205070,0.145205070,0.145205070,0.145205070,0.145205070,0.145205070,0.145205070,0.145205070,0.145205070,0.145205070,0.145205070,0.145205070,0.145205070,0.145205070,0.145205070,0.145205070,0.145205070,0.145205070,0.145205070,0.145205070,0.145205070,0.145205070,0.145205070,0.145205070,0.145205070,0.145205070,0.145205070,0.145205070,0.145205070,0.145205070,0.145205070,0.145205070,0.145205070,0.145205070,0.145205070,0.145205070,0.145205070,0.145205070,0.145205070,0.145205070,0.145205070,0.145205070,0.145205070,0.145205070,0.145205070,0.145205070,0.145205070,0.145205070,0.145205070,0.145205070,0.145205070,0.145205070,0.145205070,0.145205070,0.145205070,0.145205070,0.145205070,0.145205070,0.145205070,0.145205070,0.145205070,0.145205070,0.145205070
0,1,96,0.063260763,0.063260763,0.063260763,0.063260763,0.063260763,0.063260763,0.063260763,0.063260763,0.063260763,0.063260763,0.063260763,0.063260763,0.063260763,0.063260763,0.063260763,0.063260763,0.063260763,0.063260763,0.063260763,0.063260763,0.063260763,0.063260763,0.063260763,0.063260763,0.063260763,0.063260763,0.063260763,0.064316525,0.065229795,0.065986110,0.066571687,0.066983066,0.067255798,0.067436438,0.067572524,0.067712126,0.067903714,0.068196339,0.068640140,0.069287198,0.070192731,0.071403096,0.072914859,0.074712608,0.076781244,0.079105108,0.081667153,0.084449163,0.087434304,0.090603921,0.093936082,0.097411929,0.101037503,0.104826300,0.108792963,0.112953360,0.117324671,0.121918218,0.126715826,0.131688039,0.136800569,0.142014068,0.147284001,0.147284001,0.147284001,0.147284001,0.147284001,0.147284001,0.147284001,0.147284001,0.147284001,0.147284001,0.147284001,0.147284001,0.147284001,0.147284001,0.147284001,0.147284001,0.147284001,0.147284001,0.147284001,0.147284001,0.147284001,0.147284001,0.147284001,0.147284001,0.147284001,0.147284001,0.147284001,0.147284001,0.147284001,0.147284001,0.147284001,0.147284001,0.147284001,0.147284001,0.147284001,0.147284001,0.147284001,0.147284001,0.147284001,0.147284001,0.147284001,0.147284001,0.147284001,0.147284001,0.147284001,0.147284001,0.147284001,0.147284001,0.147284001,0.147284001,0.147284001,0.147284001,0.147284001,0.147284001,0.147284001,0.147284001,0.147284001,0.147284001,0.147284001,0.147284001,0.147284001,0.147284001,0.147284001,0.147284001,0.147284001,0.147284001,0.147284001,0.147284001,0.147284001,0.147284001,0.147284001,0.147284001,0.147284001,0.147284001,0.147284001,0.147284001,0.147284001,0.147284001,0.147284001,0.147284001,0.147284001,0.147284001,0.147284001,0.147284001,0.147284001,0.147284001,0.147284001,0.147284001,0.147284001,0.147284001,0.147284001,0.147284001,0.147284001,0.147284001,0.147284001,0.147284001,0.147284001,0.147284001,0.147284001,0.147284001,0.147284001,0.147284001,0.147284001,0.147284001,0.147284001,0.147284001,0.147284001,0.147284001,0.147284001,0.147284001,0.147284001,0.147284001,0.147284001,0.147284001,0.147284001,0.147284001,0.147284001,0.147284001,0.147284001,0.147284001,0.147284001,0.147284001,0.147284001,0.147284001,0.147284001,0.147284001,0.147284001,0.147284001,0.147284001,0.147284001,0.147284001,0.147284001,0.147284001,0.147284001,0.147284001,0.147284001,0.147284001,0.147284001,0.147284001,0.147284001,0.147284001,0.147284001,0.147284001,0.147284001,0.147284001,0.147284001,0.147284001,0.147284001,0.147284001,0.147284001,0.147284001,0.147284001,0.147284001,0.147284001,0.147284001,0.147284001,0.147284001,0.147284001,0.147284001,0.147284001,0.147284001,0.147284001,0.147284001,0.147284001,0.147284001,0.147284001,0.147284001,0.147284001,0.147284001,0.147284001,0.147284001,0.147284001,0.147284001,0.147284001,0.147284001
0,1,97,0.065449488,0.065449488,0.065449488,0.065449488,0.065449488,0.065449488,0.065449488,0.065449488,0.065449488,0.065449488,0.065449488,0.065449488,0.065449488,0.065449488,0.065449488,0.065449488,0.065449488,0.065449488,0.065449488,0.065449488,0.065449488,0.065449488,0.065449488,0.065449488,0.065449488,0.065449488,0.065449488,0.066377704,0.067146372,0.067741499,0.068159579,0.068436750,0.068620329,0.068758627,0.068900499,0.069095200,0.069392577,0.069843580,0.070501124,0.071421304,0.072651199,0.074187276,0.076013824,0.078115447,0.080476172,0.083078616,0.085903189,0.088928409,0.092133659,0.095495938,0.098995337,0.102637182,0.106434301,0.110400619,0.114551224,0.118902446,0.123471940,0.128271192,0.133280850,0.138469822,0.143802038,0.149236233,0.149236233,0.149236233,0.149236233,0.149236233,0.149236233,0.149236233,0.149236233,0.149236233,0.149236233,0.149236233,0.149236233,0.149236233,0.149236233,0.149236233,0.149236233,0.149236233,0.149236233,0.149236233,0.149236233,0.149236233,0.149236233,0.149236233,0.149236233,0.149236233,0.149236233,0.149236233,0.149236233,0.149236233,0.149236233,0.149236233,0.149236233,0.149236233,0.149236233,0.149236233,0.149236233,0.149236233,0.149236233,0.149236233,0.149236233,0.149236233,0.149236233,0.149236233,0.149236233,0.149236233,0.149236233,0.149236233,0.149236233,0.149236233,0.149236233,0.149236233,0.149236233,0.149236233,0.149236233,0.149236233,0.149236233,0.149236233,0.149236233,0.149236233,0.149236233,0.149236233,0.149236233,0.149236233,0.149236233,0.149236233,0.149236233,0.149236233,0.149236233,0.149236233,0.149236233,0.149236233,0.149236233,0.149236233,0.149236233,0.149236233,0.149236233,0.149236233,0.149236233,0.149236233,0.149236233,0.149236233,0.149236233,0.149236233,0.149236233,0.149236233,0.149236233,0.149236233,0.149236233,0.149236233,0.149236233,0.149236233,0.149236233,0.149236233,0.149236233,0.149236233,0.149236233,0.149236233,0.149236233,0.149236233,0.149236233,0.149236233,0.149236233,0.149236233,0.149236233,0.149236233,0.149236233,0.149236233,0.149236233,0.149236233,0.149236233,0.149236233,0.149236233,0.149236233,0.149236233,0.149236233,0.149236233,0.149236233,0.149236233,0.149236233,0.149236233,0.149236233,0.149236233,0.149236233,0.149236233,0.149236233,0.149236233,0.149236233,0.149236233,0.149236233,0.149236233,0.149236233,0.149236233,0.149236233,0.149236233,0.149236233,0.149236233,0.149236233,0.149236233,0.149236233,0.149236233,0.149236233,0.149236233,0.149236233,0.149236233,0.149236233,0.149236233,0.149236233,0.149236233,0.149236233,0.149236233,0.149236233,0.149236233,0.149236233,0.149236233,0.149236233,0.149236233,0.149236233,0.149236233,0.149236233,0.149236233,0.149236233,0.149236233,0.149236233,0.149236233,0.149236233,0.149236233,0.149236233,0.149236233,0.149236233,0.149236233,0.149236233,0.149236233,0.149236233,0.149236233,0.149236233,0.149236233
0,1,98,0.067544354,0.067544354,0.067544354,0.067544354,0.067544354,0.067544354,0.067544354,0.067544354,0.067544354,0.067544354,0.067544354,0.067544354,0.067544354,0.067544354,0.067544354,0.067544354,0.067544354,0.067544354,0.067544354,0.067544354,0.067544354,0.067544354,0.067544354,0.067544354,0.067544354,0.067544354,0.067544354,0.068325544,0.068930349,0.069355220,0.069636890,0.069823447,0.069963988,0.070108160,0.070306016,0.070608208,0.071066509,0.071734678,0.072669700,0.073919381,0.075480089,0.077335809,0.079470838,0.081868887,0.084512229,0.087380898,0.090451938,0.093699822,0.097099453,0.100629874,0.104295711,0.108109149,0.112083422,0.116232873,0.120573027,0.125120665,0.129893900,0.134904350,0.140131424,0.145542319,0.151099118,0.151099118,0.151099118,0.151099118,0.151099118,0.151099118,0.151099118,0.151099118,0.151099118,0.151099118,0.151099118,0.151099118,0.151099118,0.151099118,0.151099118,0.151099118,0.151099118,0.151099118,0.151099118,0.151099118,0.151099118,0.151099118,0.151099118,0.151099118,0.151099118,0.151099118,0.151099118,0.151099118,0.151099118,0.151099118,0.151099118,0.151099118,0.151099118,0.151099118,0.151099118,0.151099118,0.151099118,0.151099118,0.151099118,0.151099118,0.151099118,0.151099118,0.151099118,0.151099118,0.151099118,0.151099118,0.151099118,0.151099118,0.151099118,0.151099118,0.151099118,0.151099118,0.151099118,0.151099118,0.151099118,0.151099118,0.151099118,0.151099118,0.151099118,0.151099118,0.151099118,0.151099118,0.151099118,0.151099118,0.151099118,0.151099118,0.151099118,0.151099118,0.151099118,0.151099118,0.151099118,0.151099118,0.151099118,0.151099118,0.151099118,0.151099118,0.151099118,0.151099118,0.151099118,0.151099118,0.151099118,0.151099118,0.151099118,0.151099118,0.151099118,0.151099118,0.151099118,0.151099118,0.151099118,0.151099118,0.151099118,0.151099118,0.151099118,0.151099118,0.151099118,0.151099118,0.151099118,0.151099118,0.151099118,0.151099118,0.151099118,0.151099118,0.151099118,0.151099118,0.151099118,0.151099118,0.151099118,0.151099118,0.151099118,0.151099118,0.151099118,0.151099118,0.151099118,0.151099118,0.151099118,0.151099118,0.151099118,0.151099118,0.151099118,0.151099118,0.151099118,0.151099118,0.151099118,0.151099118,0.151099118,0.151099118,0.151099118,0.151099118,0.151099118,0.151099118,0.151099118,0.151099118,0.151099118,0.151099118,0.151099118,0.151099118,0.151099118,0.151099118,0.151099118,0.151099118,0.151099118,0.151099118,0.151099118,0.151099118,0.151099118,0.151099118,0.151099118,0.151099118,0.151099118,0.151099118,0.151099118,0.151099118,0.151099118,0.151099118,0.151099118,0.151099118,0.151099118,0.151099118,0.151099118,0.151099118,0.151099118,0.151099118,0.151099118,0.151099118,0.151099118,0.151099118,0.151099118,0.151099118,0.151099118,0.151099118,0.151099118,0.151099118,0.151099118,0.151099118,0.151099118,0.151099118,0.151099118
0,1,99,0.069523879,0.069523879,0.069523879,0.069523879,0.069523879,0.069523879,0.069523879,0.069523879,0.069523879,0.069523879,0.069523879,0.069523879,0.069523879,0.069523879,0.069523879,0.069523879,0.069523879,0.069523879,0.069523879,0.069523879,0.069523879,0.069523879,0.069523879,0.069523879,0.069523879,0.069523879,0.069523879,0.070138494,0.070570247,0.070856476,0.071046050,0.071188864,0.071335366,0.071536419,0.071843492,0.072309186,0.072988121,0.073938179,0.075207905,0.076793563,0.078678827,0.080847684,0.083283521,0.085968261,0.088881555,0.092000020,0.095296545,0.098740848,0.102309844,0.106007467,0.109845277,0.113835840,0.117992784,0.122330865,0.126866033,0.131615501,0.136597822,0.141824715,0.147274281,0.152911936,0.152911936,0.152911936,0.152911936,0.152911936,0.152911936,0.152911936,0.152911936,0.152911936,0.152911936,0.152911936,0.152911936,0.152911936,0.152911936,0.152911936,0.152911936,0.152911936,0.152911936,0.152911936,0.152911936,0.152911936,0.152911936,0.152911936,0.152911936,0.152911936,0.152911936,0.152911936,0.152911936,0.152911936,0.152911936,0.152911936,0.152911936,0.152911936,0.152911936,0.152911936,0.152911936,0.152911936,0.152911936,0.152911936,0.152911936,0.152911936,0.152911936,0.152911936,0.152911936,0.152911936,0.152911936,0.152911936,0.152911936,0.152911936,0.152911936,0.152911936,0.152911936,0.152911936,0.152911936,0.152911936,0.152911936,0.152911936,0.152911936,0.152911936,0.152911936,0.152911936,0.152911936,0.152911936,0.152911936,0.152911936,0.152911936,0.152911936,0.152911936,0.152911936,0.152911936,0.152911936,0.152911936,0.152911936,0.152911936,0.152911936,0.152911936,0.152911936,0.152911936,0.152911936,0.152911936,0.152911936,0.152911936,0.152911936,0.152911936,0.152911936,0.152911936,0.152911936,0.152911936,0.152911936,0.152911936,0.152911936,0.152911936,0.152911936,0.152911936,0.152911936,0.152911936,0.152911936,0.152911936,0.152911936,0.152911936,0.152911936,0.152911936,0.152911936,0.152911936,0.152911936,0.152911936,0.152911936,0.152911936,0.152911936,0.152911936,0.152911936,0.152911936,0.152911936,0.152911936,0.152911936,0.152911936,0.152911936,0.152911936,0.152911936,0.152911936,0.152911936,0.152911936,0.152911936,0.152911936,0.152911936,0.152911936,0.152911936,0.152911936,0.152911936,0.152911936,0.152911936,0.152911936,0.152911936,0.152911936,0.152911936,0.152911936,0.152911936,0.152911936,0.152911936,0.152911936,0.152911936,0.152911936,0.152911936,0.152911936,0.152911936,0.152911936,0.152911936,0.152911936,0.152911936,0.152911936,0.152911936,0.152911936,0.152911936,0.152911936,0.152911936,0.152911936,0.152911936,0.152911936,0.152911936,0.152911936,0.152911936,0.152911936,0.152911936,0.152911936,0.152911936,0.152911936,0.152911936,0.152911936,0.152911936,0.152911936,0.152911936,0.152911936,0.152911936,0.152911936,0.152911936,0.152911936,0.152911936,0.152911936